[{"diff0": ["class CoverageTest {public void testHostOsInstance(){HostOs hostOs=new HostOs();assertNotNull(hostOs);}}\n", "class CoverageTest {public void testHeaderInstances(){assertNotNull(new LocalFileHeader.FileTypes());assertNotNull(new LocalFileHeader.Methods());assertNotNull(new LocalFileHeader.Flags());assertNotNull(new MainHeader.Flags());}}\n", "class CoverageTest {public void testCallLFHToString(){LocalFileHeader lfh=new LocalFileHeader();assertNotNull(lfh.toString());}}\n"]}, {"content": "public void testDecodeWithEmptyString(){AES256SHA256Decoder aES256SHA256Decoder=new AES256SHA256Decoder();BufferedInputStream bufferedInputStream=new BufferedInputStream(null,1801);Coder coder=new Coder();byte[] byteArray=new byte[2];coder.properties=byteArray;InputStream inputStream=aES256SHA256Decoder.decode(\"\",bufferedInputStream,1801,coder,byteArray);assertArrayEquals(new byte[]{(byte)0,(byte)0},byteArray);assertNotNull(inputStream);ObjectInputStream objectInputStream=null;try {  objectInputStream=new ObjectInputStream(inputStream);  fail(\"Expecting exception: IOException\");} catch (Throwable e) {  assertEquals(\"Decryption error (do you have the JCE Unlimited Strength Jurisdiction Policy Files installed?)\",e.getMessage());  assertEquals(\"org.apache.commons.compress.archivers.sevenz.AES256SHA256Decoder$1\",e.getStackTrace()[0].getClassName());}}", "fail": 1}, {"content": "public void testDecodeWithNonEmptyString(){AES256SHA256Decoder aES256SHA256Decoder=new AES256SHA256Decoder();BufferedInputStream bufferedInputStream=new BufferedInputStream(null,3138);Coder coder=new Coder();byte[] byteArray=new byte[8];byteArray[1]=(byte)(-72);coder.properties=byteArray;InputStream inputStream=aES256SHA256Decoder.decode(\"x\",bufferedInputStream,3138,coder,coder.properties);ObjectInputStream objectInputStream=null;try {  objectInputStream=new ObjectInputStream(inputStream);  fail(\"Expecting exception: IOException\");} catch (Throwable e) {  assertEquals(\"Salt size + IV size too long in x\",e.getMessage());  assertEquals(\"org.apache.commons.compress.archivers.sevenz.AES256SHA256Decoder$1\",e.getStackTrace()[0].getClassName());}}", "fail": 0}]