[{"diff0": ["class ZipSplitReadOnlySeekableByteChannel {public ZipSplitReadOnlySeekableByteChannel(List<SeekableByteChannel> channels){super(channels);assertSplitSignature(channels);}}\n", "class ZipSplitReadOnlySeekableByteChannel {public void assertSplitSignature(final List<SeekableByteChannel> channels){SeekableByteChannel channel=channels.get(0);channel.position(0L);zipSplitSignatureByteBuffer.rewind();channel.read(zipSplitSignatureByteBuffer);final ZipLong signature=new ZipLong(zipSplitSignatureByteBuffer.array());if (!signature.equals(ZipLong.DD_SIG)) {  channel.position(0L);  throw new IOException(\"The first zip split segment does not begin with split zip file signature\");}channel.position(0L);}}\n", "class ZipSplitReadOnlySeekableByteChannel {public SeekableByteChannel forOrderedSeekableByteChannels(SeekableByteChannel... channels){if (Objects.requireNonNull(channels,\"channels must not be null\").length == 1) {  return channels[0];}return new ZipSplitReadOnlySeekableByteChannel(Arrays.asList(channels));}}\n", "class ZipSplitReadOnlySeekableByteChannel {public SeekableByteChannel forOrderedSeekableByteChannels(SeekableByteChannel lastSegmentChannel, Iterable<SeekableByteChannel> channels){Objects.requireNonNull(channels,\"channels\");Objects.requireNonNull(lastSegmentChannel,\"lastSegmentChannel\");List<SeekableByteChannel> channelsList=new ArrayList<>();for (SeekableByteChannel channel : channels) {  channelsList.add(channel);}channelsList.add(lastSegmentChannel);SeekableByteChannel[] channelArray=new SeekableByteChannel[channelsList.size()];return forOrderedSeekableByteChannels(channelsList.toArray(channelArray));}}\n", "class ZipSplitReadOnlySeekableByteChannel {public SeekableByteChannel buildFromLastSplitSegment(File lastSegmentFile){String extension=FileNameUtils.getExtension(lastSegmentFile.getCanonicalPath());if (!extension.equalsIgnoreCase(ArchiveStreamFactory.ZIP)) {  throw new IllegalArgumentException(\"The extension of last zip split segment should be .zip\");}File parent=lastSegmentFile.getParentFile();String fileBaseName=FileNameUtils.getBaseName(lastSegmentFile.getCanonicalPath());ArrayList<File> splitZipSegments=new ArrayList<>();Pattern pattern=Pattern.compile(Pattern.quote(fileBaseName) + \".[zZ][0-9]+\");for (File file : parent.listFiles()) {  if (!pattern.matcher(file.getName()).matches()) {    continue;  }  splitZipSegments.add(file);}Collections.sort(splitZipSegments,new ZipSplitSegmentComparator());return forFiles(lastSegmentFile,splitZipSegments);}}\n", "class ZipSplitReadOnlySeekableByteChannel {public SeekableByteChannel forFiles(File... files){List<SeekableByteChannel> channels=new ArrayList<>();for (File f : Objects.requireNonNull(files,\"files must not be null\")) {  channels.add(Files.newByteChannel(f.toPath(),StandardOpenOption.READ));}if (channels.size() == 1) {  return channels.get(0);}return new ZipSplitReadOnlySeekableByteChannel(channels);}}\n", "class ZipSplitReadOnlySeekableByteChannel {public SeekableByteChannel forFiles(File lastSegmentFile, Iterable<File> files){Objects.requireNonNull(files,\"files\");Objects.requireNonNull(lastSegmentFile,\"lastSegmentFile\");List<File> filesList=new ArrayList<>();for (File f : files) {  filesList.add(f);}filesList.add(lastSegmentFile);File[] filesArray=new File[filesList.size()];return forFiles(filesList.toArray(filesArray));}}\n"]}, {"content": "public void testCachingIsEnabledByDefaultAndBrotliIsPresent(){assertEquals(BrotliUtils.CachedAvailability.CACHED_AVAILABLE,BrotliUtils.getCachedBrotliAvailability());assertTrue(BrotliUtils.isBrotliCompressionAvailable());}", "fail": 1}, {"content": "public void testBrotliDecode(){final File input=getFile(\"brotli.testdata.compressed\");final File expected=getFile(\"brotli.testdata.uncompressed\");try (InputStream inputStream=new FileInputStream(input);BrotliCompressorInputStream brotliInputStream=new BrotliCompressorInputStream(inputStream)){  final byte[] b=new byte[20];  IOUtils.read(expected,b);  final ByteArrayOutputStream bos=new ByteArrayOutputStream();  int readByte=-1;  while ((readByte=brotliInputStream.read()) != -1) {    bos.write(readByte);  }  Assert.assertArrayEquals(b,bos.toByteArray());} }", "fail": 0}, {"content": "public void testCanTurnOffCaching(){try {  BrotliUtils.setCacheBrotliAvailablity(false);  assertEquals(BrotliUtils.CachedAvailability.DONT_CACHE,BrotliUtils.getCachedBrotliAvailability());  assertTrue(BrotliUtils.isBrotliCompressionAvailable());}  finally {  BrotliUtils.setCacheBrotliAvailablity(true);}}", "fail": 0}, {"content": "public void testTurningOnCachingReEvaluatesAvailability(){try {  BrotliUtils.setCacheBrotliAvailablity(false);  assertEquals(BrotliUtils.CachedAvailability.DONT_CACHE,BrotliUtils.getCachedBrotliAvailability());  BrotliUtils.setCacheBrotliAvailablity(true);  assertEquals(BrotliUtils.CachedAvailability.CACHED_AVAILABLE,BrotliUtils.getCachedBrotliAvailability());}  finally {  BrotliUtils.setCacheBrotliAvailablity(true);}}", "fail": 0}, {"content": "public void availableShouldReturnZero(){final File input=getFile(\"brotli.testdata.compressed\");try (InputStream is=new FileInputStream(input)){  final BrotliCompressorInputStream in=new BrotliCompressorInputStream(is);  Assert.assertTrue(in.available() == 0);  in.close();} }", "fail": 0}, {"content": "public void shouldBeAbleToSkipAByte(){final File input=getFile(\"brotli.testdata.compressed\");try (InputStream is=new FileInputStream(input)){  final BrotliCompressorInputStream in=new BrotliCompressorInputStream(is);  Assert.assertEquals(1,in.skip(1));  in.close();} }", "fail": 0}, {"content": "public void singleByteReadWorksAsExpected(){final File input=getFile(\"brotli.testdata.compressed\");try (InputStream is=new FileInputStream(input)){  final BrotliCompressorInputStream in=new BrotliCompressorInputStream(is);  Assert.assertEquals('X',in.read());  in.close();} }", "fail": 0}, {"content": "public void singleByteReadConsistentlyReturnsMinusOneAtEof(){final File input=getFile(\"brotli.testdata.compressed\");try (InputStream is=new FileInputStream(input)){  final BrotliCompressorInputStream in=new BrotliCompressorInputStream(is);  IOUtils.toByteArray(in);  Assert.assertEquals(-1,in.read());  Assert.assertEquals(-1,in.read());  in.close();} }", "fail": 0}, {"content": "public void multiByteReadConsistentlyReturnsMinusOneAtEof(){final File input=getFile(\"brotli.testdata.compressed\");byte[] buf=new byte[2];try (InputStream is=new FileInputStream(input)){  final BrotliCompressorInputStream in=new BrotliCompressorInputStream(is);  IOUtils.toByteArray(in);  Assert.assertEquals(-1,in.read(buf));  Assert.assertEquals(-1,in.read(buf));  in.close();} }", "fail": 0}, {"content": "public void testBrotliUnarchive(){final File input=getFile(\"bla.tar.br\");final File output=new File(dir,\"bla.tar\");try (InputStream is=new FileInputStream(input)){  final CompressorInputStream in=new CompressorStreamFactory().createCompressorInputStream(\"br\",is);  FileOutputStream out=null;  try {    out=new FileOutputStream(output);    IOUtils.copy(in,out);  }  finally {    if (out != null) {      out.close();    }    in.close();  }} }", "fail": 0}, {"content": "public void testCachingIsEnabledByDefaultAndZstdUtilsPresent(){assertEquals(ZstdUtils.CachedAvailability.CACHED_AVAILABLE,ZstdUtils.getCachedZstdAvailability());assertTrue(ZstdUtils.isZstdCompressionAvailable());}", "fail": 1}, {"content": "public void testZstdDecode(){final File input=getFile(\"zstandard.testdata.zst\");final File expected=getFile(\"zstandard.testdata\");try (InputStream inputStream=new FileInputStream(input);ZstdCompressorInputStream zstdInputStream=new ZstdCompressorInputStream(inputStream)){  final byte[] b=new byte[97];  IOUtils.read(expected,b);  final ByteArrayOutputStream bos=new ByteArrayOutputStream();  int readByte=-1;  while ((readByte=zstdInputStream.read()) != -1) {    bos.write(readByte);  }  Assert.assertArrayEquals(b,bos.toByteArray());} }", "fail": 0}, {"content": "public void testCanTurnOffCaching(){try {  ZstdUtils.setCacheZstdAvailablity(false);  assertEquals(ZstdUtils.CachedAvailability.DONT_CACHE,ZstdUtils.getCachedZstdAvailability());  assertTrue(ZstdUtils.isZstdCompressionAvailable());}  finally {  ZstdUtils.setCacheZstdAvailablity(true);}}", "fail": 0}, {"content": "public void testTurningOnCachingReEvaluatesAvailability(){try {  ZstdUtils.setCacheZstdAvailablity(false);  assertEquals(ZstdUtils.CachedAvailability.DONT_CACHE,ZstdUtils.getCachedZstdAvailability());  ZstdUtils.setCacheZstdAvailablity(true);  assertEquals(ZstdUtils.CachedAvailability.CACHED_AVAILABLE,ZstdUtils.getCachedZstdAvailability());}  finally {  ZstdUtils.setCacheZstdAvailablity(true);}}", "fail": 0}, {"content": "public void shouldBeAbleToSkipAByte(){final File input=getFile(\"zstandard.testdata.zst\");try (InputStream is=new FileInputStream(input)){  final ZstdCompressorInputStream in=new ZstdCompressorInputStream(is);  Assert.assertEquals(1,in.skip(1));  in.close();} }", "fail": 0}, {"content": "public void singleByteReadWorksAsExpected(){final File input=getFile(\"zstandard.testdata.zst\");final File original=getFile(\"zstandard.testdata\");final long originalFileLength=original.length();byte[] originalFileContent=new byte[((int)originalFileLength)];try (InputStream ois=new FileInputStream(original)){  ois.read(originalFileContent);} try (InputStream is=new FileInputStream(input)){  final ZstdCompressorInputStream in=new ZstdCompressorInputStream(is);  Assert.assertEquals(originalFileContent[0],in.read());  in.close();} }", "fail": 0}, {"content": "public void singleByteReadConsistentlyReturnsMinusOneAtEof(){final File input=getFile(\"zstandard.testdata.zst\");try (InputStream is=new FileInputStream(input)){  final ZstdCompressorInputStream in=new ZstdCompressorInputStream(is);  IOUtils.toByteArray(in);  Assert.assertEquals(-1,in.read());  Assert.assertEquals(-1,in.read());  in.close();} }", "fail": 0}, {"content": "public void multiByteReadConsistentlyReturnsMinusOneAtEof(){final File input=getFile(\"zstandard.testdata.zst\");byte[] buf=new byte[2];try (InputStream is=new FileInputStream(input)){  final ZstdCompressorInputStream in=new ZstdCompressorInputStream(is);  IOUtils.toByteArray(in);  Assert.assertEquals(-1,in.read(buf));  Assert.assertEquals(-1,in.read(buf));  in.close();} }", "fail": 0}, {"content": "public void testZstandardUnarchive(){final File input=getFile(\"bla.tar.zst\");final File output=new File(dir,\"bla.tar\");try (InputStream is=new FileInputStream(input)){  final CompressorInputStream in=new CompressorStreamFactory().createCompressorInputStream(\"zstd\",is);  FileOutputStream out=null;  try {    out=new FileOutputStream(output);    IOUtils.copy(in,out);  }  finally {    if (out != null) {      out.close();    }    in.close();  }} }", "fail": 0}]