[{"diff0": ["class FileBasedScatterGatherBackingStore {public FileBasedScatterGatherBackingStore(final File target){this.target=target;try {  os=Files.newOutputStream(target.toPath());} catch (FileNotFoundException ex) {  throw ex;}catch (IOException ex) {  throw new RuntimeException(ex);}}}\n", "class FileBasedScatterGatherBackingStore {public InputStream getInputStream(){return Files.newInputStream(target.toPath());}}\n", "class FileBasedScatterGatherBackingStore {public void closeForWriting(){if (!closed) {  os.close();  closed=true;}}}\n", "class FileBasedScatterGatherBackingStore {public void writeOut(final byte data, final int offset, final int length){os.write(data,offset,length);}}\n", "class FileBasedScatterGatherBackingStore {public void close(){try {  closeForWriting();}  finally {  if (target.exists() && !target.delete()) {    target.deleteOnExit();  }}}}\n"]}, {"content": "public void testCachingIsEnabledByDefaultAndBrotliIsPresent(){assertEquals(BrotliUtils.CachedAvailability.CACHED_AVAILABLE,BrotliUtils.getCachedBrotliAvailability());assertTrue(BrotliUtils.isBrotliCompressionAvailable());}", "fail": 1}, {"content": "public void testBrotliDecode(){final File input=getFile(\"brotli.testdata.compressed\");final File expected=getFile(\"brotli.testdata.uncompressed\");try (InputStream inputStream=new FileInputStream(input);InputStream expectedStream=new FileInputStream(expected);BrotliCompressorInputStream brotliInputStream=new BrotliCompressorInputStream(inputStream)){  final byte[] b=new byte[20];  IOUtils.readFully(expectedStream,b);  final ByteArrayOutputStream bos=new ByteArrayOutputStream();  int readByte=-1;  while ((readByte=brotliInputStream.read()) != -1) {    bos.write(readByte);  }  Assert.assertArrayEquals(b,bos.toByteArray());} }", "fail": 0}, {"content": "public void testCanTurnOffCaching(){try {  BrotliUtils.setCacheBrotliAvailablity(false);  assertEquals(BrotliUtils.CachedAvailability.DONT_CACHE,BrotliUtils.getCachedBrotliAvailability());  assertTrue(BrotliUtils.isBrotliCompressionAvailable());}  finally {  BrotliUtils.setCacheBrotliAvailablity(true);}}", "fail": 0}, {"content": "public void testTurningOnCachingReEvaluatesAvailability(){try {  BrotliUtils.setCacheBrotliAvailablity(false);  assertEquals(BrotliUtils.CachedAvailability.DONT_CACHE,BrotliUtils.getCachedBrotliAvailability());  BrotliUtils.setCacheBrotliAvailablity(true);  assertEquals(BrotliUtils.CachedAvailability.CACHED_AVAILABLE,BrotliUtils.getCachedBrotliAvailability());}  finally {  BrotliUtils.setCacheBrotliAvailablity(true);}}", "fail": 0}, {"content": "public void availableShouldReturnZero(){final File input=getFile(\"brotli.testdata.compressed\");try (InputStream is=new FileInputStream(input)){  final BrotliCompressorInputStream in=new BrotliCompressorInputStream(is);  Assert.assertTrue(in.available() == 0);  in.close();} }", "fail": 0}, {"content": "public void shouldBeAbleToSkipAByte(){final File input=getFile(\"brotli.testdata.compressed\");try (InputStream is=new FileInputStream(input)){  final BrotliCompressorInputStream in=new BrotliCompressorInputStream(is);  Assert.assertEquals(1,in.skip(1));  in.close();} }", "fail": 0}, {"content": "public void singleByteReadWorksAsExpected(){final File input=getFile(\"brotli.testdata.compressed\");try (InputStream is=new FileInputStream(input)){  final BrotliCompressorInputStream in=new BrotliCompressorInputStream(is);  Assert.assertEquals('X',in.read());  in.close();} }", "fail": 0}, {"content": "public void singleByteReadConsistentlyReturnsMinusOneAtEof(){final File input=getFile(\"brotli.testdata.compressed\");try (InputStream is=new FileInputStream(input)){  final BrotliCompressorInputStream in=new BrotliCompressorInputStream(is);  IOUtils.toByteArray(in);  Assert.assertEquals(-1,in.read());  Assert.assertEquals(-1,in.read());  in.close();} }", "fail": 0}, {"content": "public void multiByteReadConsistentlyReturnsMinusOneAtEof(){final File input=getFile(\"brotli.testdata.compressed\");byte[] buf=new byte[2];try (InputStream is=new FileInputStream(input)){  final BrotliCompressorInputStream in=new BrotliCompressorInputStream(is);  IOUtils.toByteArray(in);  Assert.assertEquals(-1,in.read(buf));  Assert.assertEquals(-1,in.read(buf));  in.close();} }", "fail": 0}, {"content": "public void testBrotliUnarchive(){final File input=getFile(\"bla.tar.br\");final File output=new File(dir,\"bla.tar\");try (InputStream is=new FileInputStream(input)){  final CompressorInputStream in=new CompressorStreamFactory().createCompressorInputStream(\"br\",is);  FileOutputStream out=null;  try {    out=new FileOutputStream(output);    IOUtils.copy(in,out);  }  finally {    if (out != null) {      out.close();    }    in.close();  }} }", "fail": 0}, {"content": "public void testCachingIsEnabledByDefaultAndZstdUtilsPresent(){assertEquals(ZstdUtils.CachedAvailability.CACHED_AVAILABLE,ZstdUtils.getCachedZstdAvailability());assertTrue(ZstdUtils.isZstdCompressionAvailable());}", "fail": 1}, {"content": "public void testZstdDecode(){final File input=getFile(\"zstandard.testdata.zst\");final File expected=getFile(\"zstandard.testdata\");try (InputStream inputStream=new FileInputStream(input);InputStream expectedStream=new FileInputStream(expected);ZstdCompressorInputStream zstdInputStream=new ZstdCompressorInputStream(inputStream)){  final byte[] b=new byte[97];  IOUtils.readFully(expectedStream,b);  final ByteArrayOutputStream bos=new ByteArrayOutputStream();  int readByte=-1;  while ((readByte=zstdInputStream.read()) != -1) {    bos.write(readByte);  }  Assert.assertArrayEquals(b,bos.toByteArray());} }", "fail": 0}, {"content": "public void testCanTurnOffCaching(){try {  ZstdUtils.setCacheZstdAvailablity(false);  assertEquals(ZstdUtils.CachedAvailability.DONT_CACHE,ZstdUtils.getCachedZstdAvailability());  assertTrue(ZstdUtils.isZstdCompressionAvailable());}  finally {  ZstdUtils.setCacheZstdAvailablity(true);}}", "fail": 0}, {"content": "public void testTurningOnCachingReEvaluatesAvailability(){try {  ZstdUtils.setCacheZstdAvailablity(false);  assertEquals(ZstdUtils.CachedAvailability.DONT_CACHE,ZstdUtils.getCachedZstdAvailability());  ZstdUtils.setCacheZstdAvailablity(true);  assertEquals(ZstdUtils.CachedAvailability.CACHED_AVAILABLE,ZstdUtils.getCachedZstdAvailability());}  finally {  ZstdUtils.setCacheZstdAvailablity(true);}}", "fail": 0}, {"content": "public void shouldBeAbleToSkipAByte(){final File input=getFile(\"zstandard.testdata.zst\");try (InputStream is=new FileInputStream(input)){  final ZstdCompressorInputStream in=new ZstdCompressorInputStream(is);  Assert.assertEquals(1,in.skip(1));  in.close();} }", "fail": 0}, {"content": "public void singleByteReadWorksAsExpected(){final File input=getFile(\"zstandard.testdata.zst\");final File original=getFile(\"zstandard.testdata\");final long originalFileLength=original.length();byte[] originalFileContent=new byte[((int)originalFileLength)];try (InputStream ois=new FileInputStream(original)){  ois.read(originalFileContent);} try (InputStream is=new FileInputStream(input)){  final ZstdCompressorInputStream in=new ZstdCompressorInputStream(is);  Assert.assertEquals(originalFileContent[0],in.read());  in.close();} }", "fail": 0}, {"content": "public void singleByteReadConsistentlyReturnsMinusOneAtEof(){final File input=getFile(\"zstandard.testdata.zst\");try (InputStream is=new FileInputStream(input)){  final ZstdCompressorInputStream in=new ZstdCompressorInputStream(is);  IOUtils.toByteArray(in);  Assert.assertEquals(-1,in.read());  Assert.assertEquals(-1,in.read());  in.close();} }", "fail": 0}, {"content": "public void multiByteReadConsistentlyReturnsMinusOneAtEof(){final File input=getFile(\"zstandard.testdata.zst\");byte[] buf=new byte[2];try (InputStream is=new FileInputStream(input)){  final ZstdCompressorInputStream in=new ZstdCompressorInputStream(is);  IOUtils.toByteArray(in);  Assert.assertEquals(-1,in.read(buf));  Assert.assertEquals(-1,in.read(buf));  in.close();} }", "fail": 0}, {"content": "public void testZstandardUnarchive(){final File input=getFile(\"bla.tar.zst\");final File output=new File(dir,\"bla.tar\");try (InputStream is=new FileInputStream(input)){  final CompressorInputStream in=new CompressorStreamFactory().createCompressorInputStream(\"zstd\",is);  FileOutputStream out=null;  try {    out=new FileOutputStream(output);    IOUtils.copy(in,out);  }  finally {    if (out != null) {      out.close();    }    in.close();  }} }", "fail": 0}]