[{"diff0": ["class LookupPaintScaleTest {public void testEquals(){LookupPaintScale g1=new LookupPaintScale();LookupPaintScale g2=new LookupPaintScale();assertTrue(g1.equals(g2));assertTrue(g2.equals(g1));g1=new LookupPaintScale(1.0,2.0,Color.RED);assertFalse(g1.equals(g2));g2=new LookupPaintScale(1.0,2.0,Color.RED);assertTrue(g1.equals(g2));g1.add(1.5,new GradientPaint(1.0f,2.0f,Color.RED,3.0f,4.0f,Color.BLUE));assertFalse(g1.equals(g2));g2.add(1.5,new GradientPaint(1.0f,2.0f,Color.RED,3.0f,4.0f,Color.BLUE));assertTrue(g1.equals(g2));}}\n", "class LookupPaintScaleTest {public void testCloning(){LookupPaintScale g1=new LookupPaintScale();LookupPaintScale g2=(LookupPaintScale)g1.clone();assertTrue(g1 != g2);assertTrue(g1.getClass() == g2.getClass());assertTrue(g1.equals(g2));g1.add(0.5,Color.RED);assertFalse(g1.equals(g2));g2.add(0.5,Color.RED);assertTrue(g1.equals(g2));g1=new LookupPaintScale(1.0,2.0,new GradientPaint(1.0f,2.0f,Color.RED,3.0f,4.0f,Color.GREEN));g1.add(1.5,new GradientPaint(1.0f,2.0f,Color.RED,3.0f,4.0f,Color.BLUE));g2=(LookupPaintScale)g1.clone();assertTrue(g1 != g2);assertTrue(g1.getClass() == g2.getClass());assertTrue(g1.equals(g2));}}\n", "class LookupPaintScaleTest {public void testSerialization(){LookupPaintScale g1=new LookupPaintScale();LookupPaintScale g2=(LookupPaintScale)TestUtilities.serialised(g1);assertEquals(g1,g2);g1=new LookupPaintScale(1.0,2.0,new GradientPaint(1.0f,2.0f,Color.RED,3.0f,4.0f,Color.YELLOW));g1.add(1.5,new GradientPaint(1.1f,2.2f,Color.RED,3.3f,4.4f,Color.BLUE));g2=(LookupPaintScale)TestUtilities.serialised(g1);assertEquals(g1,g2);}}\n", "class LookupPaintScaleTest {public void testConstructor1(){LookupPaintScale s=new LookupPaintScale();assertEquals(0.0,s.getLowerBound(),EPSILON);assertEquals(1.0,s.getUpperBound(),EPSILON);}}\n", "class LookupPaintScaleTest {public void testConstructor2(){LookupPaintScale s=new LookupPaintScale(1.0,2.0,Color.RED);assertEquals(1.0,s.getLowerBound(),EPSILON);assertEquals(2.0,s.getUpperBound(),EPSILON);assertEquals(Color.RED,s.getDefaultPaint());}}\n", "class LookupPaintScaleTest {public void testGeneral(){LookupPaintScale s=new LookupPaintScale(0.0,100.0,Color.BLACK);assertEquals(Color.BLACK,s.getPaint(-1.0));assertEquals(Color.BLACK,s.getPaint(0.0));assertEquals(Color.BLACK,s.getPaint(50.0));assertEquals(Color.BLACK,s.getPaint(100.0));assertEquals(Color.BLACK,s.getPaint(101.0));s.add(50.0,Color.BLUE);assertEquals(Color.BLACK,s.getPaint(-1.0));assertEquals(Color.BLACK,s.getPaint(0.0));assertEquals(Color.BLUE,s.getPaint(50.0));assertEquals(Color.BLUE,s.getPaint(100.0));assertEquals(Color.BLACK,s.getPaint(101.0));s.add(50.0,Color.RED);assertEquals(Color.BLACK,s.getPaint(-1.0));assertEquals(Color.BLACK,s.getPaint(0.0));assertEquals(Color.RED,s.getPaint(50.0));assertEquals(Color.RED,s.getPaint(100.0));assertEquals(Color.BLACK,s.getPaint(101.0));s.add(25.0,Color.GREEN);assertEquals(Color.BLACK,s.getPaint(-1.0));assertEquals(Color.BLACK,s.getPaint(0.0));assertEquals(Color.GREEN,s.getPaint(25.0));assertEquals(Color.RED,s.getPaint(50.0));assertEquals(Color.RED,s.getPaint(100.0));assertEquals(Color.BLACK,s.getPaint(101.0));s.add(75.0,Color.YELLOW);assertEquals(Color.BLACK,s.getPaint(-1.0));assertEquals(Color.BLACK,s.getPaint(0.0));assertEquals(Color.GREEN,s.getPaint(25.0));assertEquals(Color.RED,s.getPaint(50.0));assertEquals(Color.YELLOW,s.getPaint(75.0));assertEquals(Color.YELLOW,s.getPaint(100.0));assertEquals(Color.BLACK,s.getPaint(101.0));}}\n"]}, {"content": "public void testFindDomainBounds(){TimeSeriesCollection dataset=new TimeSeriesCollection();List visibleSeriesKeys=new java.util.ArrayList();Range r=DatasetUtilities.findDomainBounds(dataset,visibleSeriesKeys,true);assertNull(r);TimeSeries s1=new TimeSeries(\"S1\");dataset.addSeries(s1);visibleSeriesKeys.add(\"S1\");r=DatasetUtilities.findDomainBounds(dataset,visibleSeriesKeys,true);assertNull(r);TimeZone saved=TimeZone.getDefault();TimeZone.setDefault(TimeZone.getTimeZone(\"Europe/Paris\"));s1.add(new Year(2008),8.0);r=DatasetUtilities.findDomainBounds(dataset,visibleSeriesKeys,true);assertEquals(1199142000000.0,r.getLowerBound(),EPSILON);assertEquals(1230764399999.0,r.getUpperBound(),EPSILON);TimeSeries s2=new TimeSeries(\"S2\");dataset.addSeries(s2);s2.add(new Year(2009),9.0);s2.add(new Year(2010),10.0);r=DatasetUtilities.findDomainBounds(dataset,visibleSeriesKeys,true);assertEquals(1199142000000.0,r.getLowerBound(),EPSILON);assertEquals(1230764399999.0,r.getUpperBound(),EPSILON);visibleSeriesKeys.add(\"S2\");r=DatasetUtilities.findDomainBounds(dataset,visibleSeriesKeys,true);assertEquals(1199142000000.0,r.getLowerBound(),EPSILON);assertEquals(1293836399999.0,r.getUpperBound(),EPSILON);TimeZone.setDefault(saved);}", "fail": 1}, {"content": "public void testEquals(){TimeSeriesCollection c1=new TimeSeriesCollection();TimeSeriesCollection c2=new TimeSeriesCollection();TimeSeries s1=new TimeSeries(\"Series 1\");TimeSeries s2=new TimeSeries(\"Series 2\");boolean b1=c1.equals(c2);assertTrue(\"b1\",b1);c1.addSeries(s1);c1.addSeries(s2);boolean b2=c1.equals(c2);assertFalse(\"b2\",b2);c2.addSeries(s1);c2.addSeries(s2);boolean b3=c1.equals(c2);assertTrue(\"b3\",b3);c2.removeSeries(s2);boolean b4=c1.equals(c2);assertFalse(\"b4\",b4);c1.removeSeries(s2);boolean b5=c1.equals(c2);assertTrue(\"b5\",b5);}", "fail": 0}, {"content": "public void testRemoveSeries(){TimeSeriesCollection c1=new TimeSeriesCollection();TimeSeries s1=new TimeSeries(\"Series 1\");TimeSeries s2=new TimeSeries(\"Series 2\");TimeSeries s3=new TimeSeries(\"Series 3\");TimeSeries s4=new TimeSeries(\"Series 4\");c1.addSeries(s1);c1.addSeries(s2);c1.addSeries(s3);c1.addSeries(s4);c1.removeSeries(s3);TimeSeries s=c1.getSeries(2);boolean b1=s.equals(s4);assertTrue(b1);}", "fail": 0}, {"content": "public void testRemoveSeries_int(){TimeSeriesCollection c1=new TimeSeriesCollection();TimeSeries s1=new TimeSeries(\"Series 1\");TimeSeries s2=new TimeSeries(\"Series 2\");TimeSeries s3=new TimeSeries(\"Series 3\");TimeSeries s4=new TimeSeries(\"Series 4\");c1.addSeries(s1);c1.addSeries(s2);c1.addSeries(s3);c1.addSeries(s4);c1.removeSeries(2);assertTrue(c1.getSeries(2).equals(s4));c1.removeSeries(0);assertTrue(c1.getSeries(0).equals(s2));assertEquals(2,c1.getSeriesCount());}", "fail": 0}, {"content": "public void testGetSurroundingItems(){TimeSeries series=new TimeSeries(\"Series 1\");TimeSeriesCollection collection=new TimeSeriesCollection(series);collection.setXPosition(TimePeriodAnchor.MIDDLE);int[] result=collection.getSurroundingItems(0,1000L);assertTrue(result[0] == -1);assertTrue(result[1] == -1);Day today=new Day();long start1=today.getFirstMillisecond();long middle1=today.getMiddleMillisecond();long end1=today.getLastMillisecond();series.add(today,99.9);result=collection.getSurroundingItems(0,start1);assertTrue(result[0] == -1);assertTrue(result[1] == 0);result=collection.getSurroundingItems(0,middle1);assertTrue(result[0] == 0);assertTrue(result[1] == 0);result=collection.getSurroundingItems(0,end1);assertTrue(result[0] == 0);assertTrue(result[1] == -1);Day tomorrow=(Day)today.next();long start2=tomorrow.getFirstMillisecond();long middle2=tomorrow.getMiddleMillisecond();long end2=tomorrow.getLastMillisecond();series.add(tomorrow,199.9);result=collection.getSurroundingItems(0,start2);assertTrue(result[0] == 0);assertTrue(result[1] == 1);result=collection.getSurroundingItems(0,middle2);assertTrue(result[0] == 1);assertTrue(result[1] == 1);result=collection.getSurroundingItems(0,end2);assertTrue(result[0] == 1);assertTrue(result[1] == -1);Day yesterday=(Day)today.previous();long start3=yesterday.getFirstMillisecond();long middle3=yesterday.getMiddleMillisecond();long end3=yesterday.getLastMillisecond();series.add(yesterday,1.23);result=collection.getSurroundingItems(0,start3);assertTrue(result[0] == -1);assertTrue(result[1] == 0);result=collection.getSurroundingItems(0,middle3);assertTrue(result[0] == 0);assertTrue(result[1] == 0);result=collection.getSurroundingItems(0,end3);assertTrue(result[0] == 0);assertTrue(result[1] == 1);}", "fail": 0}, {"content": "public void testSerialization(){TimeSeriesCollection c1=new TimeSeriesCollection(createSeries());TimeSeriesCollection c2=(TimeSeriesCollection)TestUtilities.serialised(c1);assertEquals(c1,c2);}", "fail": 0}, {"content": "public TimeSeries createSeries(){RegularTimePeriod t=new Day();TimeSeries series=new TimeSeries(\"Test\");series.add(t,1.0);t=t.next();series.add(t,2.0);t=t.next();series.add(t,null);t=t.next();series.add(t,4.0);return series;}", "fail": 0}, {"content": "public void test1170825(){TimeSeries s1=new TimeSeries(\"Series1\");TimeSeriesCollection dataset=new TimeSeriesCollection();dataset.addSeries(s1);try {  dataset.getSeries(1);} catch (IllegalArgumentException e) {}catch (IndexOutOfBoundsException e) {  assertTrue(false);}}", "fail": 0}, {"content": "public void testIndexOf(){TimeSeries s1=new TimeSeries(\"S1\");TimeSeries s2=new TimeSeries(\"S2\");TimeSeriesCollection dataset=new TimeSeriesCollection();assertEquals(-1,dataset.indexOf(s1));assertEquals(-1,dataset.indexOf(s2));dataset.addSeries(s1);assertEquals(0,dataset.indexOf(s1));assertEquals(-1,dataset.indexOf(s2));dataset.addSeries(s2);assertEquals(0,dataset.indexOf(s1));assertEquals(1,dataset.indexOf(s2));dataset.removeSeries(s1);assertEquals(-1,dataset.indexOf(s1));assertEquals(0,dataset.indexOf(s2));TimeSeries s2b=new TimeSeries(\"S2\");assertEquals(0,dataset.indexOf(s2b));}", "fail": 0}, {"content": "public void testCloning(){TimeSeries s1=new TimeSeries(\"Series\");s1.add(new Year(2009),1.1);TimeSeriesCollection c1=new TimeSeriesCollection();c1.addSeries(s1);TimeSeriesCollection c2=(TimeSeriesCollection)c1.clone();assertTrue(c1 != c2);assertTrue(c1.getClass() == c2.getClass());assertTrue(c1.equals(c2));s1.setDescription(\"XYZ\");assertFalse(c1.equals(c2));c2.getSeries(0).setDescription(\"XYZ\");assertTrue(c1.equals(c2));}", "fail": 0}, {"content": "public void testBug3445507(){TimeSeries s1=new TimeSeries(\"S1\");s1.add(new Year(2011),null);s1.add(new Year(2012),null);TimeSeries s2=new TimeSeries(\"S2\");s2.add(new Year(2011),5.0);s2.add(new Year(2012),6.0);TimeSeriesCollection dataset=new TimeSeriesCollection();dataset.addSeries(s1);dataset.addSeries(s2);List keys=new ArrayList();keys.add(\"S1\");keys.add(\"S2\");Range r=dataset.getRangeBounds(keys,new Range(Double.NEGATIVE_INFINITY,Double.POSITIVE_INFINITY),false);assertEquals(5.0,r.getLowerBound(),EPSILON);assertEquals(6.0,r.getUpperBound(),EPSILON);}", "fail": 0}, {"content": "public void testGetRangeBounds(){TimeSeriesCollection dataset=new TimeSeriesCollection();assertNull(dataset.getRangeBounds(false));assertNull(dataset.getRangeBounds(true));TimeSeries s1=new TimeSeries(\"S1\");dataset.addSeries(s1);assertNull(dataset.getRangeBounds(false));assertNull(dataset.getRangeBounds(true));s1.add(new Year(2012),1.0);assertEquals(new Range(1.0,1.0),dataset.getRangeBounds(false));assertEquals(new Range(1.0,1.0),dataset.getRangeBounds(true));s1.add(new Year(2013),-1.0);assertEquals(new Range(-1.0,1.0),dataset.getRangeBounds(false));assertEquals(new Range(-1.0,1.0),dataset.getRangeBounds(true));s1.add(new Year(2014),null);assertEquals(new Range(-1.0,1.0),dataset.getRangeBounds(false));assertEquals(new Range(-1.0,1.0),dataset.getRangeBounds(true));TimeSeries s2=new TimeSeries(\"S2\");dataset.addSeries(s2);assertEquals(new Range(-1.0,1.0),dataset.getRangeBounds(false));assertEquals(new Range(-1.0,1.0),dataset.getRangeBounds(true));s2.add(new Year(2014),5.0);assertEquals(new Range(-1.0,5.0),dataset.getRangeBounds(false));assertEquals(new Range(-1.0,5.0),dataset.getRangeBounds(true));dataset.removeAllSeries();assertNull(dataset.getRangeBounds(false));assertNull(dataset.getRangeBounds(true));s1=new TimeSeries(\"s1\");s2=new TimeSeries(\"s2\");dataset.addSeries(s1);dataset.addSeries(s2);assertNull(dataset.getRangeBounds(false));assertNull(dataset.getRangeBounds(true));s2.add(new Year(2014),100.0);assertEquals(new Range(100.0,100.0),dataset.getRangeBounds(false));assertEquals(new Range(100.0,100.0),dataset.getRangeBounds(true));}", "fail": 0}, {"content": "public void testGetRangeBounds2(){TimeZone tzone=TimeZone.getTimeZone(\"Europe/London\");Calendar calendar=new GregorianCalendar(tzone,Locale.UK);calendar.clear();calendar.set(2014,Calendar.FEBRUARY,23,6,0);long start=calendar.getTimeInMillis();calendar.clear();calendar.set(2014,Calendar.FEBRUARY,24,18,0);long end=calendar.getTimeInMillis();Range range=new Range(start,end);TimeSeriesCollection collection=new TimeSeriesCollection(tzone);assertNull(collection.getRangeBounds(Collections.EMPTY_LIST,range,true));TimeSeries s1=new TimeSeries(\"S1\");s1.add(new Day(24,2,2014),10.0);collection.addSeries(s1);assertEquals(new Range(10.0,10.0),collection.getRangeBounds(Arrays.asList(\"S1\"),range,true));collection.setXPosition(TimePeriodAnchor.MIDDLE);assertEquals(new Range(10.0,10.0),collection.getRangeBounds(Arrays.asList(\"S1\"),range,true));collection.setXPosition(TimePeriodAnchor.END);assertNull(collection.getRangeBounds(Arrays.asList(\"S1\"),range,true));}", "fail": 0}]