[{"diff0": ["class ColognePhonetic {public boolean arrayContains(final char arr, final char key){for (final char element : arr) {  if (element == key) {    return true;  }}return false;}}\n", "class ColognePhonetic {public String colognePhonetic(String text){if (text == null) {  return null;}final CologneInputBuffer input=new CologneInputBuffer(preprocess(text));final CologneOutputBuffer output=new CologneOutputBuffer(input.length()  2);char nextChar;final char CHAR_FIRST_POS='/';final char CHAR_IGNORE='-';char lastChar=CHAR_IGNORE;char lastCode=CHAR_FIRST_POS;char code;char chr;while (input.length() > 0) {  chr=input.removeNext();  if (input.length() > 0) {    nextChar=input.getNextChar();  } else {    nextChar=CHAR_IGNORE;  }  if (chr == 'H' || chr < 'A' || chr > 'Z') {    continue;  }  if (arrayContains(AEIJOUY,chr)) {    code='0';  } else   if (chr == 'B' || (chr == 'P' && nextChar != 'H')) {    code='1';  } else   if ((chr == 'D' || chr == 'T') && !arrayContains(CSZ,nextChar)) {    code='2';  } else   if (arrayContains(FPVW,chr)) {    code='3';  } else   if (arrayContains(GKQ,chr)) {    code='4';  } else   if (chr == 'X' && !arrayContains(CKQ,lastChar)) {    code='4';    input.addLeft('S');  } else   if (chr == 'S' || chr == 'Z') {    code='8';  } else   if (chr == 'C') {    if (lastCode == CHAR_FIRST_POS) {      if (arrayContains(AHKLOQRUX,nextChar)) {        code='4';      } else {        code='8';      }    } else {      if (arrayContains(SZ,lastChar) || !arrayContains(AHKOQUX,nextChar)) {        code='8';      } else {        code='4';      }    }  } else   if (arrayContains(DTX,chr)) {    code='8';  } else   if (chr == 'R') {    code='7';  } else   if (chr == 'L') {    code='5';  } else   if (chr == 'M' || chr == 'N') {    code='6';  } else {    code=chr;  }  if (code != CHAR_IGNORE && (lastCode != code && (code != '0' || lastCode == CHAR_FIRST_POS) || code < '0' || code > '8')) {    output.addRight(code);  }  lastChar=chr;  lastCode=code;}return output.toString();}}\n", "class ColognePhonetic {public Object encode(final Object object){if (!(object instanceof String)) {  throw new EncoderException(\"This method's parameter was expected to be of the type \" + String.class.getName() + \". But actually it was of the type \"+ object.getClass().getName()+ \".\");}return encode((String)object);}}\n", "class ColognePhonetic {public String encode(final String text){return colognePhonetic(text);}}\n", "class ColognePhonetic {public boolean isEncodeEqual(final String text1, final String text2){return colognePhonetic(text1).equals(colognePhonetic(text2));}}\n", "class ColognePhonetic {public char[] preprocess(String text){final char[] chrs=text.toUpperCase(Locale.GERMAN).toCharArray();for (int index=0; index < chrs.length; index++) {switch (chrs[index]) {case '\\u00C4':    chrs[index]='A';  break;case '\\u00DC':chrs[index]='U';break;case '\\u00D6':chrs[index]='O';break;default :break;}}return chrs;}}\n"]}, {"content": "public void testAabjoe(){this.checkEncoding(\"01\",\"Aabjoe\");}", "fail": 1}, {"content": "public boolean hasTestCase(String re){for (String s : TESTSET) {  if (s.matches(re)) {    return true;  }}return false;}", "fail": 0}, {"content": "public void finishTests(){int errors=0;for (String m : MATCHES) {  if (!hasTestCase(m)) {    System.out.println(m + \" has no test case\");    errors++;  }}Assert.assertEquals(\"Not expecting any missing test cases\",0,errors);}", "fail": 0}, {"content": "public void checkEncoding(String expected, String source){TESTSET.add(source.toUpperCase(Locale.GERMAN).replace('\u00c4','A').replace('\u00d6','O').replace('\u00dc','U'));super.checkEncoding(expected,source);}", "fail": 0}, {"content": "public ColognePhonetic createStringEncoder(){return new ColognePhonetic();}", "fail": 0}, {"content": "public void testCanFail(){this.checkEncoding(\"/\",\"Fehler\");}", "fail": 0}, {"content": "public void testAaclan(){this.checkEncoding(\"0856\",\"Aaclan\");}", "fail": 0}, {"content": "public void testAychlmajrForCodec122(){this.checkEncoding(\"04567\",\"Aychlmajr\");}", "fail": 0}, {"content": "public void testEdgeCases(){final String[][] data={{\"a\",\"0\"},{\"e\",\"0\"},{\"i\",\"0\"},{\"o\",\"0\"},{\"u\",\"0\"},{\"\\u00E4\",\"0\"},{\"\\u00F6\",\"0\"},{\"\\u00FC\",\"0\"},{\"\\u00DF\",\"8\"},{\"aa\",\"0\"},{\"ha\",\"0\"},{\"h\",\"\"},{\"aha\",\"0\"},{\"b\",\"1\"},{\"p\",\"1\"},{\"ph\",\"3\"},{\"f\",\"3\"},{\"v\",\"3\"},{\"w\",\"3\"},{\"g\",\"4\"},{\"k\",\"4\"},{\"q\",\"4\"},{\"x\",\"48\"},{\"ax\",\"048\"},{\"cx\",\"48\"},{\"l\",\"5\"},{\"cl\",\"45\"},{\"acl\",\"085\"},{\"mn\",\"6\"},{\"{mn}\",\"6\"},{\"r\",\"7\"}};this.checkEncodings(data);}", "fail": 0}, {"content": "public void testExamples(){final String[][] data={{\"m\\u00DCller\",\"657\"},{\"m\\u00FCller\",\"657\"},{\"schmidt\",\"862\"},{\"schneider\",\"8627\"},{\"fischer\",\"387\"},{\"weber\",\"317\"},{\"wagner\",\"3467\"},{\"becker\",\"147\"},{\"hoffmann\",\"0366\"},{\"sch\\u00C4fer\",\"837\"},{\"sch\\u00e4fer\",\"837\"},{\"Breschnew\",\"17863\"},{\"Wikipedia\",\"3412\"},{\"peter\",\"127\"},{\"pharma\",\"376\"},{\"m\\u00f6nchengladbach\",\"664645214\"},{\"deutsch\",\"28\"},{\"deutz\",\"28\"},{\"hamburg\",\"06174\"},{\"hannover\",\"0637\"},{\"christstollen\",\"478256\"},{\"Xanthippe\",\"48621\"},{\"Zacharias\",\"8478\"},{\"Holzbau\",\"0581\"},{\"matsch\",\"68\"},{\"matz\",\"68\"},{\"Arbeitsamt\",\"071862\"},{\"Eberhard\",\"01772\"},{\"Eberhardt\",\"01772\"},{\"Celsius\",\"8588\"},{\"Ace\",\"08\"},{\"heithabu\",\"021\"}};this.checkEncodings(data);}", "fail": 0}, {"content": "public void testHyphen(){final String[][] data={{\"bergisch-gladbach\",\"174845214\"},{\"M\\u00fcller-L\\u00fcdenscheidt\",\"65752682\"}};this.checkEncodings(data);}", "fail": 0}, {"content": "public void testIsEncodeEquals(){final String[][] data={{\"Muller\",\"M\\u00fcller\"},{\"Meyer\",\"Mayr\"},{\"house\",\"house\"},{\"House\",\"house\"},{\"Haus\",\"house\"},{\"ganz\",\"Gans\"},{\"ganz\",\"G\\u00e4nse\"},{\"Miyagi\",\"Miyako\"}};for (final String[] element : data) {  final boolean encodeEqual=this.getStringEncoder().isEncodeEqual(element[1],element[0]);  Assert.assertTrue(element[1] + \" != \" + element[0],encodeEqual);}}", "fail": 0}, {"content": "public void testVariationsMella(){final String data[]={\"mella\",\"milah\",\"moulla\",\"mellah\",\"muehle\",\"mule\"};this.checkEncodingVariations(\"65\",data);}", "fail": 0}, {"content": "public void testVariationsMeyer(){final String data[]={\"Meier\",\"Maier\",\"Mair\",\"Meyer\",\"Meyr\",\"Mejer\",\"Major\"};this.checkEncodingVariations(\"67\",data);}", "fail": 0}, {"content": "public void testSpecialCharsBetweenSameLetters(){final String data[]={\"Test test\",\"Testtest\",\"Test-test\",\"TesT#Test\",\"TesT?test\"};this.checkEncodingVariations(\"28282\",data);}", "fail": 0}, {"content": "public void main(String args){ColognePhonetic coder=new ColognePhonetic();for (String arg : args) {  String code=coder.encode(arg);  System.out.println(\"'\" + arg + \"' = '\"+ code+ \"'\");}}", "fail": 0}, {"content": "public void testAaclan(){this.checkEncoding(\"0856\",\"Aaclan\");}", "fail": 1}, {"content": "public boolean hasTestCase(String re){for (String s : TESTSET) {  if (s.matches(re)) {    return true;  }}return false;}", "fail": 0}, {"content": "public void finishTests(){int errors=0;for (String m : MATCHES) {  if (!hasTestCase(m)) {    System.out.println(m + \" has no test case\");    errors++;  }}Assert.assertEquals(\"Not expecting any missing test cases\",0,errors);}", "fail": 0}, {"content": "public void checkEncoding(String expected, String source){TESTSET.add(source.toUpperCase(Locale.GERMAN).replace('\u00c4','A').replace('\u00d6','O').replace('\u00dc','U'));super.checkEncoding(expected,source);}", "fail": 0}, {"content": "public ColognePhonetic createStringEncoder(){return new ColognePhonetic();}", "fail": 0}, {"content": "public void testCanFail(){this.checkEncoding(\"/\",\"Fehler\");}", "fail": 0}, {"content": "public void testAabjoe(){this.checkEncoding(\"01\",\"Aabjoe\");}", "fail": 0}, {"content": "public void testAychlmajrForCodec122(){this.checkEncoding(\"04567\",\"Aychlmajr\");}", "fail": 0}, {"content": "public void testEdgeCases(){final String[][] data={{\"a\",\"0\"},{\"e\",\"0\"},{\"i\",\"0\"},{\"o\",\"0\"},{\"u\",\"0\"},{\"\\u00E4\",\"0\"},{\"\\u00F6\",\"0\"},{\"\\u00FC\",\"0\"},{\"\\u00DF\",\"8\"},{\"aa\",\"0\"},{\"ha\",\"0\"},{\"h\",\"\"},{\"aha\",\"0\"},{\"b\",\"1\"},{\"p\",\"1\"},{\"ph\",\"3\"},{\"f\",\"3\"},{\"v\",\"3\"},{\"w\",\"3\"},{\"g\",\"4\"},{\"k\",\"4\"},{\"q\",\"4\"},{\"x\",\"48\"},{\"ax\",\"048\"},{\"cx\",\"48\"},{\"l\",\"5\"},{\"cl\",\"45\"},{\"acl\",\"085\"},{\"mn\",\"6\"},{\"{mn}\",\"6\"},{\"r\",\"7\"}};this.checkEncodings(data);}", "fail": 0}, {"content": "public void testExamples(){final String[][] data={{\"m\\u00DCller\",\"657\"},{\"m\\u00FCller\",\"657\"},{\"schmidt\",\"862\"},{\"schneider\",\"8627\"},{\"fischer\",\"387\"},{\"weber\",\"317\"},{\"wagner\",\"3467\"},{\"becker\",\"147\"},{\"hoffmann\",\"0366\"},{\"sch\\u00C4fer\",\"837\"},{\"sch\\u00e4fer\",\"837\"},{\"Breschnew\",\"17863\"},{\"Wikipedia\",\"3412\"},{\"peter\",\"127\"},{\"pharma\",\"376\"},{\"m\\u00f6nchengladbach\",\"664645214\"},{\"deutsch\",\"28\"},{\"deutz\",\"28\"},{\"hamburg\",\"06174\"},{\"hannover\",\"0637\"},{\"christstollen\",\"478256\"},{\"Xanthippe\",\"48621\"},{\"Zacharias\",\"8478\"},{\"Holzbau\",\"0581\"},{\"matsch\",\"68\"},{\"matz\",\"68\"},{\"Arbeitsamt\",\"071862\"},{\"Eberhard\",\"01772\"},{\"Eberhardt\",\"01772\"},{\"Celsius\",\"8588\"},{\"Ace\",\"08\"},{\"heithabu\",\"021\"}};this.checkEncodings(data);}", "fail": 0}, {"content": "public void testHyphen(){final String[][] data={{\"bergisch-gladbach\",\"174845214\"},{\"M\\u00fcller-L\\u00fcdenscheidt\",\"65752682\"}};this.checkEncodings(data);}", "fail": 0}, {"content": "public void testIsEncodeEquals(){final String[][] data={{\"Muller\",\"M\\u00fcller\"},{\"Meyer\",\"Mayr\"},{\"house\",\"house\"},{\"House\",\"house\"},{\"Haus\",\"house\"},{\"ganz\",\"Gans\"},{\"ganz\",\"G\\u00e4nse\"},{\"Miyagi\",\"Miyako\"}};for (final String[] element : data) {  final boolean encodeEqual=this.getStringEncoder().isEncodeEqual(element[1],element[0]);  Assert.assertTrue(element[1] + \" != \" + element[0],encodeEqual);}}", "fail": 0}, {"content": "public void testVariationsMella(){final String data[]={\"mella\",\"milah\",\"moulla\",\"mellah\",\"muehle\",\"mule\"};this.checkEncodingVariations(\"65\",data);}", "fail": 0}, {"content": "public void testVariationsMeyer(){final String data[]={\"Meier\",\"Maier\",\"Mair\",\"Meyer\",\"Meyr\",\"Mejer\",\"Major\"};this.checkEncodingVariations(\"67\",data);}", "fail": 0}, {"content": "public void testSpecialCharsBetweenSameLetters(){final String data[]={\"Test test\",\"Testtest\",\"Test-test\",\"TesT#Test\",\"TesT?test\"};this.checkEncodingVariations(\"28282\",data);}", "fail": 0}, {"content": "public void main(String args){ColognePhonetic coder=new ColognePhonetic();for (String arg : args) {  String code=coder.encode(arg);  System.out.println(\"'\" + arg + \"' = '\"+ code+ \"'\");}}", "fail": 0}, {"content": "public void testAychlmajrForCodec122(){this.checkEncoding(\"04567\",\"Aychlmajr\");}", "fail": 1}, {"content": "public boolean hasTestCase(String re){for (String s : TESTSET) {  if (s.matches(re)) {    return true;  }}return false;}", "fail": 0}, {"content": "public void finishTests(){int errors=0;for (String m : MATCHES) {  if (!hasTestCase(m)) {    System.out.println(m + \" has no test case\");    errors++;  }}Assert.assertEquals(\"Not expecting any missing test cases\",0,errors);}", "fail": 0}, {"content": "public void checkEncoding(String expected, String source){TESTSET.add(source.toUpperCase(Locale.GERMAN).replace('\u00c4','A').replace('\u00d6','O').replace('\u00dc','U'));super.checkEncoding(expected,source);}", "fail": 0}, {"content": "public ColognePhonetic createStringEncoder(){return new ColognePhonetic();}", "fail": 0}, {"content": "public void testCanFail(){this.checkEncoding(\"/\",\"Fehler\");}", "fail": 0}, {"content": "public void testAabjoe(){this.checkEncoding(\"01\",\"Aabjoe\");}", "fail": 0}, {"content": "public void testAaclan(){this.checkEncoding(\"0856\",\"Aaclan\");}", "fail": 0}, {"content": "public void testEdgeCases(){final String[][] data={{\"a\",\"0\"},{\"e\",\"0\"},{\"i\",\"0\"},{\"o\",\"0\"},{\"u\",\"0\"},{\"\\u00E4\",\"0\"},{\"\\u00F6\",\"0\"},{\"\\u00FC\",\"0\"},{\"\\u00DF\",\"8\"},{\"aa\",\"0\"},{\"ha\",\"0\"},{\"h\",\"\"},{\"aha\",\"0\"},{\"b\",\"1\"},{\"p\",\"1\"},{\"ph\",\"3\"},{\"f\",\"3\"},{\"v\",\"3\"},{\"w\",\"3\"},{\"g\",\"4\"},{\"k\",\"4\"},{\"q\",\"4\"},{\"x\",\"48\"},{\"ax\",\"048\"},{\"cx\",\"48\"},{\"l\",\"5\"},{\"cl\",\"45\"},{\"acl\",\"085\"},{\"mn\",\"6\"},{\"{mn}\",\"6\"},{\"r\",\"7\"}};this.checkEncodings(data);}", "fail": 0}, {"content": "public void testExamples(){final String[][] data={{\"m\\u00DCller\",\"657\"},{\"m\\u00FCller\",\"657\"},{\"schmidt\",\"862\"},{\"schneider\",\"8627\"},{\"fischer\",\"387\"},{\"weber\",\"317\"},{\"wagner\",\"3467\"},{\"becker\",\"147\"},{\"hoffmann\",\"0366\"},{\"sch\\u00C4fer\",\"837\"},{\"sch\\u00e4fer\",\"837\"},{\"Breschnew\",\"17863\"},{\"Wikipedia\",\"3412\"},{\"peter\",\"127\"},{\"pharma\",\"376\"},{\"m\\u00f6nchengladbach\",\"664645214\"},{\"deutsch\",\"28\"},{\"deutz\",\"28\"},{\"hamburg\",\"06174\"},{\"hannover\",\"0637\"},{\"christstollen\",\"478256\"},{\"Xanthippe\",\"48621\"},{\"Zacharias\",\"8478\"},{\"Holzbau\",\"0581\"},{\"matsch\",\"68\"},{\"matz\",\"68\"},{\"Arbeitsamt\",\"071862\"},{\"Eberhard\",\"01772\"},{\"Eberhardt\",\"01772\"},{\"Celsius\",\"8588\"},{\"Ace\",\"08\"},{\"heithabu\",\"021\"}};this.checkEncodings(data);}", "fail": 0}, {"content": "public void testHyphen(){final String[][] data={{\"bergisch-gladbach\",\"174845214\"},{\"M\\u00fcller-L\\u00fcdenscheidt\",\"65752682\"}};this.checkEncodings(data);}", "fail": 0}, {"content": "public void testIsEncodeEquals(){final String[][] data={{\"Muller\",\"M\\u00fcller\"},{\"Meyer\",\"Mayr\"},{\"house\",\"house\"},{\"House\",\"house\"},{\"Haus\",\"house\"},{\"ganz\",\"Gans\"},{\"ganz\",\"G\\u00e4nse\"},{\"Miyagi\",\"Miyako\"}};for (final String[] element : data) {  final boolean encodeEqual=this.getStringEncoder().isEncodeEqual(element[1],element[0]);  Assert.assertTrue(element[1] + \" != \" + element[0],encodeEqual);}}", "fail": 0}, {"content": "public void testVariationsMella(){final String data[]={\"mella\",\"milah\",\"moulla\",\"mellah\",\"muehle\",\"mule\"};this.checkEncodingVariations(\"65\",data);}", "fail": 0}, {"content": "public void testVariationsMeyer(){final String data[]={\"Meier\",\"Maier\",\"Mair\",\"Meyer\",\"Meyr\",\"Mejer\",\"Major\"};this.checkEncodingVariations(\"67\",data);}", "fail": 0}, {"content": "public void testSpecialCharsBetweenSameLetters(){final String data[]={\"Test test\",\"Testtest\",\"Test-test\",\"TesT#Test\",\"TesT?test\"};this.checkEncodingVariations(\"28282\",data);}", "fail": 0}, {"content": "public void main(String args){ColognePhonetic coder=new ColognePhonetic();for (String arg : args) {  String code=coder.encode(arg);  System.out.println(\"'\" + arg + \"' = '\"+ code+ \"'\");}}", "fail": 0}, {"content": "public void testCanFail(){this.checkEncoding(\"/\",\"Fehler\");}", "fail": 1}, {"content": "public boolean hasTestCase(String re){for (String s : TESTSET) {  if (s.matches(re)) {    return true;  }}return false;}", "fail": 0}, {"content": "public void finishTests(){int errors=0;for (String m : MATCHES) {  if (!hasTestCase(m)) {    System.out.println(m + \" has no test case\");    errors++;  }}Assert.assertEquals(\"Not expecting any missing test cases\",0,errors);}", "fail": 0}, {"content": "public void checkEncoding(String expected, String source){TESTSET.add(source.toUpperCase(Locale.GERMAN).replace('\u00c4','A').replace('\u00d6','O').replace('\u00dc','U'));super.checkEncoding(expected,source);}", "fail": 0}, {"content": "public ColognePhonetic createStringEncoder(){return new ColognePhonetic();}", "fail": 0}, {"content": "public void testAabjoe(){this.checkEncoding(\"01\",\"Aabjoe\");}", "fail": 0}, {"content": "public void testAaclan(){this.checkEncoding(\"0856\",\"Aaclan\");}", "fail": 0}, {"content": "public void testAychlmajrForCodec122(){this.checkEncoding(\"04567\",\"Aychlmajr\");}", "fail": 0}, {"content": "public void testEdgeCases(){final String[][] data={{\"a\",\"0\"},{\"e\",\"0\"},{\"i\",\"0\"},{\"o\",\"0\"},{\"u\",\"0\"},{\"\\u00E4\",\"0\"},{\"\\u00F6\",\"0\"},{\"\\u00FC\",\"0\"},{\"\\u00DF\",\"8\"},{\"aa\",\"0\"},{\"ha\",\"0\"},{\"h\",\"\"},{\"aha\",\"0\"},{\"b\",\"1\"},{\"p\",\"1\"},{\"ph\",\"3\"},{\"f\",\"3\"},{\"v\",\"3\"},{\"w\",\"3\"},{\"g\",\"4\"},{\"k\",\"4\"},{\"q\",\"4\"},{\"x\",\"48\"},{\"ax\",\"048\"},{\"cx\",\"48\"},{\"l\",\"5\"},{\"cl\",\"45\"},{\"acl\",\"085\"},{\"mn\",\"6\"},{\"{mn}\",\"6\"},{\"r\",\"7\"}};this.checkEncodings(data);}", "fail": 0}, {"content": "public void testExamples(){final String[][] data={{\"m\\u00DCller\",\"657\"},{\"m\\u00FCller\",\"657\"},{\"schmidt\",\"862\"},{\"schneider\",\"8627\"},{\"fischer\",\"387\"},{\"weber\",\"317\"},{\"wagner\",\"3467\"},{\"becker\",\"147\"},{\"hoffmann\",\"0366\"},{\"sch\\u00C4fer\",\"837\"},{\"sch\\u00e4fer\",\"837\"},{\"Breschnew\",\"17863\"},{\"Wikipedia\",\"3412\"},{\"peter\",\"127\"},{\"pharma\",\"376\"},{\"m\\u00f6nchengladbach\",\"664645214\"},{\"deutsch\",\"28\"},{\"deutz\",\"28\"},{\"hamburg\",\"06174\"},{\"hannover\",\"0637\"},{\"christstollen\",\"478256\"},{\"Xanthippe\",\"48621\"},{\"Zacharias\",\"8478\"},{\"Holzbau\",\"0581\"},{\"matsch\",\"68\"},{\"matz\",\"68\"},{\"Arbeitsamt\",\"071862\"},{\"Eberhard\",\"01772\"},{\"Eberhardt\",\"01772\"},{\"Celsius\",\"8588\"},{\"Ace\",\"08\"},{\"heithabu\",\"021\"}};this.checkEncodings(data);}", "fail": 0}, {"content": "public void testHyphen(){final String[][] data={{\"bergisch-gladbach\",\"174845214\"},{\"M\\u00fcller-L\\u00fcdenscheidt\",\"65752682\"}};this.checkEncodings(data);}", "fail": 0}, {"content": "public void testIsEncodeEquals(){final String[][] data={{\"Muller\",\"M\\u00fcller\"},{\"Meyer\",\"Mayr\"},{\"house\",\"house\"},{\"House\",\"house\"},{\"Haus\",\"house\"},{\"ganz\",\"Gans\"},{\"ganz\",\"G\\u00e4nse\"},{\"Miyagi\",\"Miyako\"}};for (final String[] element : data) {  final boolean encodeEqual=this.getStringEncoder().isEncodeEqual(element[1],element[0]);  Assert.assertTrue(element[1] + \" != \" + element[0],encodeEqual);}}", "fail": 0}, {"content": "public void testVariationsMella(){final String data[]={\"mella\",\"milah\",\"moulla\",\"mellah\",\"muehle\",\"mule\"};this.checkEncodingVariations(\"65\",data);}", "fail": 0}, {"content": "public void testVariationsMeyer(){final String data[]={\"Meier\",\"Maier\",\"Mair\",\"Meyer\",\"Meyr\",\"Mejer\",\"Major\"};this.checkEncodingVariations(\"67\",data);}", "fail": 0}, {"content": "public void testSpecialCharsBetweenSameLetters(){final String data[]={\"Test test\",\"Testtest\",\"Test-test\",\"TesT#Test\",\"TesT?test\"};this.checkEncodingVariations(\"28282\",data);}", "fail": 0}, {"content": "public void main(String args){ColognePhonetic coder=new ColognePhonetic();for (String arg : args) {  String code=coder.encode(arg);  System.out.println(\"'\" + arg + \"' = '\"+ code+ \"'\");}}", "fail": 0}, {"content": "public void testEdgeCases(){final String[][] data={{\"a\",\"0\"},{\"e\",\"0\"},{\"i\",\"0\"},{\"o\",\"0\"},{\"u\",\"0\"},{\"\\u00E4\",\"0\"},{\"\\u00F6\",\"0\"},{\"\\u00FC\",\"0\"},{\"\\u00DF\",\"8\"},{\"aa\",\"0\"},{\"ha\",\"0\"},{\"h\",\"\"},{\"aha\",\"0\"},{\"b\",\"1\"},{\"p\",\"1\"},{\"ph\",\"3\"},{\"f\",\"3\"},{\"v\",\"3\"},{\"w\",\"3\"},{\"g\",\"4\"},{\"k\",\"4\"},{\"q\",\"4\"},{\"x\",\"48\"},{\"ax\",\"048\"},{\"cx\",\"48\"},{\"l\",\"5\"},{\"cl\",\"45\"},{\"acl\",\"085\"},{\"mn\",\"6\"},{\"{mn}\",\"6\"},{\"r\",\"7\"}};this.checkEncodings(data);}", "fail": 1}, {"content": "public boolean hasTestCase(String re){for (String s : TESTSET) {  if (s.matches(re)) {    return true;  }}return false;}", "fail": 0}, {"content": "public void finishTests(){int errors=0;for (String m : MATCHES) {  if (!hasTestCase(m)) {    System.out.println(m + \" has no test case\");    errors++;  }}Assert.assertEquals(\"Not expecting any missing test cases\",0,errors);}", "fail": 0}, {"content": "public void checkEncoding(String expected, String source){TESTSET.add(source.toUpperCase(Locale.GERMAN).replace('\u00c4','A').replace('\u00d6','O').replace('\u00dc','U'));super.checkEncoding(expected,source);}", "fail": 0}, {"content": "public ColognePhonetic createStringEncoder(){return new ColognePhonetic();}", "fail": 0}, {"content": "public void testCanFail(){this.checkEncoding(\"/\",\"Fehler\");}", "fail": 0}, {"content": "public void testAabjoe(){this.checkEncoding(\"01\",\"Aabjoe\");}", "fail": 0}, {"content": "public void testAaclan(){this.checkEncoding(\"0856\",\"Aaclan\");}", "fail": 0}, {"content": "public void testAychlmajrForCodec122(){this.checkEncoding(\"04567\",\"Aychlmajr\");}", "fail": 0}, {"content": "public void testExamples(){final String[][] data={{\"m\\u00DCller\",\"657\"},{\"m\\u00FCller\",\"657\"},{\"schmidt\",\"862\"},{\"schneider\",\"8627\"},{\"fischer\",\"387\"},{\"weber\",\"317\"},{\"wagner\",\"3467\"},{\"becker\",\"147\"},{\"hoffmann\",\"0366\"},{\"sch\\u00C4fer\",\"837\"},{\"sch\\u00e4fer\",\"837\"},{\"Breschnew\",\"17863\"},{\"Wikipedia\",\"3412\"},{\"peter\",\"127\"},{\"pharma\",\"376\"},{\"m\\u00f6nchengladbach\",\"664645214\"},{\"deutsch\",\"28\"},{\"deutz\",\"28\"},{\"hamburg\",\"06174\"},{\"hannover\",\"0637\"},{\"christstollen\",\"478256\"},{\"Xanthippe\",\"48621\"},{\"Zacharias\",\"8478\"},{\"Holzbau\",\"0581\"},{\"matsch\",\"68\"},{\"matz\",\"68\"},{\"Arbeitsamt\",\"071862\"},{\"Eberhard\",\"01772\"},{\"Eberhardt\",\"01772\"},{\"Celsius\",\"8588\"},{\"Ace\",\"08\"},{\"heithabu\",\"021\"}};this.checkEncodings(data);}", "fail": 0}, {"content": "public void testHyphen(){final String[][] data={{\"bergisch-gladbach\",\"174845214\"},{\"M\\u00fcller-L\\u00fcdenscheidt\",\"65752682\"}};this.checkEncodings(data);}", "fail": 0}, {"content": "public void testIsEncodeEquals(){final String[][] data={{\"Muller\",\"M\\u00fcller\"},{\"Meyer\",\"Mayr\"},{\"house\",\"house\"},{\"House\",\"house\"},{\"Haus\",\"house\"},{\"ganz\",\"Gans\"},{\"ganz\",\"G\\u00e4nse\"},{\"Miyagi\",\"Miyako\"}};for (final String[] element : data) {  final boolean encodeEqual=this.getStringEncoder().isEncodeEqual(element[1],element[0]);  Assert.assertTrue(element[1] + \" != \" + element[0],encodeEqual);}}", "fail": 0}, {"content": "public void testVariationsMella(){final String data[]={\"mella\",\"milah\",\"moulla\",\"mellah\",\"muehle\",\"mule\"};this.checkEncodingVariations(\"65\",data);}", "fail": 0}, {"content": "public void testVariationsMeyer(){final String data[]={\"Meier\",\"Maier\",\"Mair\",\"Meyer\",\"Meyr\",\"Mejer\",\"Major\"};this.checkEncodingVariations(\"67\",data);}", "fail": 0}, {"content": "public void testSpecialCharsBetweenSameLetters(){final String data[]={\"Test test\",\"Testtest\",\"Test-test\",\"TesT#Test\",\"TesT?test\"};this.checkEncodingVariations(\"28282\",data);}", "fail": 0}, {"content": "public void main(String args){ColognePhonetic coder=new ColognePhonetic();for (String arg : args) {  String code=coder.encode(arg);  System.out.println(\"'\" + arg + \"' = '\"+ code+ \"'\");}}", "fail": 0}, {"content": "public boolean hasTestCase(String re){for (String s : TESTSET) {  if (s.matches(re)) {    return true;  }}return false;}", "fail": 0}, {"content": "public void finishTests(){int errors=0;for (String m : MATCHES) {  if (!hasTestCase(m)) {    System.out.println(m + \" has no test case\");    errors++;  }}Assert.assertEquals(\"Not expecting any missing test cases\",0,errors);}", "fail": 0}, {"content": "public void checkEncoding(String expected, String source){TESTSET.add(source.toUpperCase(Locale.GERMAN).replace('\u00c4','A').replace('\u00d6','O').replace('\u00dc','U'));super.checkEncoding(expected,source);}", "fail": 0}, {"content": "public ColognePhonetic createStringEncoder(){return new ColognePhonetic();}", "fail": 0}, {"content": "public void testCanFail(){this.checkEncoding(\"/\",\"Fehler\");}", "fail": 0}, {"content": "public void testAabjoe(){this.checkEncoding(\"01\",\"Aabjoe\");}", "fail": 0}, {"content": "public void testAaclan(){this.checkEncoding(\"0856\",\"Aaclan\");}", "fail": 0}, {"content": "public void testAychlmajrForCodec122(){this.checkEncoding(\"04567\",\"Aychlmajr\");}", "fail": 0}, {"content": "public void testEdgeCases(){final String[][] data={{\"a\",\"0\"},{\"e\",\"0\"},{\"i\",\"0\"},{\"o\",\"0\"},{\"u\",\"0\"},{\"\\u00E4\",\"0\"},{\"\\u00F6\",\"0\"},{\"\\u00FC\",\"0\"},{\"\\u00DF\",\"8\"},{\"aa\",\"0\"},{\"ha\",\"0\"},{\"h\",\"\"},{\"aha\",\"0\"},{\"b\",\"1\"},{\"p\",\"1\"},{\"ph\",\"3\"},{\"f\",\"3\"},{\"v\",\"3\"},{\"w\",\"3\"},{\"g\",\"4\"},{\"k\",\"4\"},{\"q\",\"4\"},{\"x\",\"48\"},{\"ax\",\"048\"},{\"cx\",\"48\"},{\"l\",\"5\"},{\"cl\",\"45\"},{\"acl\",\"085\"},{\"mn\",\"6\"},{\"{mn}\",\"6\"},{\"r\",\"7\"}};this.checkEncodings(data);}", "fail": 0}, {"content": "public void testExamples(){final String[][] data={{\"m\\u00DCller\",\"657\"},{\"m\\u00FCller\",\"657\"},{\"schmidt\",\"862\"},{\"schneider\",\"8627\"},{\"fischer\",\"387\"},{\"weber\",\"317\"},{\"wagner\",\"3467\"},{\"becker\",\"147\"},{\"hoffmann\",\"0366\"},{\"sch\\u00C4fer\",\"837\"},{\"sch\\u00e4fer\",\"837\"},{\"Breschnew\",\"17863\"},{\"Wikipedia\",\"3412\"},{\"peter\",\"127\"},{\"pharma\",\"376\"},{\"m\\u00f6nchengladbach\",\"664645214\"},{\"deutsch\",\"28\"},{\"deutz\",\"28\"},{\"hamburg\",\"06174\"},{\"hannover\",\"0637\"},{\"christstollen\",\"478256\"},{\"Xanthippe\",\"48621\"},{\"Zacharias\",\"8478\"},{\"Holzbau\",\"0581\"},{\"matsch\",\"68\"},{\"matz\",\"68\"},{\"Arbeitsamt\",\"071862\"},{\"Eberhard\",\"01772\"},{\"Eberhardt\",\"01772\"},{\"Celsius\",\"8588\"},{\"Ace\",\"08\"},{\"heithabu\",\"021\"}};this.checkEncodings(data);}", "fail": 0}, {"content": "public void testHyphen(){final String[][] data={{\"bergisch-gladbach\",\"174845214\"},{\"M\\u00fcller-L\\u00fcdenscheidt\",\"65752682\"}};this.checkEncodings(data);}", "fail": 0}, {"content": "public void testIsEncodeEquals(){final String[][] data={{\"Muller\",\"M\\u00fcller\"},{\"Meyer\",\"Mayr\"},{\"house\",\"house\"},{\"House\",\"house\"},{\"Haus\",\"house\"},{\"ganz\",\"Gans\"},{\"ganz\",\"G\\u00e4nse\"},{\"Miyagi\",\"Miyako\"}};for (final String[] element : data) {  final boolean encodeEqual=this.getStringEncoder().isEncodeEqual(element[1],element[0]);  Assert.assertTrue(element[1] + \" != \" + element[0],encodeEqual);}}", "fail": 0}, {"content": "public void testVariationsMella(){final String data[]={\"mella\",\"milah\",\"moulla\",\"mellah\",\"muehle\",\"mule\"};this.checkEncodingVariations(\"65\",data);}", "fail": 0}, {"content": "public void testVariationsMeyer(){final String data[]={\"Meier\",\"Maier\",\"Mair\",\"Meyer\",\"Meyr\",\"Mejer\",\"Major\"};this.checkEncodingVariations(\"67\",data);}", "fail": 0}, {"content": "public void testSpecialCharsBetweenSameLetters(){final String data[]={\"Test test\",\"Testtest\",\"Test-test\",\"TesT#Test\",\"TesT?test\"};this.checkEncodingVariations(\"28282\",data);}", "fail": 0}, {"content": "public void main(String args){ColognePhonetic coder=new ColognePhonetic();for (String arg : args) {  String code=coder.encode(arg);  System.out.println(\"'\" + arg + \"' = '\"+ code+ \"'\");}}", "fail": 0}, {"content": "public boolean hasTestCase(String re){for (String s : TESTSET) {  if (s.matches(re)) {    return true;  }}return false;}", "fail": 0}, {"content": "public void finishTests(){int errors=0;for (String m : MATCHES) {  if (!hasTestCase(m)) {    System.out.println(m + \" has no test case\");    errors++;  }}Assert.assertEquals(\"Not expecting any missing test cases\",0,errors);}", "fail": 0}, {"content": "public void checkEncoding(String expected, String source){TESTSET.add(source.toUpperCase(Locale.GERMAN).replace('\u00c4','A').replace('\u00d6','O').replace('\u00dc','U'));super.checkEncoding(expected,source);}", "fail": 0}, {"content": "public ColognePhonetic createStringEncoder(){return new ColognePhonetic();}", "fail": 0}, {"content": "public void testCanFail(){this.checkEncoding(\"/\",\"Fehler\");}", "fail": 0}, {"content": "public void testAabjoe(){this.checkEncoding(\"01\",\"Aabjoe\");}", "fail": 0}, {"content": "public void testAaclan(){this.checkEncoding(\"0856\",\"Aaclan\");}", "fail": 0}, {"content": "public void testAychlmajrForCodec122(){this.checkEncoding(\"04567\",\"Aychlmajr\");}", "fail": 0}, {"content": "public void testEdgeCases(){final String[][] data={{\"a\",\"0\"},{\"e\",\"0\"},{\"i\",\"0\"},{\"o\",\"0\"},{\"u\",\"0\"},{\"\\u00E4\",\"0\"},{\"\\u00F6\",\"0\"},{\"\\u00FC\",\"0\"},{\"\\u00DF\",\"8\"},{\"aa\",\"0\"},{\"ha\",\"0\"},{\"h\",\"\"},{\"aha\",\"0\"},{\"b\",\"1\"},{\"p\",\"1\"},{\"ph\",\"3\"},{\"f\",\"3\"},{\"v\",\"3\"},{\"w\",\"3\"},{\"g\",\"4\"},{\"k\",\"4\"},{\"q\",\"4\"},{\"x\",\"48\"},{\"ax\",\"048\"},{\"cx\",\"48\"},{\"l\",\"5\"},{\"cl\",\"45\"},{\"acl\",\"085\"},{\"mn\",\"6\"},{\"{mn}\",\"6\"},{\"r\",\"7\"}};this.checkEncodings(data);}", "fail": 0}, {"content": "public void testExamples(){final String[][] data={{\"m\\u00DCller\",\"657\"},{\"m\\u00FCller\",\"657\"},{\"schmidt\",\"862\"},{\"schneider\",\"8627\"},{\"fischer\",\"387\"},{\"weber\",\"317\"},{\"wagner\",\"3467\"},{\"becker\",\"147\"},{\"hoffmann\",\"0366\"},{\"sch\\u00C4fer\",\"837\"},{\"sch\\u00e4fer\",\"837\"},{\"Breschnew\",\"17863\"},{\"Wikipedia\",\"3412\"},{\"peter\",\"127\"},{\"pharma\",\"376\"},{\"m\\u00f6nchengladbach\",\"664645214\"},{\"deutsch\",\"28\"},{\"deutz\",\"28\"},{\"hamburg\",\"06174\"},{\"hannover\",\"0637\"},{\"christstollen\",\"478256\"},{\"Xanthippe\",\"48621\"},{\"Zacharias\",\"8478\"},{\"Holzbau\",\"0581\"},{\"matsch\",\"68\"},{\"matz\",\"68\"},{\"Arbeitsamt\",\"071862\"},{\"Eberhard\",\"01772\"},{\"Eberhardt\",\"01772\"},{\"Celsius\",\"8588\"},{\"Ace\",\"08\"},{\"heithabu\",\"021\"}};this.checkEncodings(data);}", "fail": 0}, {"content": "public void testHyphen(){final String[][] data={{\"bergisch-gladbach\",\"174845214\"},{\"M\\u00fcller-L\\u00fcdenscheidt\",\"65752682\"}};this.checkEncodings(data);}", "fail": 0}, {"content": "public void testIsEncodeEquals(){final String[][] data={{\"Muller\",\"M\\u00fcller\"},{\"Meyer\",\"Mayr\"},{\"house\",\"house\"},{\"House\",\"house\"},{\"Haus\",\"house\"},{\"ganz\",\"Gans\"},{\"ganz\",\"G\\u00e4nse\"},{\"Miyagi\",\"Miyako\"}};for (final String[] element : data) {  final boolean encodeEqual=this.getStringEncoder().isEncodeEqual(element[1],element[0]);  Assert.assertTrue(element[1] + \" != \" + element[0],encodeEqual);}}", "fail": 0}, {"content": "public void testVariationsMella(){final String data[]={\"mella\",\"milah\",\"moulla\",\"mellah\",\"muehle\",\"mule\"};this.checkEncodingVariations(\"65\",data);}", "fail": 0}, {"content": "public void testVariationsMeyer(){final String data[]={\"Meier\",\"Maier\",\"Mair\",\"Meyer\",\"Meyr\",\"Mejer\",\"Major\"};this.checkEncodingVariations(\"67\",data);}", "fail": 0}, {"content": "public void testSpecialCharsBetweenSameLetters(){final String data[]={\"Test test\",\"Testtest\",\"Test-test\",\"TesT#Test\",\"TesT?test\"};this.checkEncodingVariations(\"28282\",data);}", "fail": 0}, {"content": "public void main(String args){ColognePhonetic coder=new ColognePhonetic();for (String arg : args) {  String code=coder.encode(arg);  System.out.println(\"'\" + arg + \"' = '\"+ code+ \"'\");}}", "fail": 0}, {"content": "public boolean hasTestCase(String re){for (String s : TESTSET) {  if (s.matches(re)) {    return true;  }}return false;}", "fail": 0}, {"content": "public void finishTests(){int errors=0;for (String m : MATCHES) {  if (!hasTestCase(m)) {    System.out.println(m + \" has no test case\");    errors++;  }}Assert.assertEquals(\"Not expecting any missing test cases\",0,errors);}", "fail": 0}, {"content": "public void checkEncoding(String expected, String source){TESTSET.add(source.toUpperCase(Locale.GERMAN).replace('\u00c4','A').replace('\u00d6','O').replace('\u00dc','U'));super.checkEncoding(expected,source);}", "fail": 0}, {"content": "public ColognePhonetic createStringEncoder(){return new ColognePhonetic();}", "fail": 0}, {"content": "public void testCanFail(){this.checkEncoding(\"/\",\"Fehler\");}", "fail": 0}, {"content": "public void testAabjoe(){this.checkEncoding(\"01\",\"Aabjoe\");}", "fail": 0}, {"content": "public void testAaclan(){this.checkEncoding(\"0856\",\"Aaclan\");}", "fail": 0}, {"content": "public void testAychlmajrForCodec122(){this.checkEncoding(\"04567\",\"Aychlmajr\");}", "fail": 0}, {"content": "public void testEdgeCases(){final String[][] data={{\"a\",\"0\"},{\"e\",\"0\"},{\"i\",\"0\"},{\"o\",\"0\"},{\"u\",\"0\"},{\"\\u00E4\",\"0\"},{\"\\u00F6\",\"0\"},{\"\\u00FC\",\"0\"},{\"\\u00DF\",\"8\"},{\"aa\",\"0\"},{\"ha\",\"0\"},{\"h\",\"\"},{\"aha\",\"0\"},{\"b\",\"1\"},{\"p\",\"1\"},{\"ph\",\"3\"},{\"f\",\"3\"},{\"v\",\"3\"},{\"w\",\"3\"},{\"g\",\"4\"},{\"k\",\"4\"},{\"q\",\"4\"},{\"x\",\"48\"},{\"ax\",\"048\"},{\"cx\",\"48\"},{\"l\",\"5\"},{\"cl\",\"45\"},{\"acl\",\"085\"},{\"mn\",\"6\"},{\"{mn}\",\"6\"},{\"r\",\"7\"}};this.checkEncodings(data);}", "fail": 0}, {"content": "public void testExamples(){final String[][] data={{\"m\\u00DCller\",\"657\"},{\"m\\u00FCller\",\"657\"},{\"schmidt\",\"862\"},{\"schneider\",\"8627\"},{\"fischer\",\"387\"},{\"weber\",\"317\"},{\"wagner\",\"3467\"},{\"becker\",\"147\"},{\"hoffmann\",\"0366\"},{\"sch\\u00C4fer\",\"837\"},{\"sch\\u00e4fer\",\"837\"},{\"Breschnew\",\"17863\"},{\"Wikipedia\",\"3412\"},{\"peter\",\"127\"},{\"pharma\",\"376\"},{\"m\\u00f6nchengladbach\",\"664645214\"},{\"deutsch\",\"28\"},{\"deutz\",\"28\"},{\"hamburg\",\"06174\"},{\"hannover\",\"0637\"},{\"christstollen\",\"478256\"},{\"Xanthippe\",\"48621\"},{\"Zacharias\",\"8478\"},{\"Holzbau\",\"0581\"},{\"matsch\",\"68\"},{\"matz\",\"68\"},{\"Arbeitsamt\",\"071862\"},{\"Eberhard\",\"01772\"},{\"Eberhardt\",\"01772\"},{\"Celsius\",\"8588\"},{\"Ace\",\"08\"},{\"heithabu\",\"021\"}};this.checkEncodings(data);}", "fail": 0}, {"content": "public void testHyphen(){final String[][] data={{\"bergisch-gladbach\",\"174845214\"},{\"M\\u00fcller-L\\u00fcdenscheidt\",\"65752682\"}};this.checkEncodings(data);}", "fail": 0}, {"content": "public void testIsEncodeEquals(){final String[][] data={{\"Muller\",\"M\\u00fcller\"},{\"Meyer\",\"Mayr\"},{\"house\",\"house\"},{\"House\",\"house\"},{\"Haus\",\"house\"},{\"ganz\",\"Gans\"},{\"ganz\",\"G\\u00e4nse\"},{\"Miyagi\",\"Miyako\"}};for (final String[] element : data) {  final boolean encodeEqual=this.getStringEncoder().isEncodeEqual(element[1],element[0]);  Assert.assertTrue(element[1] + \" != \" + element[0],encodeEqual);}}", "fail": 0}, {"content": "public void testVariationsMella(){final String data[]={\"mella\",\"milah\",\"moulla\",\"mellah\",\"muehle\",\"mule\"};this.checkEncodingVariations(\"65\",data);}", "fail": 0}, {"content": "public void testVariationsMeyer(){final String data[]={\"Meier\",\"Maier\",\"Mair\",\"Meyer\",\"Meyr\",\"Mejer\",\"Major\"};this.checkEncodingVariations(\"67\",data);}", "fail": 0}, {"content": "public void testSpecialCharsBetweenSameLetters(){final String data[]={\"Test test\",\"Testtest\",\"Test-test\",\"TesT#Test\",\"TesT?test\"};this.checkEncodingVariations(\"28282\",data);}", "fail": 0}, {"content": "public void main(String args){ColognePhonetic coder=new ColognePhonetic();for (String arg : args) {  String code=coder.encode(arg);  System.out.println(\"'\" + arg + \"' = '\"+ code+ \"'\");}}", "fail": 0}, {"content": "public void testExamples(){final String[][] data={{\"m\\u00DCller\",\"657\"},{\"m\\u00FCller\",\"657\"},{\"schmidt\",\"862\"},{\"schneider\",\"8627\"},{\"fischer\",\"387\"},{\"weber\",\"317\"},{\"wagner\",\"3467\"},{\"becker\",\"147\"},{\"hoffmann\",\"0366\"},{\"sch\\u00C4fer\",\"837\"},{\"sch\\u00e4fer\",\"837\"},{\"Breschnew\",\"17863\"},{\"Wikipedia\",\"3412\"},{\"peter\",\"127\"},{\"pharma\",\"376\"},{\"m\\u00f6nchengladbach\",\"664645214\"},{\"deutsch\",\"28\"},{\"deutz\",\"28\"},{\"hamburg\",\"06174\"},{\"hannover\",\"0637\"},{\"christstollen\",\"478256\"},{\"Xanthippe\",\"48621\"},{\"Zacharias\",\"8478\"},{\"Holzbau\",\"0581\"},{\"matsch\",\"68\"},{\"matz\",\"68\"},{\"Arbeitsamt\",\"071862\"},{\"Eberhard\",\"01772\"},{\"Eberhardt\",\"01772\"},{\"Celsius\",\"8588\"},{\"Ace\",\"08\"},{\"heithabu\",\"021\"}};this.checkEncodings(data);}", "fail": 1}, {"content": "public boolean hasTestCase(String re){for (String s : TESTSET) {  if (s.matches(re)) {    return true;  }}return false;}", "fail": 0}, {"content": "public void finishTests(){int errors=0;for (String m : MATCHES) {  if (!hasTestCase(m)) {    System.out.println(m + \" has no test case\");    errors++;  }}Assert.assertEquals(\"Not expecting any missing test cases\",0,errors);}", "fail": 0}, {"content": "public void checkEncoding(String expected, String source){TESTSET.add(source.toUpperCase(Locale.GERMAN).replace('\u00c4','A').replace('\u00d6','O').replace('\u00dc','U'));super.checkEncoding(expected,source);}", "fail": 0}, {"content": "public ColognePhonetic createStringEncoder(){return new ColognePhonetic();}", "fail": 0}, {"content": "public void testCanFail(){this.checkEncoding(\"/\",\"Fehler\");}", "fail": 0}, {"content": "public void testAabjoe(){this.checkEncoding(\"01\",\"Aabjoe\");}", "fail": 0}, {"content": "public void testAaclan(){this.checkEncoding(\"0856\",\"Aaclan\");}", "fail": 0}, {"content": "public void testAychlmajrForCodec122(){this.checkEncoding(\"04567\",\"Aychlmajr\");}", "fail": 0}, {"content": "public void testEdgeCases(){final String[][] data={{\"a\",\"0\"},{\"e\",\"0\"},{\"i\",\"0\"},{\"o\",\"0\"},{\"u\",\"0\"},{\"\\u00E4\",\"0\"},{\"\\u00F6\",\"0\"},{\"\\u00FC\",\"0\"},{\"\\u00DF\",\"8\"},{\"aa\",\"0\"},{\"ha\",\"0\"},{\"h\",\"\"},{\"aha\",\"0\"},{\"b\",\"1\"},{\"p\",\"1\"},{\"ph\",\"3\"},{\"f\",\"3\"},{\"v\",\"3\"},{\"w\",\"3\"},{\"g\",\"4\"},{\"k\",\"4\"},{\"q\",\"4\"},{\"x\",\"48\"},{\"ax\",\"048\"},{\"cx\",\"48\"},{\"l\",\"5\"},{\"cl\",\"45\"},{\"acl\",\"085\"},{\"mn\",\"6\"},{\"{mn}\",\"6\"},{\"r\",\"7\"}};this.checkEncodings(data);}", "fail": 0}, {"content": "public void testHyphen(){final String[][] data={{\"bergisch-gladbach\",\"174845214\"},{\"M\\u00fcller-L\\u00fcdenscheidt\",\"65752682\"}};this.checkEncodings(data);}", "fail": 0}, {"content": "public void testIsEncodeEquals(){final String[][] data={{\"Muller\",\"M\\u00fcller\"},{\"Meyer\",\"Mayr\"},{\"house\",\"house\"},{\"House\",\"house\"},{\"Haus\",\"house\"},{\"ganz\",\"Gans\"},{\"ganz\",\"G\\u00e4nse\"},{\"Miyagi\",\"Miyako\"}};for (final String[] element : data) {  final boolean encodeEqual=this.getStringEncoder().isEncodeEqual(element[1],element[0]);  Assert.assertTrue(element[1] + \" != \" + element[0],encodeEqual);}}", "fail": 0}, {"content": "public void testVariationsMella(){final String data[]={\"mella\",\"milah\",\"moulla\",\"mellah\",\"muehle\",\"mule\"};this.checkEncodingVariations(\"65\",data);}", "fail": 0}, {"content": "public void testVariationsMeyer(){final String data[]={\"Meier\",\"Maier\",\"Mair\",\"Meyer\",\"Meyr\",\"Mejer\",\"Major\"};this.checkEncodingVariations(\"67\",data);}", "fail": 0}, {"content": "public void testSpecialCharsBetweenSameLetters(){final String data[]={\"Test test\",\"Testtest\",\"Test-test\",\"TesT#Test\",\"TesT?test\"};this.checkEncodingVariations(\"28282\",data);}", "fail": 0}, {"content": "public void main(String args){ColognePhonetic coder=new ColognePhonetic();for (String arg : args) {  String code=coder.encode(arg);  System.out.println(\"'\" + arg + \"' = '\"+ code+ \"'\");}}", "fail": 0}, {"content": "public void testHyphen(){final String[][] data={{\"bergisch-gladbach\",\"174845214\"},{\"M\\u00fcller-L\\u00fcdenscheidt\",\"65752682\"}};this.checkEncodings(data);}", "fail": 1}, {"content": "public boolean hasTestCase(String re){for (String s : TESTSET) {  if (s.matches(re)) {    return true;  }}return false;}", "fail": 0}, {"content": "public void finishTests(){int errors=0;for (String m : MATCHES) {  if (!hasTestCase(m)) {    System.out.println(m + \" has no test case\");    errors++;  }}Assert.assertEquals(\"Not expecting any missing test cases\",0,errors);}", "fail": 0}, {"content": "public void checkEncoding(String expected, String source){TESTSET.add(source.toUpperCase(Locale.GERMAN).replace('\u00c4','A').replace('\u00d6','O').replace('\u00dc','U'));super.checkEncoding(expected,source);}", "fail": 0}, {"content": "public ColognePhonetic createStringEncoder(){return new ColognePhonetic();}", "fail": 0}, {"content": "public void testCanFail(){this.checkEncoding(\"/\",\"Fehler\");}", "fail": 0}, {"content": "public void testAabjoe(){this.checkEncoding(\"01\",\"Aabjoe\");}", "fail": 0}, {"content": "public void testAaclan(){this.checkEncoding(\"0856\",\"Aaclan\");}", "fail": 0}, {"content": "public void testAychlmajrForCodec122(){this.checkEncoding(\"04567\",\"Aychlmajr\");}", "fail": 0}, {"content": "public void testEdgeCases(){final String[][] data={{\"a\",\"0\"},{\"e\",\"0\"},{\"i\",\"0\"},{\"o\",\"0\"},{\"u\",\"0\"},{\"\\u00E4\",\"0\"},{\"\\u00F6\",\"0\"},{\"\\u00FC\",\"0\"},{\"\\u00DF\",\"8\"},{\"aa\",\"0\"},{\"ha\",\"0\"},{\"h\",\"\"},{\"aha\",\"0\"},{\"b\",\"1\"},{\"p\",\"1\"},{\"ph\",\"3\"},{\"f\",\"3\"},{\"v\",\"3\"},{\"w\",\"3\"},{\"g\",\"4\"},{\"k\",\"4\"},{\"q\",\"4\"},{\"x\",\"48\"},{\"ax\",\"048\"},{\"cx\",\"48\"},{\"l\",\"5\"},{\"cl\",\"45\"},{\"acl\",\"085\"},{\"mn\",\"6\"},{\"{mn}\",\"6\"},{\"r\",\"7\"}};this.checkEncodings(data);}", "fail": 0}, {"content": "public void testExamples(){final String[][] data={{\"m\\u00DCller\",\"657\"},{\"m\\u00FCller\",\"657\"},{\"schmidt\",\"862\"},{\"schneider\",\"8627\"},{\"fischer\",\"387\"},{\"weber\",\"317\"},{\"wagner\",\"3467\"},{\"becker\",\"147\"},{\"hoffmann\",\"0366\"},{\"sch\\u00C4fer\",\"837\"},{\"sch\\u00e4fer\",\"837\"},{\"Breschnew\",\"17863\"},{\"Wikipedia\",\"3412\"},{\"peter\",\"127\"},{\"pharma\",\"376\"},{\"m\\u00f6nchengladbach\",\"664645214\"},{\"deutsch\",\"28\"},{\"deutz\",\"28\"},{\"hamburg\",\"06174\"},{\"hannover\",\"0637\"},{\"christstollen\",\"478256\"},{\"Xanthippe\",\"48621\"},{\"Zacharias\",\"8478\"},{\"Holzbau\",\"0581\"},{\"matsch\",\"68\"},{\"matz\",\"68\"},{\"Arbeitsamt\",\"071862\"},{\"Eberhard\",\"01772\"},{\"Eberhardt\",\"01772\"},{\"Celsius\",\"8588\"},{\"Ace\",\"08\"},{\"heithabu\",\"021\"}};this.checkEncodings(data);}", "fail": 0}, {"content": "public void testIsEncodeEquals(){final String[][] data={{\"Muller\",\"M\\u00fcller\"},{\"Meyer\",\"Mayr\"},{\"house\",\"house\"},{\"House\",\"house\"},{\"Haus\",\"house\"},{\"ganz\",\"Gans\"},{\"ganz\",\"G\\u00e4nse\"},{\"Miyagi\",\"Miyako\"}};for (final String[] element : data) {  final boolean encodeEqual=this.getStringEncoder().isEncodeEqual(element[1],element[0]);  Assert.assertTrue(element[1] + \" != \" + element[0],encodeEqual);}}", "fail": 0}, {"content": "public void testVariationsMella(){final String data[]={\"mella\",\"milah\",\"moulla\",\"mellah\",\"muehle\",\"mule\"};this.checkEncodingVariations(\"65\",data);}", "fail": 0}, {"content": "public void testVariationsMeyer(){final String data[]={\"Meier\",\"Maier\",\"Mair\",\"Meyer\",\"Meyr\",\"Mejer\",\"Major\"};this.checkEncodingVariations(\"67\",data);}", "fail": 0}, {"content": "public void testSpecialCharsBetweenSameLetters(){final String data[]={\"Test test\",\"Testtest\",\"Test-test\",\"TesT#Test\",\"TesT?test\"};this.checkEncodingVariations(\"28282\",data);}", "fail": 0}, {"content": "public void main(String args){ColognePhonetic coder=new ColognePhonetic();for (String arg : args) {  String code=coder.encode(arg);  System.out.println(\"'\" + arg + \"' = '\"+ code+ \"'\");}}", "fail": 0}, {"content": "public void testIsEncodeEquals(){final String[][] data={{\"Muller\",\"M\\u00fcller\"},{\"Meyer\",\"Mayr\"},{\"house\",\"house\"},{\"House\",\"house\"},{\"Haus\",\"house\"},{\"ganz\",\"Gans\"},{\"ganz\",\"G\\u00e4nse\"},{\"Miyagi\",\"Miyako\"}};for (final String[] element : data) {  final boolean encodeEqual=this.getStringEncoder().isEncodeEqual(element[1],element[0]);  Assert.assertTrue(element[1] + \" != \" + element[0],encodeEqual);}}", "fail": 1}, {"content": "public boolean hasTestCase(String re){for (String s : TESTSET) {  if (s.matches(re)) {    return true;  }}return false;}", "fail": 0}, {"content": "public void finishTests(){int errors=0;for (String m : MATCHES) {  if (!hasTestCase(m)) {    System.out.println(m + \" has no test case\");    errors++;  }}Assert.assertEquals(\"Not expecting any missing test cases\",0,errors);}", "fail": 0}, {"content": "public void checkEncoding(String expected, String source){TESTSET.add(source.toUpperCase(Locale.GERMAN).replace('\u00c4','A').replace('\u00d6','O').replace('\u00dc','U'));super.checkEncoding(expected,source);}", "fail": 0}, {"content": "public ColognePhonetic createStringEncoder(){return new ColognePhonetic();}", "fail": 0}, {"content": "public void testCanFail(){this.checkEncoding(\"/\",\"Fehler\");}", "fail": 0}, {"content": "public void testAabjoe(){this.checkEncoding(\"01\",\"Aabjoe\");}", "fail": 0}, {"content": "public void testAaclan(){this.checkEncoding(\"0856\",\"Aaclan\");}", "fail": 0}, {"content": "public void testAychlmajrForCodec122(){this.checkEncoding(\"04567\",\"Aychlmajr\");}", "fail": 0}, {"content": "public void testEdgeCases(){final String[][] data={{\"a\",\"0\"},{\"e\",\"0\"},{\"i\",\"0\"},{\"o\",\"0\"},{\"u\",\"0\"},{\"\\u00E4\",\"0\"},{\"\\u00F6\",\"0\"},{\"\\u00FC\",\"0\"},{\"\\u00DF\",\"8\"},{\"aa\",\"0\"},{\"ha\",\"0\"},{\"h\",\"\"},{\"aha\",\"0\"},{\"b\",\"1\"},{\"p\",\"1\"},{\"ph\",\"3\"},{\"f\",\"3\"},{\"v\",\"3\"},{\"w\",\"3\"},{\"g\",\"4\"},{\"k\",\"4\"},{\"q\",\"4\"},{\"x\",\"48\"},{\"ax\",\"048\"},{\"cx\",\"48\"},{\"l\",\"5\"},{\"cl\",\"45\"},{\"acl\",\"085\"},{\"mn\",\"6\"},{\"{mn}\",\"6\"},{\"r\",\"7\"}};this.checkEncodings(data);}", "fail": 0}, {"content": "public void testExamples(){final String[][] data={{\"m\\u00DCller\",\"657\"},{\"m\\u00FCller\",\"657\"},{\"schmidt\",\"862\"},{\"schneider\",\"8627\"},{\"fischer\",\"387\"},{\"weber\",\"317\"},{\"wagner\",\"3467\"},{\"becker\",\"147\"},{\"hoffmann\",\"0366\"},{\"sch\\u00C4fer\",\"837\"},{\"sch\\u00e4fer\",\"837\"},{\"Breschnew\",\"17863\"},{\"Wikipedia\",\"3412\"},{\"peter\",\"127\"},{\"pharma\",\"376\"},{\"m\\u00f6nchengladbach\",\"664645214\"},{\"deutsch\",\"28\"},{\"deutz\",\"28\"},{\"hamburg\",\"06174\"},{\"hannover\",\"0637\"},{\"christstollen\",\"478256\"},{\"Xanthippe\",\"48621\"},{\"Zacharias\",\"8478\"},{\"Holzbau\",\"0581\"},{\"matsch\",\"68\"},{\"matz\",\"68\"},{\"Arbeitsamt\",\"071862\"},{\"Eberhard\",\"01772\"},{\"Eberhardt\",\"01772\"},{\"Celsius\",\"8588\"},{\"Ace\",\"08\"},{\"heithabu\",\"021\"}};this.checkEncodings(data);}", "fail": 0}, {"content": "public void testHyphen(){final String[][] data={{\"bergisch-gladbach\",\"174845214\"},{\"M\\u00fcller-L\\u00fcdenscheidt\",\"65752682\"}};this.checkEncodings(data);}", "fail": 0}, {"content": "public void testVariationsMella(){final String data[]={\"mella\",\"milah\",\"moulla\",\"mellah\",\"muehle\",\"mule\"};this.checkEncodingVariations(\"65\",data);}", "fail": 0}, {"content": "public void testVariationsMeyer(){final String data[]={\"Meier\",\"Maier\",\"Mair\",\"Meyer\",\"Meyr\",\"Mejer\",\"Major\"};this.checkEncodingVariations(\"67\",data);}", "fail": 0}, {"content": "public void testSpecialCharsBetweenSameLetters(){final String data[]={\"Test test\",\"Testtest\",\"Test-test\",\"TesT#Test\",\"TesT?test\"};this.checkEncodingVariations(\"28282\",data);}", "fail": 0}, {"content": "public void main(String args){ColognePhonetic coder=new ColognePhonetic();for (String arg : args) {  String code=coder.encode(arg);  System.out.println(\"'\" + arg + \"' = '\"+ code+ \"'\");}}", "fail": 0}, {"content": "public boolean hasTestCase(String re){for (String s : TESTSET) {  if (s.matches(re)) {    return true;  }}return false;}", "fail": 0}, {"content": "public void finishTests(){int errors=0;for (String m : MATCHES) {  if (!hasTestCase(m)) {    System.out.println(m + \" has no test case\");    errors++;  }}Assert.assertEquals(\"Not expecting any missing test cases\",0,errors);}", "fail": 0}, {"content": "public void checkEncoding(String expected, String source){TESTSET.add(source.toUpperCase(Locale.GERMAN).replace('\u00c4','A').replace('\u00d6','O').replace('\u00dc','U'));super.checkEncoding(expected,source);}", "fail": 0}, {"content": "public ColognePhonetic createStringEncoder(){return new ColognePhonetic();}", "fail": 0}, {"content": "public void testCanFail(){this.checkEncoding(\"/\",\"Fehler\");}", "fail": 0}, {"content": "public void testAabjoe(){this.checkEncoding(\"01\",\"Aabjoe\");}", "fail": 0}, {"content": "public void testAaclan(){this.checkEncoding(\"0856\",\"Aaclan\");}", "fail": 0}, {"content": "public void testAychlmajrForCodec122(){this.checkEncoding(\"04567\",\"Aychlmajr\");}", "fail": 0}, {"content": "public void testEdgeCases(){final String[][] data={{\"a\",\"0\"},{\"e\",\"0\"},{\"i\",\"0\"},{\"o\",\"0\"},{\"u\",\"0\"},{\"\\u00E4\",\"0\"},{\"\\u00F6\",\"0\"},{\"\\u00FC\",\"0\"},{\"\\u00DF\",\"8\"},{\"aa\",\"0\"},{\"ha\",\"0\"},{\"h\",\"\"},{\"aha\",\"0\"},{\"b\",\"1\"},{\"p\",\"1\"},{\"ph\",\"3\"},{\"f\",\"3\"},{\"v\",\"3\"},{\"w\",\"3\"},{\"g\",\"4\"},{\"k\",\"4\"},{\"q\",\"4\"},{\"x\",\"48\"},{\"ax\",\"048\"},{\"cx\",\"48\"},{\"l\",\"5\"},{\"cl\",\"45\"},{\"acl\",\"085\"},{\"mn\",\"6\"},{\"{mn}\",\"6\"},{\"r\",\"7\"}};this.checkEncodings(data);}", "fail": 0}, {"content": "public void testExamples(){final String[][] data={{\"m\\u00DCller\",\"657\"},{\"m\\u00FCller\",\"657\"},{\"schmidt\",\"862\"},{\"schneider\",\"8627\"},{\"fischer\",\"387\"},{\"weber\",\"317\"},{\"wagner\",\"3467\"},{\"becker\",\"147\"},{\"hoffmann\",\"0366\"},{\"sch\\u00C4fer\",\"837\"},{\"sch\\u00e4fer\",\"837\"},{\"Breschnew\",\"17863\"},{\"Wikipedia\",\"3412\"},{\"peter\",\"127\"},{\"pharma\",\"376\"},{\"m\\u00f6nchengladbach\",\"664645214\"},{\"deutsch\",\"28\"},{\"deutz\",\"28\"},{\"hamburg\",\"06174\"},{\"hannover\",\"0637\"},{\"christstollen\",\"478256\"},{\"Xanthippe\",\"48621\"},{\"Zacharias\",\"8478\"},{\"Holzbau\",\"0581\"},{\"matsch\",\"68\"},{\"matz\",\"68\"},{\"Arbeitsamt\",\"071862\"},{\"Eberhard\",\"01772\"},{\"Eberhardt\",\"01772\"},{\"Celsius\",\"8588\"},{\"Ace\",\"08\"},{\"heithabu\",\"021\"}};this.checkEncodings(data);}", "fail": 0}, {"content": "public void testHyphen(){final String[][] data={{\"bergisch-gladbach\",\"174845214\"},{\"M\\u00fcller-L\\u00fcdenscheidt\",\"65752682\"}};this.checkEncodings(data);}", "fail": 0}, {"content": "public void testIsEncodeEquals(){final String[][] data={{\"Muller\",\"M\\u00fcller\"},{\"Meyer\",\"Mayr\"},{\"house\",\"house\"},{\"House\",\"house\"},{\"Haus\",\"house\"},{\"ganz\",\"Gans\"},{\"ganz\",\"G\\u00e4nse\"},{\"Miyagi\",\"Miyako\"}};for (final String[] element : data) {  final boolean encodeEqual=this.getStringEncoder().isEncodeEqual(element[1],element[0]);  Assert.assertTrue(element[1] + \" != \" + element[0],encodeEqual);}}", "fail": 0}, {"content": "public void testVariationsMella(){final String data[]={\"mella\",\"milah\",\"moulla\",\"mellah\",\"muehle\",\"mule\"};this.checkEncodingVariations(\"65\",data);}", "fail": 0}, {"content": "public void testVariationsMeyer(){final String data[]={\"Meier\",\"Maier\",\"Mair\",\"Meyer\",\"Meyr\",\"Mejer\",\"Major\"};this.checkEncodingVariations(\"67\",data);}", "fail": 0}, {"content": "public void testSpecialCharsBetweenSameLetters(){final String data[]={\"Test test\",\"Testtest\",\"Test-test\",\"TesT#Test\",\"TesT?test\"};this.checkEncodingVariations(\"28282\",data);}", "fail": 0}, {"content": "public void main(String args){ColognePhonetic coder=new ColognePhonetic();for (String arg : args) {  String code=coder.encode(arg);  System.out.println(\"'\" + arg + \"' = '\"+ code+ \"'\");}}", "fail": 0}, {"content": "public void testSpecialCharsBetweenSameLetters(){final String data[]={\"Test test\",\"Testtest\",\"Test-test\",\"TesT#Test\",\"TesT?test\"};this.checkEncodingVariations(\"28282\",data);}", "fail": 1}, {"content": "public boolean hasTestCase(String re){for (String s : TESTSET) {  if (s.matches(re)) {    return true;  }}return false;}", "fail": 0}, {"content": "public void finishTests(){int errors=0;for (String m : MATCHES) {  if (!hasTestCase(m)) {    System.out.println(m + \" has no test case\");    errors++;  }}Assert.assertEquals(\"Not expecting any missing test cases\",0,errors);}", "fail": 0}, {"content": "public void checkEncoding(String expected, String source){TESTSET.add(source.toUpperCase(Locale.GERMAN).replace('\u00c4','A').replace('\u00d6','O').replace('\u00dc','U'));super.checkEncoding(expected,source);}", "fail": 0}, {"content": "public ColognePhonetic createStringEncoder(){return new ColognePhonetic();}", "fail": 0}, {"content": "public void testCanFail(){this.checkEncoding(\"/\",\"Fehler\");}", "fail": 0}, {"content": "public void testAabjoe(){this.checkEncoding(\"01\",\"Aabjoe\");}", "fail": 0}, {"content": "public void testAaclan(){this.checkEncoding(\"0856\",\"Aaclan\");}", "fail": 0}, {"content": "public void testAychlmajrForCodec122(){this.checkEncoding(\"04567\",\"Aychlmajr\");}", "fail": 0}, {"content": "public void testEdgeCases(){final String[][] data={{\"a\",\"0\"},{\"e\",\"0\"},{\"i\",\"0\"},{\"o\",\"0\"},{\"u\",\"0\"},{\"\\u00E4\",\"0\"},{\"\\u00F6\",\"0\"},{\"\\u00FC\",\"0\"},{\"\\u00DF\",\"8\"},{\"aa\",\"0\"},{\"ha\",\"0\"},{\"h\",\"\"},{\"aha\",\"0\"},{\"b\",\"1\"},{\"p\",\"1\"},{\"ph\",\"3\"},{\"f\",\"3\"},{\"v\",\"3\"},{\"w\",\"3\"},{\"g\",\"4\"},{\"k\",\"4\"},{\"q\",\"4\"},{\"x\",\"48\"},{\"ax\",\"048\"},{\"cx\",\"48\"},{\"l\",\"5\"},{\"cl\",\"45\"},{\"acl\",\"085\"},{\"mn\",\"6\"},{\"{mn}\",\"6\"},{\"r\",\"7\"}};this.checkEncodings(data);}", "fail": 0}, {"content": "public void testExamples(){final String[][] data={{\"m\\u00DCller\",\"657\"},{\"m\\u00FCller\",\"657\"},{\"schmidt\",\"862\"},{\"schneider\",\"8627\"},{\"fischer\",\"387\"},{\"weber\",\"317\"},{\"wagner\",\"3467\"},{\"becker\",\"147\"},{\"hoffmann\",\"0366\"},{\"sch\\u00C4fer\",\"837\"},{\"sch\\u00e4fer\",\"837\"},{\"Breschnew\",\"17863\"},{\"Wikipedia\",\"3412\"},{\"peter\",\"127\"},{\"pharma\",\"376\"},{\"m\\u00f6nchengladbach\",\"664645214\"},{\"deutsch\",\"28\"},{\"deutz\",\"28\"},{\"hamburg\",\"06174\"},{\"hannover\",\"0637\"},{\"christstollen\",\"478256\"},{\"Xanthippe\",\"48621\"},{\"Zacharias\",\"8478\"},{\"Holzbau\",\"0581\"},{\"matsch\",\"68\"},{\"matz\",\"68\"},{\"Arbeitsamt\",\"071862\"},{\"Eberhard\",\"01772\"},{\"Eberhardt\",\"01772\"},{\"Celsius\",\"8588\"},{\"Ace\",\"08\"},{\"heithabu\",\"021\"}};this.checkEncodings(data);}", "fail": 0}, {"content": "public void testHyphen(){final String[][] data={{\"bergisch-gladbach\",\"174845214\"},{\"M\\u00fcller-L\\u00fcdenscheidt\",\"65752682\"}};this.checkEncodings(data);}", "fail": 0}, {"content": "public void testIsEncodeEquals(){final String[][] data={{\"Muller\",\"M\\u00fcller\"},{\"Meyer\",\"Mayr\"},{\"house\",\"house\"},{\"House\",\"house\"},{\"Haus\",\"house\"},{\"ganz\",\"Gans\"},{\"ganz\",\"G\\u00e4nse\"},{\"Miyagi\",\"Miyako\"}};for (final String[] element : data) {  final boolean encodeEqual=this.getStringEncoder().isEncodeEqual(element[1],element[0]);  Assert.assertTrue(element[1] + \" != \" + element[0],encodeEqual);}}", "fail": 0}, {"content": "public void testVariationsMella(){final String data[]={\"mella\",\"milah\",\"moulla\",\"mellah\",\"muehle\",\"mule\"};this.checkEncodingVariations(\"65\",data);}", "fail": 0}, {"content": "public void testVariationsMeyer(){final String data[]={\"Meier\",\"Maier\",\"Mair\",\"Meyer\",\"Meyr\",\"Mejer\",\"Major\"};this.checkEncodingVariations(\"67\",data);}", "fail": 0}, {"content": "public void main(String args){ColognePhonetic coder=new ColognePhonetic();for (String arg : args) {  String code=coder.encode(arg);  System.out.println(\"'\" + arg + \"' = '\"+ code+ \"'\");}}", "fail": 0}, {"content": "public void testVariationsMella(){final String data[]={\"mella\",\"milah\",\"moulla\",\"mellah\",\"muehle\",\"mule\"};this.checkEncodingVariations(\"65\",data);}", "fail": 1}, {"content": "public boolean hasTestCase(String re){for (String s : TESTSET) {  if (s.matches(re)) {    return true;  }}return false;}", "fail": 0}, {"content": "public void finishTests(){int errors=0;for (String m : MATCHES) {  if (!hasTestCase(m)) {    System.out.println(m + \" has no test case\");    errors++;  }}Assert.assertEquals(\"Not expecting any missing test cases\",0,errors);}", "fail": 0}, {"content": "public void checkEncoding(String expected, String source){TESTSET.add(source.toUpperCase(Locale.GERMAN).replace('\u00c4','A').replace('\u00d6','O').replace('\u00dc','U'));super.checkEncoding(expected,source);}", "fail": 0}, {"content": "public ColognePhonetic createStringEncoder(){return new ColognePhonetic();}", "fail": 0}, {"content": "public void testCanFail(){this.checkEncoding(\"/\",\"Fehler\");}", "fail": 0}, {"content": "public void testAabjoe(){this.checkEncoding(\"01\",\"Aabjoe\");}", "fail": 0}, {"content": "public void testAaclan(){this.checkEncoding(\"0856\",\"Aaclan\");}", "fail": 0}, {"content": "public void testAychlmajrForCodec122(){this.checkEncoding(\"04567\",\"Aychlmajr\");}", "fail": 0}, {"content": "public void testEdgeCases(){final String[][] data={{\"a\",\"0\"},{\"e\",\"0\"},{\"i\",\"0\"},{\"o\",\"0\"},{\"u\",\"0\"},{\"\\u00E4\",\"0\"},{\"\\u00F6\",\"0\"},{\"\\u00FC\",\"0\"},{\"\\u00DF\",\"8\"},{\"aa\",\"0\"},{\"ha\",\"0\"},{\"h\",\"\"},{\"aha\",\"0\"},{\"b\",\"1\"},{\"p\",\"1\"},{\"ph\",\"3\"},{\"f\",\"3\"},{\"v\",\"3\"},{\"w\",\"3\"},{\"g\",\"4\"},{\"k\",\"4\"},{\"q\",\"4\"},{\"x\",\"48\"},{\"ax\",\"048\"},{\"cx\",\"48\"},{\"l\",\"5\"},{\"cl\",\"45\"},{\"acl\",\"085\"},{\"mn\",\"6\"},{\"{mn}\",\"6\"},{\"r\",\"7\"}};this.checkEncodings(data);}", "fail": 0}, {"content": "public void testExamples(){final String[][] data={{\"m\\u00DCller\",\"657\"},{\"m\\u00FCller\",\"657\"},{\"schmidt\",\"862\"},{\"schneider\",\"8627\"},{\"fischer\",\"387\"},{\"weber\",\"317\"},{\"wagner\",\"3467\"},{\"becker\",\"147\"},{\"hoffmann\",\"0366\"},{\"sch\\u00C4fer\",\"837\"},{\"sch\\u00e4fer\",\"837\"},{\"Breschnew\",\"17863\"},{\"Wikipedia\",\"3412\"},{\"peter\",\"127\"},{\"pharma\",\"376\"},{\"m\\u00f6nchengladbach\",\"664645214\"},{\"deutsch\",\"28\"},{\"deutz\",\"28\"},{\"hamburg\",\"06174\"},{\"hannover\",\"0637\"},{\"christstollen\",\"478256\"},{\"Xanthippe\",\"48621\"},{\"Zacharias\",\"8478\"},{\"Holzbau\",\"0581\"},{\"matsch\",\"68\"},{\"matz\",\"68\"},{\"Arbeitsamt\",\"071862\"},{\"Eberhard\",\"01772\"},{\"Eberhardt\",\"01772\"},{\"Celsius\",\"8588\"},{\"Ace\",\"08\"},{\"heithabu\",\"021\"}};this.checkEncodings(data);}", "fail": 0}, {"content": "public void testHyphen(){final String[][] data={{\"bergisch-gladbach\",\"174845214\"},{\"M\\u00fcller-L\\u00fcdenscheidt\",\"65752682\"}};this.checkEncodings(data);}", "fail": 0}, {"content": "public void testIsEncodeEquals(){final String[][] data={{\"Muller\",\"M\\u00fcller\"},{\"Meyer\",\"Mayr\"},{\"house\",\"house\"},{\"House\",\"house\"},{\"Haus\",\"house\"},{\"ganz\",\"Gans\"},{\"ganz\",\"G\\u00e4nse\"},{\"Miyagi\",\"Miyako\"}};for (final String[] element : data) {  final boolean encodeEqual=this.getStringEncoder().isEncodeEqual(element[1],element[0]);  Assert.assertTrue(element[1] + \" != \" + element[0],encodeEqual);}}", "fail": 0}, {"content": "public void testVariationsMeyer(){final String data[]={\"Meier\",\"Maier\",\"Mair\",\"Meyer\",\"Meyr\",\"Mejer\",\"Major\"};this.checkEncodingVariations(\"67\",data);}", "fail": 0}, {"content": "public void testSpecialCharsBetweenSameLetters(){final String data[]={\"Test test\",\"Testtest\",\"Test-test\",\"TesT#Test\",\"TesT?test\"};this.checkEncodingVariations(\"28282\",data);}", "fail": 0}, {"content": "public void main(String args){ColognePhonetic coder=new ColognePhonetic();for (String arg : args) {  String code=coder.encode(arg);  System.out.println(\"'\" + arg + \"' = '\"+ code+ \"'\");}}", "fail": 0}, {"content": "public void testVariationsMeyer(){final String data[]={\"Meier\",\"Maier\",\"Mair\",\"Meyer\",\"Meyr\",\"Mejer\",\"Major\"};this.checkEncodingVariations(\"67\",data);}", "fail": 1}, {"content": "public boolean hasTestCase(String re){for (String s : TESTSET) {  if (s.matches(re)) {    return true;  }}return false;}", "fail": 0}, {"content": "public void finishTests(){int errors=0;for (String m : MATCHES) {  if (!hasTestCase(m)) {    System.out.println(m + \" has no test case\");    errors++;  }}Assert.assertEquals(\"Not expecting any missing test cases\",0,errors);}", "fail": 0}, {"content": "public void checkEncoding(String expected, String source){TESTSET.add(source.toUpperCase(Locale.GERMAN).replace('\u00c4','A').replace('\u00d6','O').replace('\u00dc','U'));super.checkEncoding(expected,source);}", "fail": 0}, {"content": "public ColognePhonetic createStringEncoder(){return new ColognePhonetic();}", "fail": 0}, {"content": "public void testCanFail(){this.checkEncoding(\"/\",\"Fehler\");}", "fail": 0}, {"content": "public void testAabjoe(){this.checkEncoding(\"01\",\"Aabjoe\");}", "fail": 0}, {"content": "public void testAaclan(){this.checkEncoding(\"0856\",\"Aaclan\");}", "fail": 0}, {"content": "public void testAychlmajrForCodec122(){this.checkEncoding(\"04567\",\"Aychlmajr\");}", "fail": 0}, {"content": "public void testEdgeCases(){final String[][] data={{\"a\",\"0\"},{\"e\",\"0\"},{\"i\",\"0\"},{\"o\",\"0\"},{\"u\",\"0\"},{\"\\u00E4\",\"0\"},{\"\\u00F6\",\"0\"},{\"\\u00FC\",\"0\"},{\"\\u00DF\",\"8\"},{\"aa\",\"0\"},{\"ha\",\"0\"},{\"h\",\"\"},{\"aha\",\"0\"},{\"b\",\"1\"},{\"p\",\"1\"},{\"ph\",\"3\"},{\"f\",\"3\"},{\"v\",\"3\"},{\"w\",\"3\"},{\"g\",\"4\"},{\"k\",\"4\"},{\"q\",\"4\"},{\"x\",\"48\"},{\"ax\",\"048\"},{\"cx\",\"48\"},{\"l\",\"5\"},{\"cl\",\"45\"},{\"acl\",\"085\"},{\"mn\",\"6\"},{\"{mn}\",\"6\"},{\"r\",\"7\"}};this.checkEncodings(data);}", "fail": 0}, {"content": "public void testExamples(){final String[][] data={{\"m\\u00DCller\",\"657\"},{\"m\\u00FCller\",\"657\"},{\"schmidt\",\"862\"},{\"schneider\",\"8627\"},{\"fischer\",\"387\"},{\"weber\",\"317\"},{\"wagner\",\"3467\"},{\"becker\",\"147\"},{\"hoffmann\",\"0366\"},{\"sch\\u00C4fer\",\"837\"},{\"sch\\u00e4fer\",\"837\"},{\"Breschnew\",\"17863\"},{\"Wikipedia\",\"3412\"},{\"peter\",\"127\"},{\"pharma\",\"376\"},{\"m\\u00f6nchengladbach\",\"664645214\"},{\"deutsch\",\"28\"},{\"deutz\",\"28\"},{\"hamburg\",\"06174\"},{\"hannover\",\"0637\"},{\"christstollen\",\"478256\"},{\"Xanthippe\",\"48621\"},{\"Zacharias\",\"8478\"},{\"Holzbau\",\"0581\"},{\"matsch\",\"68\"},{\"matz\",\"68\"},{\"Arbeitsamt\",\"071862\"},{\"Eberhard\",\"01772\"},{\"Eberhardt\",\"01772\"},{\"Celsius\",\"8588\"},{\"Ace\",\"08\"},{\"heithabu\",\"021\"}};this.checkEncodings(data);}", "fail": 0}, {"content": "public void testHyphen(){final String[][] data={{\"bergisch-gladbach\",\"174845214\"},{\"M\\u00fcller-L\\u00fcdenscheidt\",\"65752682\"}};this.checkEncodings(data);}", "fail": 0}, {"content": "public void testIsEncodeEquals(){final String[][] data={{\"Muller\",\"M\\u00fcller\"},{\"Meyer\",\"Mayr\"},{\"house\",\"house\"},{\"House\",\"house\"},{\"Haus\",\"house\"},{\"ganz\",\"Gans\"},{\"ganz\",\"G\\u00e4nse\"},{\"Miyagi\",\"Miyako\"}};for (final String[] element : data) {  final boolean encodeEqual=this.getStringEncoder().isEncodeEqual(element[1],element[0]);  Assert.assertTrue(element[1] + \" != \" + element[0],encodeEqual);}}", "fail": 0}, {"content": "public void testVariationsMella(){final String data[]={\"mella\",\"milah\",\"moulla\",\"mellah\",\"muehle\",\"mule\"};this.checkEncodingVariations(\"65\",data);}", "fail": 0}, {"content": "public void testSpecialCharsBetweenSameLetters(){final String data[]={\"Test test\",\"Testtest\",\"Test-test\",\"TesT#Test\",\"TesT?test\"};this.checkEncodingVariations(\"28282\",data);}", "fail": 0}, {"content": "public void main(String args){ColognePhonetic coder=new ColognePhonetic();for (String arg : args) {  String code=coder.encode(arg);  System.out.println(\"'\" + arg + \"' = '\"+ code+ \"'\");}}", "fail": 0}]