[{"diff0": ["class Hex {public byte[] decodeHex(final char data){final byte[] out=new byte[data.length >> 1];decodeHex(data,out,0);return out;}}\n", "class Hex {public int decodeHex(final char data, final byte out, final int outOffset){final int len=data.length;if ((len & 0x01) != 0) {  throw new DecoderException(\"Odd number of characters.\");}final int outLen=len >> 1;if (out.length - outOffset < outLen) {  throw new DecoderException(\"Output array is not large enough to accommodate decoded data.\");}for (int i=outOffset, j=0; j < len; i++) {  int f=toDigit(data[j],j) << 4;  j++;  f=f | toDigit(data[j],j);  j++;  out[i]=(byte)(f & 0xFF);}return outLen;}}\n", "class Hex {public byte[] decodeHex(final String data){return decodeHex(data.toCharArray());}}\n", "class Hex {public char[] encodeHex(final byte data){return encodeHex(data,true);}}\n", "class Hex {public char[] encodeHex(final byte data, final boolean toLowerCase){return encodeHex(data,toLowerCase ? DIGITS_LOWER : DIGITS_UPPER);}}\n", "class Hex {public char[] encodeHex(final byte data, final char toDigits){final int l=data.length;final char[] out=new char[l << 1];encodeHex(data,0,data.length,toDigits,out,0);return out;}}\n", "class Hex {public char[] encodeHex(final byte data, final int dataOffset, final int dataLen, final boolean toLowerCase){final char[] out=new char[dataLen << 1];encodeHex(data,dataOffset,dataLen,toLowerCase ? DIGITS_LOWER : DIGITS_UPPER,out,0);return out;}}\n", "class Hex {public void encodeHex(final byte data, final int dataOffset, final int dataLen, final boolean toLowerCase, final char out, final int outOffset){encodeHex(data,dataOffset,dataLen,toLowerCase ? DIGITS_LOWER : DIGITS_UPPER,out,outOffset);}}\n", "class Hex {public void encodeHex(final byte data, final int dataOffset, final int dataLen, final char toDigits, final char out, final int outOffset){for (int i=dataOffset, j=outOffset; i < dataOffset + dataLen; i++) {  out[j++]=toDigits[(0xF0 & data[i]) >>> 4];  out[j++]=toDigits[0x0F & data[i]];}}}\n", "class Hex {public char[] encodeHex(final ByteBuffer data){return encodeHex(data,true);}}\n", "class Hex {public char[] encodeHex(final ByteBuffer data, final boolean toLowerCase){return encodeHex(data,toLowerCase ? DIGITS_LOWER : DIGITS_UPPER);}}\n", "class Hex {public char[] encodeHex(final ByteBuffer byteBuffer, final char toDigits){return encodeHex(toByteArray(byteBuffer),toDigits);}}\n", "class Hex {public String encodeHexString(final byte data){return new String(encodeHex(data));}}\n", "class Hex {public String encodeHexString(final byte data, final boolean toLowerCase){return new String(encodeHex(data,toLowerCase));}}\n", "class Hex {public String encodeHexString(final ByteBuffer data){return new String(encodeHex(data));}}\n", "class Hex {public String encodeHexString(final ByteBuffer data, final boolean toLowerCase){return new String(encodeHex(data,toLowerCase));}}\n", "class Hex {public byte[] toByteArray(final ByteBuffer byteBuffer){final int remaining=byteBuffer.remaining();if (byteBuffer.hasArray()) {  final byte[] byteArray=byteBuffer.array();  if (remaining == byteArray.length) {    byteBuffer.position(remaining);    return byteArray;  }}final byte[] byteArray=new byte[remaining];byteBuffer.get(byteArray);return byteArray;}}\n", "class Hex {public int toDigit(final char ch, final int index){final int digit=Character.digit(ch,16);if (digit == -1) {  throw new DecoderException(\"Illegal hexadecimal character \" + ch + \" at index \"+ index);}return digit;}}\n", "class Hex {public Hex(){this.charset=DEFAULT_CHARSET;}}\n", "class Hex {public Hex(final Charset charset){this.charset=charset;}}\n", "class Hex {public Hex(final String charsetName){this(Charset.forName(charsetName));}}\n", "class Hex {public byte[] decode(final byte array){return decodeHex(new String(array,getCharset()).toCharArray());}}\n", "class Hex {public byte[] decode(final ByteBuffer buffer){return decodeHex(new String(toByteArray(buffer),getCharset()).toCharArray());}}\n", "class Hex {public Object decode(final Object object){if (object instanceof String) {  return decode(((String)object).toCharArray());} else if (object instanceof byte[]) {  return decode((byte[])object);} else if (object instanceof ByteBuffer) {  return decode((ByteBuffer)object);} else {  try {    return decodeHex((char[])object);  } catch (  final ClassCastException e) {    throw new DecoderException(e.getMessage(),e);  }}}}\n", "class Hex {public byte[] encode(final byte array){return encodeHexString(array).getBytes(this.getCharset());}}\n", "class Hex {public byte[] encode(final ByteBuffer array){return encodeHexString(array).getBytes(this.getCharset());}}\n", "class Hex {public Object encode(final Object object){byte[] byteArray;if (object instanceof String) {  byteArray=((String)object).getBytes(this.getCharset());} else if (object instanceof ByteBuffer) {  byteArray=toByteArray((ByteBuffer)object);} else {  try {    byteArray=(byte[])object;  } catch (  final ClassCastException e) {    throw new EncoderException(e.getMessage(),e);  }}return encodeHex(byteArray);}}\n", "class Hex {public Charset getCharset(){return this.charset;}}\n", "class Hex {public String getCharsetName(){return this.charset.name();}}\n", "class Hex {public String toString(){return super.toString() + \"[charsetName=\" + this.charset+ \"]\";}}\n"]}, {"content": "public void testAabjoe(){this.checkEncoding(\"01\",\"Aabjoe\");}", "fail": 1}, {"content": "public boolean hasTestCase(final String re){for (final String s : TESTSET) {  if (s.matches(re)) {    return true;  }}return false;}", "fail": 0}, {"content": "public void finishTests(){int errors=0;for (final String m : MATCHES) {  if (!hasTestCase(m)) {    System.out.println(m + \" has no test case\");    errors++;  }}Assert.assertEquals(\"Not expecting any missing test cases\",0,errors);}", "fail": 0}, {"content": "public void checkEncoding(final String expected, final String source){TESTSET.add(source.toUpperCase(Locale.GERMAN).replace('\u00c4','A').replace('\u00d6','O').replace('\u00dc','U'));super.checkEncoding(expected,source);}", "fail": 0}, {"content": "public ColognePhonetic createStringEncoder(){return new ColognePhonetic();}", "fail": 0}, {"content": "public void testCanFail(){this.checkEncoding(\"/\",\"Fehler\");}", "fail": 0}, {"content": "public void testAaclan(){this.checkEncoding(\"0856\",\"Aaclan\");}", "fail": 0}, {"content": "public void testAychlmajrForCodec122(){this.checkEncoding(\"04567\",\"Aychlmajr\");}", "fail": 0}, {"content": "public void testEdgeCases(){final String[][] data={{\"a\",\"0\"},{\"e\",\"0\"},{\"i\",\"0\"},{\"o\",\"0\"},{\"u\",\"0\"},{\"\\u00E4\",\"0\"},{\"\\u00F6\",\"0\"},{\"\\u00FC\",\"0\"},{\"\\u00DF\",\"8\"},{\"aa\",\"0\"},{\"ha\",\"0\"},{\"h\",\"\"},{\"aha\",\"0\"},{\"b\",\"1\"},{\"p\",\"1\"},{\"ph\",\"3\"},{\"f\",\"3\"},{\"v\",\"3\"},{\"w\",\"3\"},{\"g\",\"4\"},{\"k\",\"4\"},{\"q\",\"4\"},{\"x\",\"48\"},{\"ax\",\"048\"},{\"cx\",\"48\"},{\"l\",\"5\"},{\"cl\",\"45\"},{\"acl\",\"085\"},{\"mn\",\"6\"},{\"{mn}\",\"6\"},{\"r\",\"7\"}};this.checkEncodings(data);}", "fail": 0}, {"content": "public void testExamples(){final String[][] data={{\"m\\u00DCller\",\"657\"},{\"m\\u00FCller\",\"657\"},{\"schmidt\",\"862\"},{\"schneider\",\"8627\"},{\"fischer\",\"387\"},{\"weber\",\"317\"},{\"wagner\",\"3467\"},{\"becker\",\"147\"},{\"hoffmann\",\"0366\"},{\"sch\\u00C4fer\",\"837\"},{\"sch\\u00e4fer\",\"837\"},{\"Breschnew\",\"17863\"},{\"Wikipedia\",\"3412\"},{\"peter\",\"127\"},{\"pharma\",\"376\"},{\"m\\u00f6nchengladbach\",\"664645214\"},{\"deutsch\",\"28\"},{\"deutz\",\"28\"},{\"hamburg\",\"06174\"},{\"hannover\",\"0637\"},{\"christstollen\",\"478256\"},{\"Xanthippe\",\"48621\"},{\"Zacharias\",\"8478\"},{\"Holzbau\",\"0581\"},{\"matsch\",\"68\"},{\"matz\",\"68\"},{\"Arbeitsamt\",\"071862\"},{\"Eberhard\",\"01772\"},{\"Eberhardt\",\"01772\"},{\"Celsius\",\"8588\"},{\"Ace\",\"08\"},{\"shch\",\"84\"},{\"xch\",\"484\"},{\"heithabu\",\"021\"}};this.checkEncodings(data);}", "fail": 0}, {"content": "public void testHyphen(){final String[][] data={{\"bergisch-gladbach\",\"174845214\"},{\"M\\u00fcller-L\\u00fcdenscheidt\",\"65752682\"}};this.checkEncodings(data);}", "fail": 0}, {"content": "public void testIsEncodeEquals(){final String[][] data={{\"Muller\",\"M\\u00fcller\"},{\"Meyer\",\"Mayr\"},{\"house\",\"house\"},{\"House\",\"house\"},{\"Haus\",\"house\"},{\"ganz\",\"Gans\"},{\"ganz\",\"G\\u00e4nse\"},{\"Miyagi\",\"Miyako\"}};for (final String[] element : data) {  final boolean encodeEqual=this.getStringEncoder().isEncodeEqual(element[1],element[0]);  Assert.assertTrue(element[1] + \" != \" + element[0],encodeEqual);}}", "fail": 0}, {"content": "public void testVariationsMella(){final String data[]={\"mella\",\"milah\",\"moulla\",\"mellah\",\"muehle\",\"mule\"};this.checkEncodingVariations(\"65\",data);}", "fail": 0}, {"content": "public void testVariationsMeyer(){final String data[]={\"Meier\",\"Maier\",\"Mair\",\"Meyer\",\"Meyr\",\"Mejer\",\"Major\"};this.checkEncodingVariations(\"67\",data);}", "fail": 0}, {"content": "public void testSpecialCharsBetweenSameLetters(){final String data[]={\"Test test\",\"Testtest\",\"Test-test\",\"TesT#Test\",\"TesT?test\"};this.checkEncodingVariations(\"28282\",data);}", "fail": 0}, {"content": "public void main(final String args){final ColognePhonetic coder=new ColognePhonetic();for (final String arg : args) {  final String code=coder.encode(arg);  System.out.println(\"'\" + arg + \"' = '\"+ code+ \"'\");}}", "fail": 0}, {"content": "public void testAaclan(){this.checkEncoding(\"0856\",\"Aaclan\");}", "fail": 1}, {"content": "public boolean hasTestCase(final String re){for (final String s : TESTSET) {  if (s.matches(re)) {    return true;  }}return false;}", "fail": 0}, {"content": "public void finishTests(){int errors=0;for (final String m : MATCHES) {  if (!hasTestCase(m)) {    System.out.println(m + \" has no test case\");    errors++;  }}Assert.assertEquals(\"Not expecting any missing test cases\",0,errors);}", "fail": 0}, {"content": "public void checkEncoding(final String expected, final String source){TESTSET.add(source.toUpperCase(Locale.GERMAN).replace('\u00c4','A').replace('\u00d6','O').replace('\u00dc','U'));super.checkEncoding(expected,source);}", "fail": 0}, {"content": "public ColognePhonetic createStringEncoder(){return new ColognePhonetic();}", "fail": 0}, {"content": "public void testCanFail(){this.checkEncoding(\"/\",\"Fehler\");}", "fail": 0}, {"content": "public void testAabjoe(){this.checkEncoding(\"01\",\"Aabjoe\");}", "fail": 0}, {"content": "public void testAychlmajrForCodec122(){this.checkEncoding(\"04567\",\"Aychlmajr\");}", "fail": 0}, {"content": "public void testEdgeCases(){final String[][] data={{\"a\",\"0\"},{\"e\",\"0\"},{\"i\",\"0\"},{\"o\",\"0\"},{\"u\",\"0\"},{\"\\u00E4\",\"0\"},{\"\\u00F6\",\"0\"},{\"\\u00FC\",\"0\"},{\"\\u00DF\",\"8\"},{\"aa\",\"0\"},{\"ha\",\"0\"},{\"h\",\"\"},{\"aha\",\"0\"},{\"b\",\"1\"},{\"p\",\"1\"},{\"ph\",\"3\"},{\"f\",\"3\"},{\"v\",\"3\"},{\"w\",\"3\"},{\"g\",\"4\"},{\"k\",\"4\"},{\"q\",\"4\"},{\"x\",\"48\"},{\"ax\",\"048\"},{\"cx\",\"48\"},{\"l\",\"5\"},{\"cl\",\"45\"},{\"acl\",\"085\"},{\"mn\",\"6\"},{\"{mn}\",\"6\"},{\"r\",\"7\"}};this.checkEncodings(data);}", "fail": 0}, {"content": "public void testExamples(){final String[][] data={{\"m\\u00DCller\",\"657\"},{\"m\\u00FCller\",\"657\"},{\"schmidt\",\"862\"},{\"schneider\",\"8627\"},{\"fischer\",\"387\"},{\"weber\",\"317\"},{\"wagner\",\"3467\"},{\"becker\",\"147\"},{\"hoffmann\",\"0366\"},{\"sch\\u00C4fer\",\"837\"},{\"sch\\u00e4fer\",\"837\"},{\"Breschnew\",\"17863\"},{\"Wikipedia\",\"3412\"},{\"peter\",\"127\"},{\"pharma\",\"376\"},{\"m\\u00f6nchengladbach\",\"664645214\"},{\"deutsch\",\"28\"},{\"deutz\",\"28\"},{\"hamburg\",\"06174\"},{\"hannover\",\"0637\"},{\"christstollen\",\"478256\"},{\"Xanthippe\",\"48621\"},{\"Zacharias\",\"8478\"},{\"Holzbau\",\"0581\"},{\"matsch\",\"68\"},{\"matz\",\"68\"},{\"Arbeitsamt\",\"071862\"},{\"Eberhard\",\"01772\"},{\"Eberhardt\",\"01772\"},{\"Celsius\",\"8588\"},{\"Ace\",\"08\"},{\"shch\",\"84\"},{\"xch\",\"484\"},{\"heithabu\",\"021\"}};this.checkEncodings(data);}", "fail": 0}, {"content": "public void testHyphen(){final String[][] data={{\"bergisch-gladbach\",\"174845214\"},{\"M\\u00fcller-L\\u00fcdenscheidt\",\"65752682\"}};this.checkEncodings(data);}", "fail": 0}, {"content": "public void testIsEncodeEquals(){final String[][] data={{\"Muller\",\"M\\u00fcller\"},{\"Meyer\",\"Mayr\"},{\"house\",\"house\"},{\"House\",\"house\"},{\"Haus\",\"house\"},{\"ganz\",\"Gans\"},{\"ganz\",\"G\\u00e4nse\"},{\"Miyagi\",\"Miyako\"}};for (final String[] element : data) {  final boolean encodeEqual=this.getStringEncoder().isEncodeEqual(element[1],element[0]);  Assert.assertTrue(element[1] + \" != \" + element[0],encodeEqual);}}", "fail": 0}, {"content": "public void testVariationsMella(){final String data[]={\"mella\",\"milah\",\"moulla\",\"mellah\",\"muehle\",\"mule\"};this.checkEncodingVariations(\"65\",data);}", "fail": 0}, {"content": "public void testVariationsMeyer(){final String data[]={\"Meier\",\"Maier\",\"Mair\",\"Meyer\",\"Meyr\",\"Mejer\",\"Major\"};this.checkEncodingVariations(\"67\",data);}", "fail": 0}, {"content": "public void testSpecialCharsBetweenSameLetters(){final String data[]={\"Test test\",\"Testtest\",\"Test-test\",\"TesT#Test\",\"TesT?test\"};this.checkEncodingVariations(\"28282\",data);}", "fail": 0}, {"content": "public void main(final String args){final ColognePhonetic coder=new ColognePhonetic();for (final String arg : args) {  final String code=coder.encode(arg);  System.out.println(\"'\" + arg + \"' = '\"+ code+ \"'\");}}", "fail": 0}, {"content": "public void testAychlmajrForCodec122(){this.checkEncoding(\"04567\",\"Aychlmajr\");}", "fail": 1}, {"content": "public boolean hasTestCase(final String re){for (final String s : TESTSET) {  if (s.matches(re)) {    return true;  }}return false;}", "fail": 0}, {"content": "public void finishTests(){int errors=0;for (final String m : MATCHES) {  if (!hasTestCase(m)) {    System.out.println(m + \" has no test case\");    errors++;  }}Assert.assertEquals(\"Not expecting any missing test cases\",0,errors);}", "fail": 0}, {"content": "public void checkEncoding(final String expected, final String source){TESTSET.add(source.toUpperCase(Locale.GERMAN).replace('\u00c4','A').replace('\u00d6','O').replace('\u00dc','U'));super.checkEncoding(expected,source);}", "fail": 0}, {"content": "public ColognePhonetic createStringEncoder(){return new ColognePhonetic();}", "fail": 0}, {"content": "public void testCanFail(){this.checkEncoding(\"/\",\"Fehler\");}", "fail": 0}, {"content": "public void testAabjoe(){this.checkEncoding(\"01\",\"Aabjoe\");}", "fail": 0}, {"content": "public void testAaclan(){this.checkEncoding(\"0856\",\"Aaclan\");}", "fail": 0}, {"content": "public void testEdgeCases(){final String[][] data={{\"a\",\"0\"},{\"e\",\"0\"},{\"i\",\"0\"},{\"o\",\"0\"},{\"u\",\"0\"},{\"\\u00E4\",\"0\"},{\"\\u00F6\",\"0\"},{\"\\u00FC\",\"0\"},{\"\\u00DF\",\"8\"},{\"aa\",\"0\"},{\"ha\",\"0\"},{\"h\",\"\"},{\"aha\",\"0\"},{\"b\",\"1\"},{\"p\",\"1\"},{\"ph\",\"3\"},{\"f\",\"3\"},{\"v\",\"3\"},{\"w\",\"3\"},{\"g\",\"4\"},{\"k\",\"4\"},{\"q\",\"4\"},{\"x\",\"48\"},{\"ax\",\"048\"},{\"cx\",\"48\"},{\"l\",\"5\"},{\"cl\",\"45\"},{\"acl\",\"085\"},{\"mn\",\"6\"},{\"{mn}\",\"6\"},{\"r\",\"7\"}};this.checkEncodings(data);}", "fail": 0}, {"content": "public void testExamples(){final String[][] data={{\"m\\u00DCller\",\"657\"},{\"m\\u00FCller\",\"657\"},{\"schmidt\",\"862\"},{\"schneider\",\"8627\"},{\"fischer\",\"387\"},{\"weber\",\"317\"},{\"wagner\",\"3467\"},{\"becker\",\"147\"},{\"hoffmann\",\"0366\"},{\"sch\\u00C4fer\",\"837\"},{\"sch\\u00e4fer\",\"837\"},{\"Breschnew\",\"17863\"},{\"Wikipedia\",\"3412\"},{\"peter\",\"127\"},{\"pharma\",\"376\"},{\"m\\u00f6nchengladbach\",\"664645214\"},{\"deutsch\",\"28\"},{\"deutz\",\"28\"},{\"hamburg\",\"06174\"},{\"hannover\",\"0637\"},{\"christstollen\",\"478256\"},{\"Xanthippe\",\"48621\"},{\"Zacharias\",\"8478\"},{\"Holzbau\",\"0581\"},{\"matsch\",\"68\"},{\"matz\",\"68\"},{\"Arbeitsamt\",\"071862\"},{\"Eberhard\",\"01772\"},{\"Eberhardt\",\"01772\"},{\"Celsius\",\"8588\"},{\"Ace\",\"08\"},{\"shch\",\"84\"},{\"xch\",\"484\"},{\"heithabu\",\"021\"}};this.checkEncodings(data);}", "fail": 0}, {"content": "public void testHyphen(){final String[][] data={{\"bergisch-gladbach\",\"174845214\"},{\"M\\u00fcller-L\\u00fcdenscheidt\",\"65752682\"}};this.checkEncodings(data);}", "fail": 0}, {"content": "public void testIsEncodeEquals(){final String[][] data={{\"Muller\",\"M\\u00fcller\"},{\"Meyer\",\"Mayr\"},{\"house\",\"house\"},{\"House\",\"house\"},{\"Haus\",\"house\"},{\"ganz\",\"Gans\"},{\"ganz\",\"G\\u00e4nse\"},{\"Miyagi\",\"Miyako\"}};for (final String[] element : data) {  final boolean encodeEqual=this.getStringEncoder().isEncodeEqual(element[1],element[0]);  Assert.assertTrue(element[1] + \" != \" + element[0],encodeEqual);}}", "fail": 0}, {"content": "public void testVariationsMella(){final String data[]={\"mella\",\"milah\",\"moulla\",\"mellah\",\"muehle\",\"mule\"};this.checkEncodingVariations(\"65\",data);}", "fail": 0}, {"content": "public void testVariationsMeyer(){final String data[]={\"Meier\",\"Maier\",\"Mair\",\"Meyer\",\"Meyr\",\"Mejer\",\"Major\"};this.checkEncodingVariations(\"67\",data);}", "fail": 0}, {"content": "public void testSpecialCharsBetweenSameLetters(){final String data[]={\"Test test\",\"Testtest\",\"Test-test\",\"TesT#Test\",\"TesT?test\"};this.checkEncodingVariations(\"28282\",data);}", "fail": 0}, {"content": "public void main(final String args){final ColognePhonetic coder=new ColognePhonetic();for (final String arg : args) {  final String code=coder.encode(arg);  System.out.println(\"'\" + arg + \"' = '\"+ code+ \"'\");}}", "fail": 0}, {"content": "public void testCanFail(){this.checkEncoding(\"/\",\"Fehler\");}", "fail": 1}, {"content": "public boolean hasTestCase(final String re){for (final String s : TESTSET) {  if (s.matches(re)) {    return true;  }}return false;}", "fail": 0}, {"content": "public void finishTests(){int errors=0;for (final String m : MATCHES) {  if (!hasTestCase(m)) {    System.out.println(m + \" has no test case\");    errors++;  }}Assert.assertEquals(\"Not expecting any missing test cases\",0,errors);}", "fail": 0}, {"content": "public void checkEncoding(final String expected, final String source){TESTSET.add(source.toUpperCase(Locale.GERMAN).replace('\u00c4','A').replace('\u00d6','O').replace('\u00dc','U'));super.checkEncoding(expected,source);}", "fail": 0}, {"content": "public ColognePhonetic createStringEncoder(){return new ColognePhonetic();}", "fail": 0}, {"content": "public void testAabjoe(){this.checkEncoding(\"01\",\"Aabjoe\");}", "fail": 0}, {"content": "public void testAaclan(){this.checkEncoding(\"0856\",\"Aaclan\");}", "fail": 0}, {"content": "public void testAychlmajrForCodec122(){this.checkEncoding(\"04567\",\"Aychlmajr\");}", "fail": 0}, {"content": "public void testEdgeCases(){final String[][] data={{\"a\",\"0\"},{\"e\",\"0\"},{\"i\",\"0\"},{\"o\",\"0\"},{\"u\",\"0\"},{\"\\u00E4\",\"0\"},{\"\\u00F6\",\"0\"},{\"\\u00FC\",\"0\"},{\"\\u00DF\",\"8\"},{\"aa\",\"0\"},{\"ha\",\"0\"},{\"h\",\"\"},{\"aha\",\"0\"},{\"b\",\"1\"},{\"p\",\"1\"},{\"ph\",\"3\"},{\"f\",\"3\"},{\"v\",\"3\"},{\"w\",\"3\"},{\"g\",\"4\"},{\"k\",\"4\"},{\"q\",\"4\"},{\"x\",\"48\"},{\"ax\",\"048\"},{\"cx\",\"48\"},{\"l\",\"5\"},{\"cl\",\"45\"},{\"acl\",\"085\"},{\"mn\",\"6\"},{\"{mn}\",\"6\"},{\"r\",\"7\"}};this.checkEncodings(data);}", "fail": 0}, {"content": "public void testExamples(){final String[][] data={{\"m\\u00DCller\",\"657\"},{\"m\\u00FCller\",\"657\"},{\"schmidt\",\"862\"},{\"schneider\",\"8627\"},{\"fischer\",\"387\"},{\"weber\",\"317\"},{\"wagner\",\"3467\"},{\"becker\",\"147\"},{\"hoffmann\",\"0366\"},{\"sch\\u00C4fer\",\"837\"},{\"sch\\u00e4fer\",\"837\"},{\"Breschnew\",\"17863\"},{\"Wikipedia\",\"3412\"},{\"peter\",\"127\"},{\"pharma\",\"376\"},{\"m\\u00f6nchengladbach\",\"664645214\"},{\"deutsch\",\"28\"},{\"deutz\",\"28\"},{\"hamburg\",\"06174\"},{\"hannover\",\"0637\"},{\"christstollen\",\"478256\"},{\"Xanthippe\",\"48621\"},{\"Zacharias\",\"8478\"},{\"Holzbau\",\"0581\"},{\"matsch\",\"68\"},{\"matz\",\"68\"},{\"Arbeitsamt\",\"071862\"},{\"Eberhard\",\"01772\"},{\"Eberhardt\",\"01772\"},{\"Celsius\",\"8588\"},{\"Ace\",\"08\"},{\"shch\",\"84\"},{\"xch\",\"484\"},{\"heithabu\",\"021\"}};this.checkEncodings(data);}", "fail": 0}, {"content": "public void testHyphen(){final String[][] data={{\"bergisch-gladbach\",\"174845214\"},{\"M\\u00fcller-L\\u00fcdenscheidt\",\"65752682\"}};this.checkEncodings(data);}", "fail": 0}, {"content": "public void testIsEncodeEquals(){final String[][] data={{\"Muller\",\"M\\u00fcller\"},{\"Meyer\",\"Mayr\"},{\"house\",\"house\"},{\"House\",\"house\"},{\"Haus\",\"house\"},{\"ganz\",\"Gans\"},{\"ganz\",\"G\\u00e4nse\"},{\"Miyagi\",\"Miyako\"}};for (final String[] element : data) {  final boolean encodeEqual=this.getStringEncoder().isEncodeEqual(element[1],element[0]);  Assert.assertTrue(element[1] + \" != \" + element[0],encodeEqual);}}", "fail": 0}, {"content": "public void testVariationsMella(){final String data[]={\"mella\",\"milah\",\"moulla\",\"mellah\",\"muehle\",\"mule\"};this.checkEncodingVariations(\"65\",data);}", "fail": 0}, {"content": "public void testVariationsMeyer(){final String data[]={\"Meier\",\"Maier\",\"Mair\",\"Meyer\",\"Meyr\",\"Mejer\",\"Major\"};this.checkEncodingVariations(\"67\",data);}", "fail": 0}, {"content": "public void testSpecialCharsBetweenSameLetters(){final String data[]={\"Test test\",\"Testtest\",\"Test-test\",\"TesT#Test\",\"TesT?test\"};this.checkEncodingVariations(\"28282\",data);}", "fail": 0}, {"content": "public void main(final String args){final ColognePhonetic coder=new ColognePhonetic();for (final String arg : args) {  final String code=coder.encode(arg);  System.out.println(\"'\" + arg + \"' = '\"+ code+ \"'\");}}", "fail": 0}, {"content": "public void testEdgeCases(){final String[][] data={{\"a\",\"0\"},{\"e\",\"0\"},{\"i\",\"0\"},{\"o\",\"0\"},{\"u\",\"0\"},{\"\\u00E4\",\"0\"},{\"\\u00F6\",\"0\"},{\"\\u00FC\",\"0\"},{\"\\u00DF\",\"8\"},{\"aa\",\"0\"},{\"ha\",\"0\"},{\"h\",\"\"},{\"aha\",\"0\"},{\"b\",\"1\"},{\"p\",\"1\"},{\"ph\",\"3\"},{\"f\",\"3\"},{\"v\",\"3\"},{\"w\",\"3\"},{\"g\",\"4\"},{\"k\",\"4\"},{\"q\",\"4\"},{\"x\",\"48\"},{\"ax\",\"048\"},{\"cx\",\"48\"},{\"l\",\"5\"},{\"cl\",\"45\"},{\"acl\",\"085\"},{\"mn\",\"6\"},{\"{mn}\",\"6\"},{\"r\",\"7\"}};this.checkEncodings(data);}", "fail": 1}, {"content": "public boolean hasTestCase(final String re){for (final String s : TESTSET) {  if (s.matches(re)) {    return true;  }}return false;}", "fail": 0}, {"content": "public void finishTests(){int errors=0;for (final String m : MATCHES) {  if (!hasTestCase(m)) {    System.out.println(m + \" has no test case\");    errors++;  }}Assert.assertEquals(\"Not expecting any missing test cases\",0,errors);}", "fail": 0}, {"content": "public void checkEncoding(final String expected, final String source){TESTSET.add(source.toUpperCase(Locale.GERMAN).replace('\u00c4','A').replace('\u00d6','O').replace('\u00dc','U'));super.checkEncoding(expected,source);}", "fail": 0}, {"content": "public ColognePhonetic createStringEncoder(){return new ColognePhonetic();}", "fail": 0}, {"content": "public void testCanFail(){this.checkEncoding(\"/\",\"Fehler\");}", "fail": 0}, {"content": "public void testAabjoe(){this.checkEncoding(\"01\",\"Aabjoe\");}", "fail": 0}, {"content": "public void testAaclan(){this.checkEncoding(\"0856\",\"Aaclan\");}", "fail": 0}, {"content": "public void testAychlmajrForCodec122(){this.checkEncoding(\"04567\",\"Aychlmajr\");}", "fail": 0}, {"content": "public void testExamples(){final String[][] data={{\"m\\u00DCller\",\"657\"},{\"m\\u00FCller\",\"657\"},{\"schmidt\",\"862\"},{\"schneider\",\"8627\"},{\"fischer\",\"387\"},{\"weber\",\"317\"},{\"wagner\",\"3467\"},{\"becker\",\"147\"},{\"hoffmann\",\"0366\"},{\"sch\\u00C4fer\",\"837\"},{\"sch\\u00e4fer\",\"837\"},{\"Breschnew\",\"17863\"},{\"Wikipedia\",\"3412\"},{\"peter\",\"127\"},{\"pharma\",\"376\"},{\"m\\u00f6nchengladbach\",\"664645214\"},{\"deutsch\",\"28\"},{\"deutz\",\"28\"},{\"hamburg\",\"06174\"},{\"hannover\",\"0637\"},{\"christstollen\",\"478256\"},{\"Xanthippe\",\"48621\"},{\"Zacharias\",\"8478\"},{\"Holzbau\",\"0581\"},{\"matsch\",\"68\"},{\"matz\",\"68\"},{\"Arbeitsamt\",\"071862\"},{\"Eberhard\",\"01772\"},{\"Eberhardt\",\"01772\"},{\"Celsius\",\"8588\"},{\"Ace\",\"08\"},{\"shch\",\"84\"},{\"xch\",\"484\"},{\"heithabu\",\"021\"}};this.checkEncodings(data);}", "fail": 0}, {"content": "public void testHyphen(){final String[][] data={{\"bergisch-gladbach\",\"174845214\"},{\"M\\u00fcller-L\\u00fcdenscheidt\",\"65752682\"}};this.checkEncodings(data);}", "fail": 0}, {"content": "public void testIsEncodeEquals(){final String[][] data={{\"Muller\",\"M\\u00fcller\"},{\"Meyer\",\"Mayr\"},{\"house\",\"house\"},{\"House\",\"house\"},{\"Haus\",\"house\"},{\"ganz\",\"Gans\"},{\"ganz\",\"G\\u00e4nse\"},{\"Miyagi\",\"Miyako\"}};for (final String[] element : data) {  final boolean encodeEqual=this.getStringEncoder().isEncodeEqual(element[1],element[0]);  Assert.assertTrue(element[1] + \" != \" + element[0],encodeEqual);}}", "fail": 0}, {"content": "public void testVariationsMella(){final String data[]={\"mella\",\"milah\",\"moulla\",\"mellah\",\"muehle\",\"mule\"};this.checkEncodingVariations(\"65\",data);}", "fail": 0}, {"content": "public void testVariationsMeyer(){final String data[]={\"Meier\",\"Maier\",\"Mair\",\"Meyer\",\"Meyr\",\"Mejer\",\"Major\"};this.checkEncodingVariations(\"67\",data);}", "fail": 0}, {"content": "public void testSpecialCharsBetweenSameLetters(){final String data[]={\"Test test\",\"Testtest\",\"Test-test\",\"TesT#Test\",\"TesT?test\"};this.checkEncodingVariations(\"28282\",data);}", "fail": 0}, {"content": "public void main(final String args){final ColognePhonetic coder=new ColognePhonetic();for (final String arg : args) {  final String code=coder.encode(arg);  System.out.println(\"'\" + arg + \"' = '\"+ code+ \"'\");}}", "fail": 0}, {"content": "public boolean hasTestCase(final String re){for (final String s : TESTSET) {  if (s.matches(re)) {    return true;  }}return false;}", "fail": 0}, {"content": "public void finishTests(){int errors=0;for (final String m : MATCHES) {  if (!hasTestCase(m)) {    System.out.println(m + \" has no test case\");    errors++;  }}Assert.assertEquals(\"Not expecting any missing test cases\",0,errors);}", "fail": 0}, {"content": "public void checkEncoding(final String expected, final String source){TESTSET.add(source.toUpperCase(Locale.GERMAN).replace('\u00c4','A').replace('\u00d6','O').replace('\u00dc','U'));super.checkEncoding(expected,source);}", "fail": 0}, {"content": "public ColognePhonetic createStringEncoder(){return new ColognePhonetic();}", "fail": 0}, {"content": "public void testCanFail(){this.checkEncoding(\"/\",\"Fehler\");}", "fail": 0}, {"content": "public void testAabjoe(){this.checkEncoding(\"01\",\"Aabjoe\");}", "fail": 0}, {"content": "public void testAaclan(){this.checkEncoding(\"0856\",\"Aaclan\");}", "fail": 0}, {"content": "public void testAychlmajrForCodec122(){this.checkEncoding(\"04567\",\"Aychlmajr\");}", "fail": 0}, {"content": "public void testEdgeCases(){final String[][] data={{\"a\",\"0\"},{\"e\",\"0\"},{\"i\",\"0\"},{\"o\",\"0\"},{\"u\",\"0\"},{\"\\u00E4\",\"0\"},{\"\\u00F6\",\"0\"},{\"\\u00FC\",\"0\"},{\"\\u00DF\",\"8\"},{\"aa\",\"0\"},{\"ha\",\"0\"},{\"h\",\"\"},{\"aha\",\"0\"},{\"b\",\"1\"},{\"p\",\"1\"},{\"ph\",\"3\"},{\"f\",\"3\"},{\"v\",\"3\"},{\"w\",\"3\"},{\"g\",\"4\"},{\"k\",\"4\"},{\"q\",\"4\"},{\"x\",\"48\"},{\"ax\",\"048\"},{\"cx\",\"48\"},{\"l\",\"5\"},{\"cl\",\"45\"},{\"acl\",\"085\"},{\"mn\",\"6\"},{\"{mn}\",\"6\"},{\"r\",\"7\"}};this.checkEncodings(data);}", "fail": 0}, {"content": "public void testExamples(){final String[][] data={{\"m\\u00DCller\",\"657\"},{\"m\\u00FCller\",\"657\"},{\"schmidt\",\"862\"},{\"schneider\",\"8627\"},{\"fischer\",\"387\"},{\"weber\",\"317\"},{\"wagner\",\"3467\"},{\"becker\",\"147\"},{\"hoffmann\",\"0366\"},{\"sch\\u00C4fer\",\"837\"},{\"sch\\u00e4fer\",\"837\"},{\"Breschnew\",\"17863\"},{\"Wikipedia\",\"3412\"},{\"peter\",\"127\"},{\"pharma\",\"376\"},{\"m\\u00f6nchengladbach\",\"664645214\"},{\"deutsch\",\"28\"},{\"deutz\",\"28\"},{\"hamburg\",\"06174\"},{\"hannover\",\"0637\"},{\"christstollen\",\"478256\"},{\"Xanthippe\",\"48621\"},{\"Zacharias\",\"8478\"},{\"Holzbau\",\"0581\"},{\"matsch\",\"68\"},{\"matz\",\"68\"},{\"Arbeitsamt\",\"071862\"},{\"Eberhard\",\"01772\"},{\"Eberhardt\",\"01772\"},{\"Celsius\",\"8588\"},{\"Ace\",\"08\"},{\"shch\",\"84\"},{\"xch\",\"484\"},{\"heithabu\",\"021\"}};this.checkEncodings(data);}", "fail": 0}, {"content": "public void testHyphen(){final String[][] data={{\"bergisch-gladbach\",\"174845214\"},{\"M\\u00fcller-L\\u00fcdenscheidt\",\"65752682\"}};this.checkEncodings(data);}", "fail": 0}, {"content": "public void testIsEncodeEquals(){final String[][] data={{\"Muller\",\"M\\u00fcller\"},{\"Meyer\",\"Mayr\"},{\"house\",\"house\"},{\"House\",\"house\"},{\"Haus\",\"house\"},{\"ganz\",\"Gans\"},{\"ganz\",\"G\\u00e4nse\"},{\"Miyagi\",\"Miyako\"}};for (final String[] element : data) {  final boolean encodeEqual=this.getStringEncoder().isEncodeEqual(element[1],element[0]);  Assert.assertTrue(element[1] + \" != \" + element[0],encodeEqual);}}", "fail": 0}, {"content": "public void testVariationsMella(){final String data[]={\"mella\",\"milah\",\"moulla\",\"mellah\",\"muehle\",\"mule\"};this.checkEncodingVariations(\"65\",data);}", "fail": 0}, {"content": "public void testVariationsMeyer(){final String data[]={\"Meier\",\"Maier\",\"Mair\",\"Meyer\",\"Meyr\",\"Mejer\",\"Major\"};this.checkEncodingVariations(\"67\",data);}", "fail": 0}, {"content": "public void testSpecialCharsBetweenSameLetters(){final String data[]={\"Test test\",\"Testtest\",\"Test-test\",\"TesT#Test\",\"TesT?test\"};this.checkEncodingVariations(\"28282\",data);}", "fail": 0}, {"content": "public void main(final String args){final ColognePhonetic coder=new ColognePhonetic();for (final String arg : args) {  final String code=coder.encode(arg);  System.out.println(\"'\" + arg + \"' = '\"+ code+ \"'\");}}", "fail": 0}, {"content": "public boolean hasTestCase(final String re){for (final String s : TESTSET) {  if (s.matches(re)) {    return true;  }}return false;}", "fail": 0}, {"content": "public void finishTests(){int errors=0;for (final String m : MATCHES) {  if (!hasTestCase(m)) {    System.out.println(m + \" has no test case\");    errors++;  }}Assert.assertEquals(\"Not expecting any missing test cases\",0,errors);}", "fail": 0}, {"content": "public void checkEncoding(final String expected, final String source){TESTSET.add(source.toUpperCase(Locale.GERMAN).replace('\u00c4','A').replace('\u00d6','O').replace('\u00dc','U'));super.checkEncoding(expected,source);}", "fail": 0}, {"content": "public ColognePhonetic createStringEncoder(){return new ColognePhonetic();}", "fail": 0}, {"content": "public void testCanFail(){this.checkEncoding(\"/\",\"Fehler\");}", "fail": 0}, {"content": "public void testAabjoe(){this.checkEncoding(\"01\",\"Aabjoe\");}", "fail": 0}, {"content": "public void testAaclan(){this.checkEncoding(\"0856\",\"Aaclan\");}", "fail": 0}, {"content": "public void testAychlmajrForCodec122(){this.checkEncoding(\"04567\",\"Aychlmajr\");}", "fail": 0}, {"content": "public void testEdgeCases(){final String[][] data={{\"a\",\"0\"},{\"e\",\"0\"},{\"i\",\"0\"},{\"o\",\"0\"},{\"u\",\"0\"},{\"\\u00E4\",\"0\"},{\"\\u00F6\",\"0\"},{\"\\u00FC\",\"0\"},{\"\\u00DF\",\"8\"},{\"aa\",\"0\"},{\"ha\",\"0\"},{\"h\",\"\"},{\"aha\",\"0\"},{\"b\",\"1\"},{\"p\",\"1\"},{\"ph\",\"3\"},{\"f\",\"3\"},{\"v\",\"3\"},{\"w\",\"3\"},{\"g\",\"4\"},{\"k\",\"4\"},{\"q\",\"4\"},{\"x\",\"48\"},{\"ax\",\"048\"},{\"cx\",\"48\"},{\"l\",\"5\"},{\"cl\",\"45\"},{\"acl\",\"085\"},{\"mn\",\"6\"},{\"{mn}\",\"6\"},{\"r\",\"7\"}};this.checkEncodings(data);}", "fail": 0}, {"content": "public void testExamples(){final String[][] data={{\"m\\u00DCller\",\"657\"},{\"m\\u00FCller\",\"657\"},{\"schmidt\",\"862\"},{\"schneider\",\"8627\"},{\"fischer\",\"387\"},{\"weber\",\"317\"},{\"wagner\",\"3467\"},{\"becker\",\"147\"},{\"hoffmann\",\"0366\"},{\"sch\\u00C4fer\",\"837\"},{\"sch\\u00e4fer\",\"837\"},{\"Breschnew\",\"17863\"},{\"Wikipedia\",\"3412\"},{\"peter\",\"127\"},{\"pharma\",\"376\"},{\"m\\u00f6nchengladbach\",\"664645214\"},{\"deutsch\",\"28\"},{\"deutz\",\"28\"},{\"hamburg\",\"06174\"},{\"hannover\",\"0637\"},{\"christstollen\",\"478256\"},{\"Xanthippe\",\"48621\"},{\"Zacharias\",\"8478\"},{\"Holzbau\",\"0581\"},{\"matsch\",\"68\"},{\"matz\",\"68\"},{\"Arbeitsamt\",\"071862\"},{\"Eberhard\",\"01772\"},{\"Eberhardt\",\"01772\"},{\"Celsius\",\"8588\"},{\"Ace\",\"08\"},{\"shch\",\"84\"},{\"xch\",\"484\"},{\"heithabu\",\"021\"}};this.checkEncodings(data);}", "fail": 0}, {"content": "public void testHyphen(){final String[][] data={{\"bergisch-gladbach\",\"174845214\"},{\"M\\u00fcller-L\\u00fcdenscheidt\",\"65752682\"}};this.checkEncodings(data);}", "fail": 0}, {"content": "public void testIsEncodeEquals(){final String[][] data={{\"Muller\",\"M\\u00fcller\"},{\"Meyer\",\"Mayr\"},{\"house\",\"house\"},{\"House\",\"house\"},{\"Haus\",\"house\"},{\"ganz\",\"Gans\"},{\"ganz\",\"G\\u00e4nse\"},{\"Miyagi\",\"Miyako\"}};for (final String[] element : data) {  final boolean encodeEqual=this.getStringEncoder().isEncodeEqual(element[1],element[0]);  Assert.assertTrue(element[1] + \" != \" + element[0],encodeEqual);}}", "fail": 0}, {"content": "public void testVariationsMella(){final String data[]={\"mella\",\"milah\",\"moulla\",\"mellah\",\"muehle\",\"mule\"};this.checkEncodingVariations(\"65\",data);}", "fail": 0}, {"content": "public void testVariationsMeyer(){final String data[]={\"Meier\",\"Maier\",\"Mair\",\"Meyer\",\"Meyr\",\"Mejer\",\"Major\"};this.checkEncodingVariations(\"67\",data);}", "fail": 0}, {"content": "public void testSpecialCharsBetweenSameLetters(){final String data[]={\"Test test\",\"Testtest\",\"Test-test\",\"TesT#Test\",\"TesT?test\"};this.checkEncodingVariations(\"28282\",data);}", "fail": 0}, {"content": "public void main(final String args){final ColognePhonetic coder=new ColognePhonetic();for (final String arg : args) {  final String code=coder.encode(arg);  System.out.println(\"'\" + arg + \"' = '\"+ code+ \"'\");}}", "fail": 0}, {"content": "public boolean hasTestCase(final String re){for (final String s : TESTSET) {  if (s.matches(re)) {    return true;  }}return false;}", "fail": 0}, {"content": "public void finishTests(){int errors=0;for (final String m : MATCHES) {  if (!hasTestCase(m)) {    System.out.println(m + \" has no test case\");    errors++;  }}Assert.assertEquals(\"Not expecting any missing test cases\",0,errors);}", "fail": 0}, {"content": "public void checkEncoding(final String expected, final String source){TESTSET.add(source.toUpperCase(Locale.GERMAN).replace('\u00c4','A').replace('\u00d6','O').replace('\u00dc','U'));super.checkEncoding(expected,source);}", "fail": 0}, {"content": "public ColognePhonetic createStringEncoder(){return new ColognePhonetic();}", "fail": 0}, {"content": "public void testCanFail(){this.checkEncoding(\"/\",\"Fehler\");}", "fail": 0}, {"content": "public void testAabjoe(){this.checkEncoding(\"01\",\"Aabjoe\");}", "fail": 0}, {"content": "public void testAaclan(){this.checkEncoding(\"0856\",\"Aaclan\");}", "fail": 0}, {"content": "public void testAychlmajrForCodec122(){this.checkEncoding(\"04567\",\"Aychlmajr\");}", "fail": 0}, {"content": "public void testEdgeCases(){final String[][] data={{\"a\",\"0\"},{\"e\",\"0\"},{\"i\",\"0\"},{\"o\",\"0\"},{\"u\",\"0\"},{\"\\u00E4\",\"0\"},{\"\\u00F6\",\"0\"},{\"\\u00FC\",\"0\"},{\"\\u00DF\",\"8\"},{\"aa\",\"0\"},{\"ha\",\"0\"},{\"h\",\"\"},{\"aha\",\"0\"},{\"b\",\"1\"},{\"p\",\"1\"},{\"ph\",\"3\"},{\"f\",\"3\"},{\"v\",\"3\"},{\"w\",\"3\"},{\"g\",\"4\"},{\"k\",\"4\"},{\"q\",\"4\"},{\"x\",\"48\"},{\"ax\",\"048\"},{\"cx\",\"48\"},{\"l\",\"5\"},{\"cl\",\"45\"},{\"acl\",\"085\"},{\"mn\",\"6\"},{\"{mn}\",\"6\"},{\"r\",\"7\"}};this.checkEncodings(data);}", "fail": 0}, {"content": "public void testExamples(){final String[][] data={{\"m\\u00DCller\",\"657\"},{\"m\\u00FCller\",\"657\"},{\"schmidt\",\"862\"},{\"schneider\",\"8627\"},{\"fischer\",\"387\"},{\"weber\",\"317\"},{\"wagner\",\"3467\"},{\"becker\",\"147\"},{\"hoffmann\",\"0366\"},{\"sch\\u00C4fer\",\"837\"},{\"sch\\u00e4fer\",\"837\"},{\"Breschnew\",\"17863\"},{\"Wikipedia\",\"3412\"},{\"peter\",\"127\"},{\"pharma\",\"376\"},{\"m\\u00f6nchengladbach\",\"664645214\"},{\"deutsch\",\"28\"},{\"deutz\",\"28\"},{\"hamburg\",\"06174\"},{\"hannover\",\"0637\"},{\"christstollen\",\"478256\"},{\"Xanthippe\",\"48621\"},{\"Zacharias\",\"8478\"},{\"Holzbau\",\"0581\"},{\"matsch\",\"68\"},{\"matz\",\"68\"},{\"Arbeitsamt\",\"071862\"},{\"Eberhard\",\"01772\"},{\"Eberhardt\",\"01772\"},{\"Celsius\",\"8588\"},{\"Ace\",\"08\"},{\"shch\",\"84\"},{\"xch\",\"484\"},{\"heithabu\",\"021\"}};this.checkEncodings(data);}", "fail": 0}, {"content": "public void testHyphen(){final String[][] data={{\"bergisch-gladbach\",\"174845214\"},{\"M\\u00fcller-L\\u00fcdenscheidt\",\"65752682\"}};this.checkEncodings(data);}", "fail": 0}, {"content": "public void testIsEncodeEquals(){final String[][] data={{\"Muller\",\"M\\u00fcller\"},{\"Meyer\",\"Mayr\"},{\"house\",\"house\"},{\"House\",\"house\"},{\"Haus\",\"house\"},{\"ganz\",\"Gans\"},{\"ganz\",\"G\\u00e4nse\"},{\"Miyagi\",\"Miyako\"}};for (final String[] element : data) {  final boolean encodeEqual=this.getStringEncoder().isEncodeEqual(element[1],element[0]);  Assert.assertTrue(element[1] + \" != \" + element[0],encodeEqual);}}", "fail": 0}, {"content": "public void testVariationsMella(){final String data[]={\"mella\",\"milah\",\"moulla\",\"mellah\",\"muehle\",\"mule\"};this.checkEncodingVariations(\"65\",data);}", "fail": 0}, {"content": "public void testVariationsMeyer(){final String data[]={\"Meier\",\"Maier\",\"Mair\",\"Meyer\",\"Meyr\",\"Mejer\",\"Major\"};this.checkEncodingVariations(\"67\",data);}", "fail": 0}, {"content": "public void testSpecialCharsBetweenSameLetters(){final String data[]={\"Test test\",\"Testtest\",\"Test-test\",\"TesT#Test\",\"TesT?test\"};this.checkEncodingVariations(\"28282\",data);}", "fail": 0}, {"content": "public void main(final String args){final ColognePhonetic coder=new ColognePhonetic();for (final String arg : args) {  final String code=coder.encode(arg);  System.out.println(\"'\" + arg + \"' = '\"+ code+ \"'\");}}", "fail": 0}, {"content": "public void testExamples(){final String[][] data={{\"m\\u00DCller\",\"657\"},{\"m\\u00FCller\",\"657\"},{\"schmidt\",\"862\"},{\"schneider\",\"8627\"},{\"fischer\",\"387\"},{\"weber\",\"317\"},{\"wagner\",\"3467\"},{\"becker\",\"147\"},{\"hoffmann\",\"0366\"},{\"sch\\u00C4fer\",\"837\"},{\"sch\\u00e4fer\",\"837\"},{\"Breschnew\",\"17863\"},{\"Wikipedia\",\"3412\"},{\"peter\",\"127\"},{\"pharma\",\"376\"},{\"m\\u00f6nchengladbach\",\"664645214\"},{\"deutsch\",\"28\"},{\"deutz\",\"28\"},{\"hamburg\",\"06174\"},{\"hannover\",\"0637\"},{\"christstollen\",\"478256\"},{\"Xanthippe\",\"48621\"},{\"Zacharias\",\"8478\"},{\"Holzbau\",\"0581\"},{\"matsch\",\"68\"},{\"matz\",\"68\"},{\"Arbeitsamt\",\"071862\"},{\"Eberhard\",\"01772\"},{\"Eberhardt\",\"01772\"},{\"Celsius\",\"8588\"},{\"Ace\",\"08\"},{\"shch\",\"84\"},{\"xch\",\"484\"},{\"heithabu\",\"021\"}};this.checkEncodings(data);}", "fail": 1}, {"content": "public boolean hasTestCase(final String re){for (final String s : TESTSET) {  if (s.matches(re)) {    return true;  }}return false;}", "fail": 0}, {"content": "public void finishTests(){int errors=0;for (final String m : MATCHES) {  if (!hasTestCase(m)) {    System.out.println(m + \" has no test case\");    errors++;  }}Assert.assertEquals(\"Not expecting any missing test cases\",0,errors);}", "fail": 0}, {"content": "public void checkEncoding(final String expected, final String source){TESTSET.add(source.toUpperCase(Locale.GERMAN).replace('\u00c4','A').replace('\u00d6','O').replace('\u00dc','U'));super.checkEncoding(expected,source);}", "fail": 0}, {"content": "public ColognePhonetic createStringEncoder(){return new ColognePhonetic();}", "fail": 0}, {"content": "public void testCanFail(){this.checkEncoding(\"/\",\"Fehler\");}", "fail": 0}, {"content": "public void testAabjoe(){this.checkEncoding(\"01\",\"Aabjoe\");}", "fail": 0}, {"content": "public void testAaclan(){this.checkEncoding(\"0856\",\"Aaclan\");}", "fail": 0}, {"content": "public void testAychlmajrForCodec122(){this.checkEncoding(\"04567\",\"Aychlmajr\");}", "fail": 0}, {"content": "public void testEdgeCases(){final String[][] data={{\"a\",\"0\"},{\"e\",\"0\"},{\"i\",\"0\"},{\"o\",\"0\"},{\"u\",\"0\"},{\"\\u00E4\",\"0\"},{\"\\u00F6\",\"0\"},{\"\\u00FC\",\"0\"},{\"\\u00DF\",\"8\"},{\"aa\",\"0\"},{\"ha\",\"0\"},{\"h\",\"\"},{\"aha\",\"0\"},{\"b\",\"1\"},{\"p\",\"1\"},{\"ph\",\"3\"},{\"f\",\"3\"},{\"v\",\"3\"},{\"w\",\"3\"},{\"g\",\"4\"},{\"k\",\"4\"},{\"q\",\"4\"},{\"x\",\"48\"},{\"ax\",\"048\"},{\"cx\",\"48\"},{\"l\",\"5\"},{\"cl\",\"45\"},{\"acl\",\"085\"},{\"mn\",\"6\"},{\"{mn}\",\"6\"},{\"r\",\"7\"}};this.checkEncodings(data);}", "fail": 0}, {"content": "public void testHyphen(){final String[][] data={{\"bergisch-gladbach\",\"174845214\"},{\"M\\u00fcller-L\\u00fcdenscheidt\",\"65752682\"}};this.checkEncodings(data);}", "fail": 0}, {"content": "public void testIsEncodeEquals(){final String[][] data={{\"Muller\",\"M\\u00fcller\"},{\"Meyer\",\"Mayr\"},{\"house\",\"house\"},{\"House\",\"house\"},{\"Haus\",\"house\"},{\"ganz\",\"Gans\"},{\"ganz\",\"G\\u00e4nse\"},{\"Miyagi\",\"Miyako\"}};for (final String[] element : data) {  final boolean encodeEqual=this.getStringEncoder().isEncodeEqual(element[1],element[0]);  Assert.assertTrue(element[1] + \" != \" + element[0],encodeEqual);}}", "fail": 0}, {"content": "public void testVariationsMella(){final String data[]={\"mella\",\"milah\",\"moulla\",\"mellah\",\"muehle\",\"mule\"};this.checkEncodingVariations(\"65\",data);}", "fail": 0}, {"content": "public void testVariationsMeyer(){final String data[]={\"Meier\",\"Maier\",\"Mair\",\"Meyer\",\"Meyr\",\"Mejer\",\"Major\"};this.checkEncodingVariations(\"67\",data);}", "fail": 0}, {"content": "public void testSpecialCharsBetweenSameLetters(){final String data[]={\"Test test\",\"Testtest\",\"Test-test\",\"TesT#Test\",\"TesT?test\"};this.checkEncodingVariations(\"28282\",data);}", "fail": 0}, {"content": "public void main(final String args){final ColognePhonetic coder=new ColognePhonetic();for (final String arg : args) {  final String code=coder.encode(arg);  System.out.println(\"'\" + arg + \"' = '\"+ code+ \"'\");}}", "fail": 0}, {"content": "public void testHyphen(){final String[][] data={{\"bergisch-gladbach\",\"174845214\"},{\"M\\u00fcller-L\\u00fcdenscheidt\",\"65752682\"}};this.checkEncodings(data);}", "fail": 1}, {"content": "public boolean hasTestCase(final String re){for (final String s : TESTSET) {  if (s.matches(re)) {    return true;  }}return false;}", "fail": 0}, {"content": "public void finishTests(){int errors=0;for (final String m : MATCHES) {  if (!hasTestCase(m)) {    System.out.println(m + \" has no test case\");    errors++;  }}Assert.assertEquals(\"Not expecting any missing test cases\",0,errors);}", "fail": 0}, {"content": "public void checkEncoding(final String expected, final String source){TESTSET.add(source.toUpperCase(Locale.GERMAN).replace('\u00c4','A').replace('\u00d6','O').replace('\u00dc','U'));super.checkEncoding(expected,source);}", "fail": 0}, {"content": "public ColognePhonetic createStringEncoder(){return new ColognePhonetic();}", "fail": 0}, {"content": "public void testCanFail(){this.checkEncoding(\"/\",\"Fehler\");}", "fail": 0}, {"content": "public void testAabjoe(){this.checkEncoding(\"01\",\"Aabjoe\");}", "fail": 0}, {"content": "public void testAaclan(){this.checkEncoding(\"0856\",\"Aaclan\");}", "fail": 0}, {"content": "public void testAychlmajrForCodec122(){this.checkEncoding(\"04567\",\"Aychlmajr\");}", "fail": 0}, {"content": "public void testEdgeCases(){final String[][] data={{\"a\",\"0\"},{\"e\",\"0\"},{\"i\",\"0\"},{\"o\",\"0\"},{\"u\",\"0\"},{\"\\u00E4\",\"0\"},{\"\\u00F6\",\"0\"},{\"\\u00FC\",\"0\"},{\"\\u00DF\",\"8\"},{\"aa\",\"0\"},{\"ha\",\"0\"},{\"h\",\"\"},{\"aha\",\"0\"},{\"b\",\"1\"},{\"p\",\"1\"},{\"ph\",\"3\"},{\"f\",\"3\"},{\"v\",\"3\"},{\"w\",\"3\"},{\"g\",\"4\"},{\"k\",\"4\"},{\"q\",\"4\"},{\"x\",\"48\"},{\"ax\",\"048\"},{\"cx\",\"48\"},{\"l\",\"5\"},{\"cl\",\"45\"},{\"acl\",\"085\"},{\"mn\",\"6\"},{\"{mn}\",\"6\"},{\"r\",\"7\"}};this.checkEncodings(data);}", "fail": 0}, {"content": "public void testExamples(){final String[][] data={{\"m\\u00DCller\",\"657\"},{\"m\\u00FCller\",\"657\"},{\"schmidt\",\"862\"},{\"schneider\",\"8627\"},{\"fischer\",\"387\"},{\"weber\",\"317\"},{\"wagner\",\"3467\"},{\"becker\",\"147\"},{\"hoffmann\",\"0366\"},{\"sch\\u00C4fer\",\"837\"},{\"sch\\u00e4fer\",\"837\"},{\"Breschnew\",\"17863\"},{\"Wikipedia\",\"3412\"},{\"peter\",\"127\"},{\"pharma\",\"376\"},{\"m\\u00f6nchengladbach\",\"664645214\"},{\"deutsch\",\"28\"},{\"deutz\",\"28\"},{\"hamburg\",\"06174\"},{\"hannover\",\"0637\"},{\"christstollen\",\"478256\"},{\"Xanthippe\",\"48621\"},{\"Zacharias\",\"8478\"},{\"Holzbau\",\"0581\"},{\"matsch\",\"68\"},{\"matz\",\"68\"},{\"Arbeitsamt\",\"071862\"},{\"Eberhard\",\"01772\"},{\"Eberhardt\",\"01772\"},{\"Celsius\",\"8588\"},{\"Ace\",\"08\"},{\"shch\",\"84\"},{\"xch\",\"484\"},{\"heithabu\",\"021\"}};this.checkEncodings(data);}", "fail": 0}, {"content": "public void testIsEncodeEquals(){final String[][] data={{\"Muller\",\"M\\u00fcller\"},{\"Meyer\",\"Mayr\"},{\"house\",\"house\"},{\"House\",\"house\"},{\"Haus\",\"house\"},{\"ganz\",\"Gans\"},{\"ganz\",\"G\\u00e4nse\"},{\"Miyagi\",\"Miyako\"}};for (final String[] element : data) {  final boolean encodeEqual=this.getStringEncoder().isEncodeEqual(element[1],element[0]);  Assert.assertTrue(element[1] + \" != \" + element[0],encodeEqual);}}", "fail": 0}, {"content": "public void testVariationsMella(){final String data[]={\"mella\",\"milah\",\"moulla\",\"mellah\",\"muehle\",\"mule\"};this.checkEncodingVariations(\"65\",data);}", "fail": 0}, {"content": "public void testVariationsMeyer(){final String data[]={\"Meier\",\"Maier\",\"Mair\",\"Meyer\",\"Meyr\",\"Mejer\",\"Major\"};this.checkEncodingVariations(\"67\",data);}", "fail": 0}, {"content": "public void testSpecialCharsBetweenSameLetters(){final String data[]={\"Test test\",\"Testtest\",\"Test-test\",\"TesT#Test\",\"TesT?test\"};this.checkEncodingVariations(\"28282\",data);}", "fail": 0}, {"content": "public void main(final String args){final ColognePhonetic coder=new ColognePhonetic();for (final String arg : args) {  final String code=coder.encode(arg);  System.out.println(\"'\" + arg + \"' = '\"+ code+ \"'\");}}", "fail": 0}, {"content": "public void testIsEncodeEquals(){final String[][] data={{\"Muller\",\"M\\u00fcller\"},{\"Meyer\",\"Mayr\"},{\"house\",\"house\"},{\"House\",\"house\"},{\"Haus\",\"house\"},{\"ganz\",\"Gans\"},{\"ganz\",\"G\\u00e4nse\"},{\"Miyagi\",\"Miyako\"}};for (final String[] element : data) {  final boolean encodeEqual=this.getStringEncoder().isEncodeEqual(element[1],element[0]);  Assert.assertTrue(element[1] + \" != \" + element[0],encodeEqual);}}", "fail": 1}, {"content": "public boolean hasTestCase(final String re){for (final String s : TESTSET) {  if (s.matches(re)) {    return true;  }}return false;}", "fail": 0}, {"content": "public void finishTests(){int errors=0;for (final String m : MATCHES) {  if (!hasTestCase(m)) {    System.out.println(m + \" has no test case\");    errors++;  }}Assert.assertEquals(\"Not expecting any missing test cases\",0,errors);}", "fail": 0}, {"content": "public void checkEncoding(final String expected, final String source){TESTSET.add(source.toUpperCase(Locale.GERMAN).replace('\u00c4','A').replace('\u00d6','O').replace('\u00dc','U'));super.checkEncoding(expected,source);}", "fail": 0}, {"content": "public ColognePhonetic createStringEncoder(){return new ColognePhonetic();}", "fail": 0}, {"content": "public void testCanFail(){this.checkEncoding(\"/\",\"Fehler\");}", "fail": 0}, {"content": "public void testAabjoe(){this.checkEncoding(\"01\",\"Aabjoe\");}", "fail": 0}, {"content": "public void testAaclan(){this.checkEncoding(\"0856\",\"Aaclan\");}", "fail": 0}, {"content": "public void testAychlmajrForCodec122(){this.checkEncoding(\"04567\",\"Aychlmajr\");}", "fail": 0}, {"content": "public void testEdgeCases(){final String[][] data={{\"a\",\"0\"},{\"e\",\"0\"},{\"i\",\"0\"},{\"o\",\"0\"},{\"u\",\"0\"},{\"\\u00E4\",\"0\"},{\"\\u00F6\",\"0\"},{\"\\u00FC\",\"0\"},{\"\\u00DF\",\"8\"},{\"aa\",\"0\"},{\"ha\",\"0\"},{\"h\",\"\"},{\"aha\",\"0\"},{\"b\",\"1\"},{\"p\",\"1\"},{\"ph\",\"3\"},{\"f\",\"3\"},{\"v\",\"3\"},{\"w\",\"3\"},{\"g\",\"4\"},{\"k\",\"4\"},{\"q\",\"4\"},{\"x\",\"48\"},{\"ax\",\"048\"},{\"cx\",\"48\"},{\"l\",\"5\"},{\"cl\",\"45\"},{\"acl\",\"085\"},{\"mn\",\"6\"},{\"{mn}\",\"6\"},{\"r\",\"7\"}};this.checkEncodings(data);}", "fail": 0}, {"content": "public void testExamples(){final String[][] data={{\"m\\u00DCller\",\"657\"},{\"m\\u00FCller\",\"657\"},{\"schmidt\",\"862\"},{\"schneider\",\"8627\"},{\"fischer\",\"387\"},{\"weber\",\"317\"},{\"wagner\",\"3467\"},{\"becker\",\"147\"},{\"hoffmann\",\"0366\"},{\"sch\\u00C4fer\",\"837\"},{\"sch\\u00e4fer\",\"837\"},{\"Breschnew\",\"17863\"},{\"Wikipedia\",\"3412\"},{\"peter\",\"127\"},{\"pharma\",\"376\"},{\"m\\u00f6nchengladbach\",\"664645214\"},{\"deutsch\",\"28\"},{\"deutz\",\"28\"},{\"hamburg\",\"06174\"},{\"hannover\",\"0637\"},{\"christstollen\",\"478256\"},{\"Xanthippe\",\"48621\"},{\"Zacharias\",\"8478\"},{\"Holzbau\",\"0581\"},{\"matsch\",\"68\"},{\"matz\",\"68\"},{\"Arbeitsamt\",\"071862\"},{\"Eberhard\",\"01772\"},{\"Eberhardt\",\"01772\"},{\"Celsius\",\"8588\"},{\"Ace\",\"08\"},{\"shch\",\"84\"},{\"xch\",\"484\"},{\"heithabu\",\"021\"}};this.checkEncodings(data);}", "fail": 0}, {"content": "public void testHyphen(){final String[][] data={{\"bergisch-gladbach\",\"174845214\"},{\"M\\u00fcller-L\\u00fcdenscheidt\",\"65752682\"}};this.checkEncodings(data);}", "fail": 0}, {"content": "public void testVariationsMella(){final String data[]={\"mella\",\"milah\",\"moulla\",\"mellah\",\"muehle\",\"mule\"};this.checkEncodingVariations(\"65\",data);}", "fail": 0}, {"content": "public void testVariationsMeyer(){final String data[]={\"Meier\",\"Maier\",\"Mair\",\"Meyer\",\"Meyr\",\"Mejer\",\"Major\"};this.checkEncodingVariations(\"67\",data);}", "fail": 0}, {"content": "public void testSpecialCharsBetweenSameLetters(){final String data[]={\"Test test\",\"Testtest\",\"Test-test\",\"TesT#Test\",\"TesT?test\"};this.checkEncodingVariations(\"28282\",data);}", "fail": 0}, {"content": "public void main(final String args){final ColognePhonetic coder=new ColognePhonetic();for (final String arg : args) {  final String code=coder.encode(arg);  System.out.println(\"'\" + arg + \"' = '\"+ code+ \"'\");}}", "fail": 0}, {"content": "public boolean hasTestCase(final String re){for (final String s : TESTSET) {  if (s.matches(re)) {    return true;  }}return false;}", "fail": 0}, {"content": "public void finishTests(){int errors=0;for (final String m : MATCHES) {  if (!hasTestCase(m)) {    System.out.println(m + \" has no test case\");    errors++;  }}Assert.assertEquals(\"Not expecting any missing test cases\",0,errors);}", "fail": 0}, {"content": "public void checkEncoding(final String expected, final String source){TESTSET.add(source.toUpperCase(Locale.GERMAN).replace('\u00c4','A').replace('\u00d6','O').replace('\u00dc','U'));super.checkEncoding(expected,source);}", "fail": 0}, {"content": "public ColognePhonetic createStringEncoder(){return new ColognePhonetic();}", "fail": 0}, {"content": "public void testCanFail(){this.checkEncoding(\"/\",\"Fehler\");}", "fail": 0}, {"content": "public void testAabjoe(){this.checkEncoding(\"01\",\"Aabjoe\");}", "fail": 0}, {"content": "public void testAaclan(){this.checkEncoding(\"0856\",\"Aaclan\");}", "fail": 0}, {"content": "public void testAychlmajrForCodec122(){this.checkEncoding(\"04567\",\"Aychlmajr\");}", "fail": 0}, {"content": "public void testEdgeCases(){final String[][] data={{\"a\",\"0\"},{\"e\",\"0\"},{\"i\",\"0\"},{\"o\",\"0\"},{\"u\",\"0\"},{\"\\u00E4\",\"0\"},{\"\\u00F6\",\"0\"},{\"\\u00FC\",\"0\"},{\"\\u00DF\",\"8\"},{\"aa\",\"0\"},{\"ha\",\"0\"},{\"h\",\"\"},{\"aha\",\"0\"},{\"b\",\"1\"},{\"p\",\"1\"},{\"ph\",\"3\"},{\"f\",\"3\"},{\"v\",\"3\"},{\"w\",\"3\"},{\"g\",\"4\"},{\"k\",\"4\"},{\"q\",\"4\"},{\"x\",\"48\"},{\"ax\",\"048\"},{\"cx\",\"48\"},{\"l\",\"5\"},{\"cl\",\"45\"},{\"acl\",\"085\"},{\"mn\",\"6\"},{\"{mn}\",\"6\"},{\"r\",\"7\"}};this.checkEncodings(data);}", "fail": 0}, {"content": "public void testExamples(){final String[][] data={{\"m\\u00DCller\",\"657\"},{\"m\\u00FCller\",\"657\"},{\"schmidt\",\"862\"},{\"schneider\",\"8627\"},{\"fischer\",\"387\"},{\"weber\",\"317\"},{\"wagner\",\"3467\"},{\"becker\",\"147\"},{\"hoffmann\",\"0366\"},{\"sch\\u00C4fer\",\"837\"},{\"sch\\u00e4fer\",\"837\"},{\"Breschnew\",\"17863\"},{\"Wikipedia\",\"3412\"},{\"peter\",\"127\"},{\"pharma\",\"376\"},{\"m\\u00f6nchengladbach\",\"664645214\"},{\"deutsch\",\"28\"},{\"deutz\",\"28\"},{\"hamburg\",\"06174\"},{\"hannover\",\"0637\"},{\"christstollen\",\"478256\"},{\"Xanthippe\",\"48621\"},{\"Zacharias\",\"8478\"},{\"Holzbau\",\"0581\"},{\"matsch\",\"68\"},{\"matz\",\"68\"},{\"Arbeitsamt\",\"071862\"},{\"Eberhard\",\"01772\"},{\"Eberhardt\",\"01772\"},{\"Celsius\",\"8588\"},{\"Ace\",\"08\"},{\"shch\",\"84\"},{\"xch\",\"484\"},{\"heithabu\",\"021\"}};this.checkEncodings(data);}", "fail": 0}, {"content": "public void testHyphen(){final String[][] data={{\"bergisch-gladbach\",\"174845214\"},{\"M\\u00fcller-L\\u00fcdenscheidt\",\"65752682\"}};this.checkEncodings(data);}", "fail": 0}, {"content": "public void testIsEncodeEquals(){final String[][] data={{\"Muller\",\"M\\u00fcller\"},{\"Meyer\",\"Mayr\"},{\"house\",\"house\"},{\"House\",\"house\"},{\"Haus\",\"house\"},{\"ganz\",\"Gans\"},{\"ganz\",\"G\\u00e4nse\"},{\"Miyagi\",\"Miyako\"}};for (final String[] element : data) {  final boolean encodeEqual=this.getStringEncoder().isEncodeEqual(element[1],element[0]);  Assert.assertTrue(element[1] + \" != \" + element[0],encodeEqual);}}", "fail": 0}, {"content": "public void testVariationsMella(){final String data[]={\"mella\",\"milah\",\"moulla\",\"mellah\",\"muehle\",\"mule\"};this.checkEncodingVariations(\"65\",data);}", "fail": 0}, {"content": "public void testVariationsMeyer(){final String data[]={\"Meier\",\"Maier\",\"Mair\",\"Meyer\",\"Meyr\",\"Mejer\",\"Major\"};this.checkEncodingVariations(\"67\",data);}", "fail": 0}, {"content": "public void testSpecialCharsBetweenSameLetters(){final String data[]={\"Test test\",\"Testtest\",\"Test-test\",\"TesT#Test\",\"TesT?test\"};this.checkEncodingVariations(\"28282\",data);}", "fail": 0}, {"content": "public void main(final String args){final ColognePhonetic coder=new ColognePhonetic();for (final String arg : args) {  final String code=coder.encode(arg);  System.out.println(\"'\" + arg + \"' = '\"+ code+ \"'\");}}", "fail": 0}, {"content": "public void testSpecialCharsBetweenSameLetters(){final String data[]={\"Test test\",\"Testtest\",\"Test-test\",\"TesT#Test\",\"TesT?test\"};this.checkEncodingVariations(\"28282\",data);}", "fail": 1}, {"content": "public boolean hasTestCase(final String re){for (final String s : TESTSET) {  if (s.matches(re)) {    return true;  }}return false;}", "fail": 0}, {"content": "public void finishTests(){int errors=0;for (final String m : MATCHES) {  if (!hasTestCase(m)) {    System.out.println(m + \" has no test case\");    errors++;  }}Assert.assertEquals(\"Not expecting any missing test cases\",0,errors);}", "fail": 0}, {"content": "public void checkEncoding(final String expected, final String source){TESTSET.add(source.toUpperCase(Locale.GERMAN).replace('\u00c4','A').replace('\u00d6','O').replace('\u00dc','U'));super.checkEncoding(expected,source);}", "fail": 0}, {"content": "public ColognePhonetic createStringEncoder(){return new ColognePhonetic();}", "fail": 0}, {"content": "public void testCanFail(){this.checkEncoding(\"/\",\"Fehler\");}", "fail": 0}, {"content": "public void testAabjoe(){this.checkEncoding(\"01\",\"Aabjoe\");}", "fail": 0}, {"content": "public void testAaclan(){this.checkEncoding(\"0856\",\"Aaclan\");}", "fail": 0}, {"content": "public void testAychlmajrForCodec122(){this.checkEncoding(\"04567\",\"Aychlmajr\");}", "fail": 0}, {"content": "public void testEdgeCases(){final String[][] data={{\"a\",\"0\"},{\"e\",\"0\"},{\"i\",\"0\"},{\"o\",\"0\"},{\"u\",\"0\"},{\"\\u00E4\",\"0\"},{\"\\u00F6\",\"0\"},{\"\\u00FC\",\"0\"},{\"\\u00DF\",\"8\"},{\"aa\",\"0\"},{\"ha\",\"0\"},{\"h\",\"\"},{\"aha\",\"0\"},{\"b\",\"1\"},{\"p\",\"1\"},{\"ph\",\"3\"},{\"f\",\"3\"},{\"v\",\"3\"},{\"w\",\"3\"},{\"g\",\"4\"},{\"k\",\"4\"},{\"q\",\"4\"},{\"x\",\"48\"},{\"ax\",\"048\"},{\"cx\",\"48\"},{\"l\",\"5\"},{\"cl\",\"45\"},{\"acl\",\"085\"},{\"mn\",\"6\"},{\"{mn}\",\"6\"},{\"r\",\"7\"}};this.checkEncodings(data);}", "fail": 0}, {"content": "public void testExamples(){final String[][] data={{\"m\\u00DCller\",\"657\"},{\"m\\u00FCller\",\"657\"},{\"schmidt\",\"862\"},{\"schneider\",\"8627\"},{\"fischer\",\"387\"},{\"weber\",\"317\"},{\"wagner\",\"3467\"},{\"becker\",\"147\"},{\"hoffmann\",\"0366\"},{\"sch\\u00C4fer\",\"837\"},{\"sch\\u00e4fer\",\"837\"},{\"Breschnew\",\"17863\"},{\"Wikipedia\",\"3412\"},{\"peter\",\"127\"},{\"pharma\",\"376\"},{\"m\\u00f6nchengladbach\",\"664645214\"},{\"deutsch\",\"28\"},{\"deutz\",\"28\"},{\"hamburg\",\"06174\"},{\"hannover\",\"0637\"},{\"christstollen\",\"478256\"},{\"Xanthippe\",\"48621\"},{\"Zacharias\",\"8478\"},{\"Holzbau\",\"0581\"},{\"matsch\",\"68\"},{\"matz\",\"68\"},{\"Arbeitsamt\",\"071862\"},{\"Eberhard\",\"01772\"},{\"Eberhardt\",\"01772\"},{\"Celsius\",\"8588\"},{\"Ace\",\"08\"},{\"shch\",\"84\"},{\"xch\",\"484\"},{\"heithabu\",\"021\"}};this.checkEncodings(data);}", "fail": 0}, {"content": "public void testHyphen(){final String[][] data={{\"bergisch-gladbach\",\"174845214\"},{\"M\\u00fcller-L\\u00fcdenscheidt\",\"65752682\"}};this.checkEncodings(data);}", "fail": 0}, {"content": "public void testIsEncodeEquals(){final String[][] data={{\"Muller\",\"M\\u00fcller\"},{\"Meyer\",\"Mayr\"},{\"house\",\"house\"},{\"House\",\"house\"},{\"Haus\",\"house\"},{\"ganz\",\"Gans\"},{\"ganz\",\"G\\u00e4nse\"},{\"Miyagi\",\"Miyako\"}};for (final String[] element : data) {  final boolean encodeEqual=this.getStringEncoder().isEncodeEqual(element[1],element[0]);  Assert.assertTrue(element[1] + \" != \" + element[0],encodeEqual);}}", "fail": 0}, {"content": "public void testVariationsMella(){final String data[]={\"mella\",\"milah\",\"moulla\",\"mellah\",\"muehle\",\"mule\"};this.checkEncodingVariations(\"65\",data);}", "fail": 0}, {"content": "public void testVariationsMeyer(){final String data[]={\"Meier\",\"Maier\",\"Mair\",\"Meyer\",\"Meyr\",\"Mejer\",\"Major\"};this.checkEncodingVariations(\"67\",data);}", "fail": 0}, {"content": "public void main(final String args){final ColognePhonetic coder=new ColognePhonetic();for (final String arg : args) {  final String code=coder.encode(arg);  System.out.println(\"'\" + arg + \"' = '\"+ code+ \"'\");}}", "fail": 0}, {"content": "public void testVariationsMella(){final String data[]={\"mella\",\"milah\",\"moulla\",\"mellah\",\"muehle\",\"mule\"};this.checkEncodingVariations(\"65\",data);}", "fail": 1}, {"content": "public boolean hasTestCase(final String re){for (final String s : TESTSET) {  if (s.matches(re)) {    return true;  }}return false;}", "fail": 0}, {"content": "public void finishTests(){int errors=0;for (final String m : MATCHES) {  if (!hasTestCase(m)) {    System.out.println(m + \" has no test case\");    errors++;  }}Assert.assertEquals(\"Not expecting any missing test cases\",0,errors);}", "fail": 0}, {"content": "public void checkEncoding(final String expected, final String source){TESTSET.add(source.toUpperCase(Locale.GERMAN).replace('\u00c4','A').replace('\u00d6','O').replace('\u00dc','U'));super.checkEncoding(expected,source);}", "fail": 0}, {"content": "public ColognePhonetic createStringEncoder(){return new ColognePhonetic();}", "fail": 0}, {"content": "public void testCanFail(){this.checkEncoding(\"/\",\"Fehler\");}", "fail": 0}, {"content": "public void testAabjoe(){this.checkEncoding(\"01\",\"Aabjoe\");}", "fail": 0}, {"content": "public void testAaclan(){this.checkEncoding(\"0856\",\"Aaclan\");}", "fail": 0}, {"content": "public void testAychlmajrForCodec122(){this.checkEncoding(\"04567\",\"Aychlmajr\");}", "fail": 0}, {"content": "public void testEdgeCases(){final String[][] data={{\"a\",\"0\"},{\"e\",\"0\"},{\"i\",\"0\"},{\"o\",\"0\"},{\"u\",\"0\"},{\"\\u00E4\",\"0\"},{\"\\u00F6\",\"0\"},{\"\\u00FC\",\"0\"},{\"\\u00DF\",\"8\"},{\"aa\",\"0\"},{\"ha\",\"0\"},{\"h\",\"\"},{\"aha\",\"0\"},{\"b\",\"1\"},{\"p\",\"1\"},{\"ph\",\"3\"},{\"f\",\"3\"},{\"v\",\"3\"},{\"w\",\"3\"},{\"g\",\"4\"},{\"k\",\"4\"},{\"q\",\"4\"},{\"x\",\"48\"},{\"ax\",\"048\"},{\"cx\",\"48\"},{\"l\",\"5\"},{\"cl\",\"45\"},{\"acl\",\"085\"},{\"mn\",\"6\"},{\"{mn}\",\"6\"},{\"r\",\"7\"}};this.checkEncodings(data);}", "fail": 0}, {"content": "public void testExamples(){final String[][] data={{\"m\\u00DCller\",\"657\"},{\"m\\u00FCller\",\"657\"},{\"schmidt\",\"862\"},{\"schneider\",\"8627\"},{\"fischer\",\"387\"},{\"weber\",\"317\"},{\"wagner\",\"3467\"},{\"becker\",\"147\"},{\"hoffmann\",\"0366\"},{\"sch\\u00C4fer\",\"837\"},{\"sch\\u00e4fer\",\"837\"},{\"Breschnew\",\"17863\"},{\"Wikipedia\",\"3412\"},{\"peter\",\"127\"},{\"pharma\",\"376\"},{\"m\\u00f6nchengladbach\",\"664645214\"},{\"deutsch\",\"28\"},{\"deutz\",\"28\"},{\"hamburg\",\"06174\"},{\"hannover\",\"0637\"},{\"christstollen\",\"478256\"},{\"Xanthippe\",\"48621\"},{\"Zacharias\",\"8478\"},{\"Holzbau\",\"0581\"},{\"matsch\",\"68\"},{\"matz\",\"68\"},{\"Arbeitsamt\",\"071862\"},{\"Eberhard\",\"01772\"},{\"Eberhardt\",\"01772\"},{\"Celsius\",\"8588\"},{\"Ace\",\"08\"},{\"shch\",\"84\"},{\"xch\",\"484\"},{\"heithabu\",\"021\"}};this.checkEncodings(data);}", "fail": 0}, {"content": "public void testHyphen(){final String[][] data={{\"bergisch-gladbach\",\"174845214\"},{\"M\\u00fcller-L\\u00fcdenscheidt\",\"65752682\"}};this.checkEncodings(data);}", "fail": 0}, {"content": "public void testIsEncodeEquals(){final String[][] data={{\"Muller\",\"M\\u00fcller\"},{\"Meyer\",\"Mayr\"},{\"house\",\"house\"},{\"House\",\"house\"},{\"Haus\",\"house\"},{\"ganz\",\"Gans\"},{\"ganz\",\"G\\u00e4nse\"},{\"Miyagi\",\"Miyako\"}};for (final String[] element : data) {  final boolean encodeEqual=this.getStringEncoder().isEncodeEqual(element[1],element[0]);  Assert.assertTrue(element[1] + \" != \" + element[0],encodeEqual);}}", "fail": 0}, {"content": "public void testVariationsMeyer(){final String data[]={\"Meier\",\"Maier\",\"Mair\",\"Meyer\",\"Meyr\",\"Mejer\",\"Major\"};this.checkEncodingVariations(\"67\",data);}", "fail": 0}, {"content": "public void testSpecialCharsBetweenSameLetters(){final String data[]={\"Test test\",\"Testtest\",\"Test-test\",\"TesT#Test\",\"TesT?test\"};this.checkEncodingVariations(\"28282\",data);}", "fail": 0}, {"content": "public void main(final String args){final ColognePhonetic coder=new ColognePhonetic();for (final String arg : args) {  final String code=coder.encode(arg);  System.out.println(\"'\" + arg + \"' = '\"+ code+ \"'\");}}", "fail": 0}, {"content": "public void testVariationsMeyer(){final String data[]={\"Meier\",\"Maier\",\"Mair\",\"Meyer\",\"Meyr\",\"Mejer\",\"Major\"};this.checkEncodingVariations(\"67\",data);}", "fail": 1}, {"content": "public boolean hasTestCase(final String re){for (final String s : TESTSET) {  if (s.matches(re)) {    return true;  }}return false;}", "fail": 0}, {"content": "public void finishTests(){int errors=0;for (final String m : MATCHES) {  if (!hasTestCase(m)) {    System.out.println(m + \" has no test case\");    errors++;  }}Assert.assertEquals(\"Not expecting any missing test cases\",0,errors);}", "fail": 0}, {"content": "public void checkEncoding(final String expected, final String source){TESTSET.add(source.toUpperCase(Locale.GERMAN).replace('\u00c4','A').replace('\u00d6','O').replace('\u00dc','U'));super.checkEncoding(expected,source);}", "fail": 0}, {"content": "public ColognePhonetic createStringEncoder(){return new ColognePhonetic();}", "fail": 0}, {"content": "public void testCanFail(){this.checkEncoding(\"/\",\"Fehler\");}", "fail": 0}, {"content": "public void testAabjoe(){this.checkEncoding(\"01\",\"Aabjoe\");}", "fail": 0}, {"content": "public void testAaclan(){this.checkEncoding(\"0856\",\"Aaclan\");}", "fail": 0}, {"content": "public void testAychlmajrForCodec122(){this.checkEncoding(\"04567\",\"Aychlmajr\");}", "fail": 0}, {"content": "public void testEdgeCases(){final String[][] data={{\"a\",\"0\"},{\"e\",\"0\"},{\"i\",\"0\"},{\"o\",\"0\"},{\"u\",\"0\"},{\"\\u00E4\",\"0\"},{\"\\u00F6\",\"0\"},{\"\\u00FC\",\"0\"},{\"\\u00DF\",\"8\"},{\"aa\",\"0\"},{\"ha\",\"0\"},{\"h\",\"\"},{\"aha\",\"0\"},{\"b\",\"1\"},{\"p\",\"1\"},{\"ph\",\"3\"},{\"f\",\"3\"},{\"v\",\"3\"},{\"w\",\"3\"},{\"g\",\"4\"},{\"k\",\"4\"},{\"q\",\"4\"},{\"x\",\"48\"},{\"ax\",\"048\"},{\"cx\",\"48\"},{\"l\",\"5\"},{\"cl\",\"45\"},{\"acl\",\"085\"},{\"mn\",\"6\"},{\"{mn}\",\"6\"},{\"r\",\"7\"}};this.checkEncodings(data);}", "fail": 0}, {"content": "public void testExamples(){final String[][] data={{\"m\\u00DCller\",\"657\"},{\"m\\u00FCller\",\"657\"},{\"schmidt\",\"862\"},{\"schneider\",\"8627\"},{\"fischer\",\"387\"},{\"weber\",\"317\"},{\"wagner\",\"3467\"},{\"becker\",\"147\"},{\"hoffmann\",\"0366\"},{\"sch\\u00C4fer\",\"837\"},{\"sch\\u00e4fer\",\"837\"},{\"Breschnew\",\"17863\"},{\"Wikipedia\",\"3412\"},{\"peter\",\"127\"},{\"pharma\",\"376\"},{\"m\\u00f6nchengladbach\",\"664645214\"},{\"deutsch\",\"28\"},{\"deutz\",\"28\"},{\"hamburg\",\"06174\"},{\"hannover\",\"0637\"},{\"christstollen\",\"478256\"},{\"Xanthippe\",\"48621\"},{\"Zacharias\",\"8478\"},{\"Holzbau\",\"0581\"},{\"matsch\",\"68\"},{\"matz\",\"68\"},{\"Arbeitsamt\",\"071862\"},{\"Eberhard\",\"01772\"},{\"Eberhardt\",\"01772\"},{\"Celsius\",\"8588\"},{\"Ace\",\"08\"},{\"shch\",\"84\"},{\"xch\",\"484\"},{\"heithabu\",\"021\"}};this.checkEncodings(data);}", "fail": 0}, {"content": "public void testHyphen(){final String[][] data={{\"bergisch-gladbach\",\"174845214\"},{\"M\\u00fcller-L\\u00fcdenscheidt\",\"65752682\"}};this.checkEncodings(data);}", "fail": 0}, {"content": "public void testIsEncodeEquals(){final String[][] data={{\"Muller\",\"M\\u00fcller\"},{\"Meyer\",\"Mayr\"},{\"house\",\"house\"},{\"House\",\"house\"},{\"Haus\",\"house\"},{\"ganz\",\"Gans\"},{\"ganz\",\"G\\u00e4nse\"},{\"Miyagi\",\"Miyako\"}};for (final String[] element : data) {  final boolean encodeEqual=this.getStringEncoder().isEncodeEqual(element[1],element[0]);  Assert.assertTrue(element[1] + \" != \" + element[0],encodeEqual);}}", "fail": 0}, {"content": "public void testVariationsMella(){final String data[]={\"mella\",\"milah\",\"moulla\",\"mellah\",\"muehle\",\"mule\"};this.checkEncodingVariations(\"65\",data);}", "fail": 0}, {"content": "public void testSpecialCharsBetweenSameLetters(){final String data[]={\"Test test\",\"Testtest\",\"Test-test\",\"TesT#Test\",\"TesT?test\"};this.checkEncodingVariations(\"28282\",data);}", "fail": 0}, {"content": "public void main(final String args){final ColognePhonetic coder=new ColognePhonetic();for (final String arg : args) {  final String code=coder.encode(arg);  System.out.println(\"'\" + arg + \"' = '\"+ code+ \"'\");}}", "fail": 0}]