[{"diff0": ["class XXHash32Test {public XXHash32Test(final String path, final String c){final URL url=XXHash32Test.class.getClassLoader().getResource(path);if (url == null) {  throw new FileNotFoundException(\"couldn't find \" + path);}URI uri=null;try {  uri=url.toURI();} catch (final java.net.URISyntaxException ex) {  throw new IOException(ex);}file=new File(uri);expectedChecksum=c;}}\n", "class XXHash32Test {public Collection<Object[]> factory(){return Arrays.asList(new Object[][]{{\"bla.tar\",\"fbb5c8d1\"},{\"bla.tar.xz\",\"4106a208\"}});}}\n", "class XXHash32Test {public void verifyChecksum(){final XXHash32 h=new XXHash32();try (final FileInputStream s=new FileInputStream(file)){  final byte[] b=toByteArray(s);  h.update(b,0,b.length);} Assert.assertEquals(\"checksum for \" + file.getName(),expectedChecksum,Long.toHexString(h.getValue()));}}\n", "class XXHash32Test {public void verifyIncrementalChecksum(){final XXHash32 h=new XXHash32();try (final FileInputStream s=new FileInputStream(file)){  final byte[] b=toByteArray(s);  h.update(b[0]);  h.reset();  h.update(b[0]);  h.update(b,1,b.length - 2);  h.update(b,b.length - 1,1);  h.update(b,0,-1);} Assert.assertEquals(\"checksum for \" + file.getName(),expectedChecksum,Long.toHexString(h.getValue()));}}\n", "class XXHash32Test {public byte[] toByteArray(final InputStream input){final ByteArrayOutputStream output=new ByteArrayOutputStream();copy(input,output,10240);return output.toByteArray();}}\n", "class XXHash32Test {public long copy(final InputStream input, final OutputStream output, final int buffersize){final byte[] buffer=new byte[buffersize];int n=0;long count=0;while (-1 != (n=input.read(buffer))) {  output.write(buffer,0,n);  count+=n;}return count;}}\n"]}, {"content": "public void testAabjoe(){this.checkEncoding(\"01\",\"Aabjoe\");}", "fail": 1}, {"content": "public boolean hasTestCase(final String re){for (final String s : TESTSET) {  if (s.matches(re)) {    return true;  }}return false;}", "fail": 0}, {"content": "public void finishTests(){int errors=0;for (final String m : MATCHES) {  if (!hasTestCase(m)) {    System.out.println(m + \" has no test case\");    errors++;  }}Assert.assertEquals(\"Not expecting any missing test cases\",0,errors);}", "fail": 0}, {"content": "public void checkEncoding(final String expected, final String source){TESTSET.add(source.toUpperCase(Locale.GERMAN).replace('\u00c4','A').replace('\u00d6','O').replace('\u00dc','U'));super.checkEncoding(expected,source);}", "fail": 0}, {"content": "public ColognePhonetic createStringEncoder(){return new ColognePhonetic();}", "fail": 0}, {"content": "public void testCanFail(){this.checkEncoding(\"/\",\"Fehler\");}", "fail": 0}, {"content": "public void testAaclan(){this.checkEncoding(\"0856\",\"Aaclan\");}", "fail": 0}, {"content": "public void testAychlmajrForCodec122(){this.checkEncoding(\"04567\",\"Aychlmajr\");}", "fail": 0}, {"content": "public void testEdgeCases(){final String[][] data={{\"a\",\"0\"},{\"e\",\"0\"},{\"i\",\"0\"},{\"o\",\"0\"},{\"u\",\"0\"},{\"\\u00E4\",\"0\"},{\"\\u00F6\",\"0\"},{\"\\u00FC\",\"0\"},{\"\\u00DF\",\"8\"},{\"aa\",\"0\"},{\"ha\",\"0\"},{\"h\",\"\"},{\"aha\",\"0\"},{\"b\",\"1\"},{\"p\",\"1\"},{\"ph\",\"3\"},{\"f\",\"3\"},{\"v\",\"3\"},{\"w\",\"3\"},{\"g\",\"4\"},{\"k\",\"4\"},{\"q\",\"4\"},{\"x\",\"48\"},{\"ax\",\"048\"},{\"cx\",\"48\"},{\"l\",\"5\"},{\"cl\",\"45\"},{\"acl\",\"085\"},{\"mn\",\"6\"},{\"{mn}\",\"6\"},{\"r\",\"7\"}};this.checkEncodings(data);}", "fail": 0}, {"content": "public void testExamples(){final String[][] data={{\"m\\u00DCller\",\"657\"},{\"m\\u00FCller\",\"657\"},{\"schmidt\",\"862\"},{\"schneider\",\"8627\"},{\"fischer\",\"387\"},{\"weber\",\"317\"},{\"wagner\",\"3467\"},{\"becker\",\"147\"},{\"hoffmann\",\"0366\"},{\"sch\\u00C4fer\",\"837\"},{\"sch\\u00e4fer\",\"837\"},{\"Breschnew\",\"17863\"},{\"Wikipedia\",\"3412\"},{\"peter\",\"127\"},{\"pharma\",\"376\"},{\"m\\u00f6nchengladbach\",\"664645214\"},{\"deutsch\",\"28\"},{\"deutz\",\"28\"},{\"hamburg\",\"06174\"},{\"hannover\",\"0637\"},{\"christstollen\",\"478256\"},{\"Xanthippe\",\"48621\"},{\"Zacharias\",\"8478\"},{\"Holzbau\",\"0581\"},{\"matsch\",\"68\"},{\"matz\",\"68\"},{\"Arbeitsamt\",\"071862\"},{\"Eberhard\",\"01772\"},{\"Eberhardt\",\"01772\"},{\"Celsius\",\"8588\"},{\"Ace\",\"08\"},{\"shch\",\"84\"},{\"xch\",\"484\"},{\"heithabu\",\"021\"}};this.checkEncodings(data);}", "fail": 0}, {"content": "public void testHyphen(){final String[][] data={{\"bergisch-gladbach\",\"174845214\"},{\"M\\u00fcller-L\\u00fcdenscheidt\",\"65752682\"}};this.checkEncodings(data);}", "fail": 0}, {"content": "public void testIsEncodeEquals(){final String[][] data={{\"Muller\",\"M\\u00fcller\"},{\"Meyer\",\"Mayr\"},{\"house\",\"house\"},{\"House\",\"house\"},{\"Haus\",\"house\"},{\"ganz\",\"Gans\"},{\"ganz\",\"G\\u00e4nse\"},{\"Miyagi\",\"Miyako\"}};for (final String[] element : data) {  final boolean encodeEqual=this.getStringEncoder().isEncodeEqual(element[1],element[0]);  Assert.assertTrue(element[1] + \" != \" + element[0],encodeEqual);}}", "fail": 0}, {"content": "public void testVariationsMella(){final String data[]={\"mella\",\"milah\",\"moulla\",\"mellah\",\"muehle\",\"mule\"};this.checkEncodingVariations(\"65\",data);}", "fail": 0}, {"content": "public void testVariationsMeyer(){final String data[]={\"Meier\",\"Maier\",\"Mair\",\"Meyer\",\"Meyr\",\"Mejer\",\"Major\"};this.checkEncodingVariations(\"67\",data);}", "fail": 0}, {"content": "public void testSpecialCharsBetweenSameLetters(){final String data[]={\"Test test\",\"Testtest\",\"Test-test\",\"TesT#Test\",\"TesT?test\"};this.checkEncodingVariations(\"28282\",data);}", "fail": 0}, {"content": "public void main(final String args){final ColognePhonetic coder=new ColognePhonetic();for (final String arg : args) {  final String code=coder.encode(arg);  System.out.println(\"'\" + arg + \"' = '\"+ code+ \"'\");}}", "fail": 0}, {"content": "public void testAaclan(){this.checkEncoding(\"0856\",\"Aaclan\");}", "fail": 1}, {"content": "public boolean hasTestCase(final String re){for (final String s : TESTSET) {  if (s.matches(re)) {    return true;  }}return false;}", "fail": 0}, {"content": "public void finishTests(){int errors=0;for (final String m : MATCHES) {  if (!hasTestCase(m)) {    System.out.println(m + \" has no test case\");    errors++;  }}Assert.assertEquals(\"Not expecting any missing test cases\",0,errors);}", "fail": 0}, {"content": "public void checkEncoding(final String expected, final String source){TESTSET.add(source.toUpperCase(Locale.GERMAN).replace('\u00c4','A').replace('\u00d6','O').replace('\u00dc','U'));super.checkEncoding(expected,source);}", "fail": 0}, {"content": "public ColognePhonetic createStringEncoder(){return new ColognePhonetic();}", "fail": 0}, {"content": "public void testCanFail(){this.checkEncoding(\"/\",\"Fehler\");}", "fail": 0}, {"content": "public void testAabjoe(){this.checkEncoding(\"01\",\"Aabjoe\");}", "fail": 0}, {"content": "public void testAychlmajrForCodec122(){this.checkEncoding(\"04567\",\"Aychlmajr\");}", "fail": 0}, {"content": "public void testEdgeCases(){final String[][] data={{\"a\",\"0\"},{\"e\",\"0\"},{\"i\",\"0\"},{\"o\",\"0\"},{\"u\",\"0\"},{\"\\u00E4\",\"0\"},{\"\\u00F6\",\"0\"},{\"\\u00FC\",\"0\"},{\"\\u00DF\",\"8\"},{\"aa\",\"0\"},{\"ha\",\"0\"},{\"h\",\"\"},{\"aha\",\"0\"},{\"b\",\"1\"},{\"p\",\"1\"},{\"ph\",\"3\"},{\"f\",\"3\"},{\"v\",\"3\"},{\"w\",\"3\"},{\"g\",\"4\"},{\"k\",\"4\"},{\"q\",\"4\"},{\"x\",\"48\"},{\"ax\",\"048\"},{\"cx\",\"48\"},{\"l\",\"5\"},{\"cl\",\"45\"},{\"acl\",\"085\"},{\"mn\",\"6\"},{\"{mn}\",\"6\"},{\"r\",\"7\"}};this.checkEncodings(data);}", "fail": 0}, {"content": "public void testExamples(){final String[][] data={{\"m\\u00DCller\",\"657\"},{\"m\\u00FCller\",\"657\"},{\"schmidt\",\"862\"},{\"schneider\",\"8627\"},{\"fischer\",\"387\"},{\"weber\",\"317\"},{\"wagner\",\"3467\"},{\"becker\",\"147\"},{\"hoffmann\",\"0366\"},{\"sch\\u00C4fer\",\"837\"},{\"sch\\u00e4fer\",\"837\"},{\"Breschnew\",\"17863\"},{\"Wikipedia\",\"3412\"},{\"peter\",\"127\"},{\"pharma\",\"376\"},{\"m\\u00f6nchengladbach\",\"664645214\"},{\"deutsch\",\"28\"},{\"deutz\",\"28\"},{\"hamburg\",\"06174\"},{\"hannover\",\"0637\"},{\"christstollen\",\"478256\"},{\"Xanthippe\",\"48621\"},{\"Zacharias\",\"8478\"},{\"Holzbau\",\"0581\"},{\"matsch\",\"68\"},{\"matz\",\"68\"},{\"Arbeitsamt\",\"071862\"},{\"Eberhard\",\"01772\"},{\"Eberhardt\",\"01772\"},{\"Celsius\",\"8588\"},{\"Ace\",\"08\"},{\"shch\",\"84\"},{\"xch\",\"484\"},{\"heithabu\",\"021\"}};this.checkEncodings(data);}", "fail": 0}, {"content": "public void testHyphen(){final String[][] data={{\"bergisch-gladbach\",\"174845214\"},{\"M\\u00fcller-L\\u00fcdenscheidt\",\"65752682\"}};this.checkEncodings(data);}", "fail": 0}, {"content": "public void testIsEncodeEquals(){final String[][] data={{\"Muller\",\"M\\u00fcller\"},{\"Meyer\",\"Mayr\"},{\"house\",\"house\"},{\"House\",\"house\"},{\"Haus\",\"house\"},{\"ganz\",\"Gans\"},{\"ganz\",\"G\\u00e4nse\"},{\"Miyagi\",\"Miyako\"}};for (final String[] element : data) {  final boolean encodeEqual=this.getStringEncoder().isEncodeEqual(element[1],element[0]);  Assert.assertTrue(element[1] + \" != \" + element[0],encodeEqual);}}", "fail": 0}, {"content": "public void testVariationsMella(){final String data[]={\"mella\",\"milah\",\"moulla\",\"mellah\",\"muehle\",\"mule\"};this.checkEncodingVariations(\"65\",data);}", "fail": 0}, {"content": "public void testVariationsMeyer(){final String data[]={\"Meier\",\"Maier\",\"Mair\",\"Meyer\",\"Meyr\",\"Mejer\",\"Major\"};this.checkEncodingVariations(\"67\",data);}", "fail": 0}, {"content": "public void testSpecialCharsBetweenSameLetters(){final String data[]={\"Test test\",\"Testtest\",\"Test-test\",\"TesT#Test\",\"TesT?test\"};this.checkEncodingVariations(\"28282\",data);}", "fail": 0}, {"content": "public void main(final String args){final ColognePhonetic coder=new ColognePhonetic();for (final String arg : args) {  final String code=coder.encode(arg);  System.out.println(\"'\" + arg + \"' = '\"+ code+ \"'\");}}", "fail": 0}, {"content": "public void testAychlmajrForCodec122(){this.checkEncoding(\"04567\",\"Aychlmajr\");}", "fail": 1}, {"content": "public boolean hasTestCase(final String re){for (final String s : TESTSET) {  if (s.matches(re)) {    return true;  }}return false;}", "fail": 0}, {"content": "public void finishTests(){int errors=0;for (final String m : MATCHES) {  if (!hasTestCase(m)) {    System.out.println(m + \" has no test case\");    errors++;  }}Assert.assertEquals(\"Not expecting any missing test cases\",0,errors);}", "fail": 0}, {"content": "public void checkEncoding(final String expected, final String source){TESTSET.add(source.toUpperCase(Locale.GERMAN).replace('\u00c4','A').replace('\u00d6','O').replace('\u00dc','U'));super.checkEncoding(expected,source);}", "fail": 0}, {"content": "public ColognePhonetic createStringEncoder(){return new ColognePhonetic();}", "fail": 0}, {"content": "public void testCanFail(){this.checkEncoding(\"/\",\"Fehler\");}", "fail": 0}, {"content": "public void testAabjoe(){this.checkEncoding(\"01\",\"Aabjoe\");}", "fail": 0}, {"content": "public void testAaclan(){this.checkEncoding(\"0856\",\"Aaclan\");}", "fail": 0}, {"content": "public void testEdgeCases(){final String[][] data={{\"a\",\"0\"},{\"e\",\"0\"},{\"i\",\"0\"},{\"o\",\"0\"},{\"u\",\"0\"},{\"\\u00E4\",\"0\"},{\"\\u00F6\",\"0\"},{\"\\u00FC\",\"0\"},{\"\\u00DF\",\"8\"},{\"aa\",\"0\"},{\"ha\",\"0\"},{\"h\",\"\"},{\"aha\",\"0\"},{\"b\",\"1\"},{\"p\",\"1\"},{\"ph\",\"3\"},{\"f\",\"3\"},{\"v\",\"3\"},{\"w\",\"3\"},{\"g\",\"4\"},{\"k\",\"4\"},{\"q\",\"4\"},{\"x\",\"48\"},{\"ax\",\"048\"},{\"cx\",\"48\"},{\"l\",\"5\"},{\"cl\",\"45\"},{\"acl\",\"085\"},{\"mn\",\"6\"},{\"{mn}\",\"6\"},{\"r\",\"7\"}};this.checkEncodings(data);}", "fail": 0}, {"content": "public void testExamples(){final String[][] data={{\"m\\u00DCller\",\"657\"},{\"m\\u00FCller\",\"657\"},{\"schmidt\",\"862\"},{\"schneider\",\"8627\"},{\"fischer\",\"387\"},{\"weber\",\"317\"},{\"wagner\",\"3467\"},{\"becker\",\"147\"},{\"hoffmann\",\"0366\"},{\"sch\\u00C4fer\",\"837\"},{\"sch\\u00e4fer\",\"837\"},{\"Breschnew\",\"17863\"},{\"Wikipedia\",\"3412\"},{\"peter\",\"127\"},{\"pharma\",\"376\"},{\"m\\u00f6nchengladbach\",\"664645214\"},{\"deutsch\",\"28\"},{\"deutz\",\"28\"},{\"hamburg\",\"06174\"},{\"hannover\",\"0637\"},{\"christstollen\",\"478256\"},{\"Xanthippe\",\"48621\"},{\"Zacharias\",\"8478\"},{\"Holzbau\",\"0581\"},{\"matsch\",\"68\"},{\"matz\",\"68\"},{\"Arbeitsamt\",\"071862\"},{\"Eberhard\",\"01772\"},{\"Eberhardt\",\"01772\"},{\"Celsius\",\"8588\"},{\"Ace\",\"08\"},{\"shch\",\"84\"},{\"xch\",\"484\"},{\"heithabu\",\"021\"}};this.checkEncodings(data);}", "fail": 0}, {"content": "public void testHyphen(){final String[][] data={{\"bergisch-gladbach\",\"174845214\"},{\"M\\u00fcller-L\\u00fcdenscheidt\",\"65752682\"}};this.checkEncodings(data);}", "fail": 0}, {"content": "public void testIsEncodeEquals(){final String[][] data={{\"Muller\",\"M\\u00fcller\"},{\"Meyer\",\"Mayr\"},{\"house\",\"house\"},{\"House\",\"house\"},{\"Haus\",\"house\"},{\"ganz\",\"Gans\"},{\"ganz\",\"G\\u00e4nse\"},{\"Miyagi\",\"Miyako\"}};for (final String[] element : data) {  final boolean encodeEqual=this.getStringEncoder().isEncodeEqual(element[1],element[0]);  Assert.assertTrue(element[1] + \" != \" + element[0],encodeEqual);}}", "fail": 0}, {"content": "public void testVariationsMella(){final String data[]={\"mella\",\"milah\",\"moulla\",\"mellah\",\"muehle\",\"mule\"};this.checkEncodingVariations(\"65\",data);}", "fail": 0}, {"content": "public void testVariationsMeyer(){final String data[]={\"Meier\",\"Maier\",\"Mair\",\"Meyer\",\"Meyr\",\"Mejer\",\"Major\"};this.checkEncodingVariations(\"67\",data);}", "fail": 0}, {"content": "public void testSpecialCharsBetweenSameLetters(){final String data[]={\"Test test\",\"Testtest\",\"Test-test\",\"TesT#Test\",\"TesT?test\"};this.checkEncodingVariations(\"28282\",data);}", "fail": 0}, {"content": "public void main(final String args){final ColognePhonetic coder=new ColognePhonetic();for (final String arg : args) {  final String code=coder.encode(arg);  System.out.println(\"'\" + arg + \"' = '\"+ code+ \"'\");}}", "fail": 0}, {"content": "public void testCanFail(){this.checkEncoding(\"/\",\"Fehler\");}", "fail": 1}, {"content": "public boolean hasTestCase(final String re){for (final String s : TESTSET) {  if (s.matches(re)) {    return true;  }}return false;}", "fail": 0}, {"content": "public void finishTests(){int errors=0;for (final String m : MATCHES) {  if (!hasTestCase(m)) {    System.out.println(m + \" has no test case\");    errors++;  }}Assert.assertEquals(\"Not expecting any missing test cases\",0,errors);}", "fail": 0}, {"content": "public void checkEncoding(final String expected, final String source){TESTSET.add(source.toUpperCase(Locale.GERMAN).replace('\u00c4','A').replace('\u00d6','O').replace('\u00dc','U'));super.checkEncoding(expected,source);}", "fail": 0}, {"content": "public ColognePhonetic createStringEncoder(){return new ColognePhonetic();}", "fail": 0}, {"content": "public void testAabjoe(){this.checkEncoding(\"01\",\"Aabjoe\");}", "fail": 0}, {"content": "public void testAaclan(){this.checkEncoding(\"0856\",\"Aaclan\");}", "fail": 0}, {"content": "public void testAychlmajrForCodec122(){this.checkEncoding(\"04567\",\"Aychlmajr\");}", "fail": 0}, {"content": "public void testEdgeCases(){final String[][] data={{\"a\",\"0\"},{\"e\",\"0\"},{\"i\",\"0\"},{\"o\",\"0\"},{\"u\",\"0\"},{\"\\u00E4\",\"0\"},{\"\\u00F6\",\"0\"},{\"\\u00FC\",\"0\"},{\"\\u00DF\",\"8\"},{\"aa\",\"0\"},{\"ha\",\"0\"},{\"h\",\"\"},{\"aha\",\"0\"},{\"b\",\"1\"},{\"p\",\"1\"},{\"ph\",\"3\"},{\"f\",\"3\"},{\"v\",\"3\"},{\"w\",\"3\"},{\"g\",\"4\"},{\"k\",\"4\"},{\"q\",\"4\"},{\"x\",\"48\"},{\"ax\",\"048\"},{\"cx\",\"48\"},{\"l\",\"5\"},{\"cl\",\"45\"},{\"acl\",\"085\"},{\"mn\",\"6\"},{\"{mn}\",\"6\"},{\"r\",\"7\"}};this.checkEncodings(data);}", "fail": 0}, {"content": "public void testExamples(){final String[][] data={{\"m\\u00DCller\",\"657\"},{\"m\\u00FCller\",\"657\"},{\"schmidt\",\"862\"},{\"schneider\",\"8627\"},{\"fischer\",\"387\"},{\"weber\",\"317\"},{\"wagner\",\"3467\"},{\"becker\",\"147\"},{\"hoffmann\",\"0366\"},{\"sch\\u00C4fer\",\"837\"},{\"sch\\u00e4fer\",\"837\"},{\"Breschnew\",\"17863\"},{\"Wikipedia\",\"3412\"},{\"peter\",\"127\"},{\"pharma\",\"376\"},{\"m\\u00f6nchengladbach\",\"664645214\"},{\"deutsch\",\"28\"},{\"deutz\",\"28\"},{\"hamburg\",\"06174\"},{\"hannover\",\"0637\"},{\"christstollen\",\"478256\"},{\"Xanthippe\",\"48621\"},{\"Zacharias\",\"8478\"},{\"Holzbau\",\"0581\"},{\"matsch\",\"68\"},{\"matz\",\"68\"},{\"Arbeitsamt\",\"071862\"},{\"Eberhard\",\"01772\"},{\"Eberhardt\",\"01772\"},{\"Celsius\",\"8588\"},{\"Ace\",\"08\"},{\"shch\",\"84\"},{\"xch\",\"484\"},{\"heithabu\",\"021\"}};this.checkEncodings(data);}", "fail": 0}, {"content": "public void testHyphen(){final String[][] data={{\"bergisch-gladbach\",\"174845214\"},{\"M\\u00fcller-L\\u00fcdenscheidt\",\"65752682\"}};this.checkEncodings(data);}", "fail": 0}, {"content": "public void testIsEncodeEquals(){final String[][] data={{\"Muller\",\"M\\u00fcller\"},{\"Meyer\",\"Mayr\"},{\"house\",\"house\"},{\"House\",\"house\"},{\"Haus\",\"house\"},{\"ganz\",\"Gans\"},{\"ganz\",\"G\\u00e4nse\"},{\"Miyagi\",\"Miyako\"}};for (final String[] element : data) {  final boolean encodeEqual=this.getStringEncoder().isEncodeEqual(element[1],element[0]);  Assert.assertTrue(element[1] + \" != \" + element[0],encodeEqual);}}", "fail": 0}, {"content": "public void testVariationsMella(){final String data[]={\"mella\",\"milah\",\"moulla\",\"mellah\",\"muehle\",\"mule\"};this.checkEncodingVariations(\"65\",data);}", "fail": 0}, {"content": "public void testVariationsMeyer(){final String data[]={\"Meier\",\"Maier\",\"Mair\",\"Meyer\",\"Meyr\",\"Mejer\",\"Major\"};this.checkEncodingVariations(\"67\",data);}", "fail": 0}, {"content": "public void testSpecialCharsBetweenSameLetters(){final String data[]={\"Test test\",\"Testtest\",\"Test-test\",\"TesT#Test\",\"TesT?test\"};this.checkEncodingVariations(\"28282\",data);}", "fail": 0}, {"content": "public void main(final String args){final ColognePhonetic coder=new ColognePhonetic();for (final String arg : args) {  final String code=coder.encode(arg);  System.out.println(\"'\" + arg + \"' = '\"+ code+ \"'\");}}", "fail": 0}, {"content": "public void testEdgeCases(){final String[][] data={{\"a\",\"0\"},{\"e\",\"0\"},{\"i\",\"0\"},{\"o\",\"0\"},{\"u\",\"0\"},{\"\\u00E4\",\"0\"},{\"\\u00F6\",\"0\"},{\"\\u00FC\",\"0\"},{\"\\u00DF\",\"8\"},{\"aa\",\"0\"},{\"ha\",\"0\"},{\"h\",\"\"},{\"aha\",\"0\"},{\"b\",\"1\"},{\"p\",\"1\"},{\"ph\",\"3\"},{\"f\",\"3\"},{\"v\",\"3\"},{\"w\",\"3\"},{\"g\",\"4\"},{\"k\",\"4\"},{\"q\",\"4\"},{\"x\",\"48\"},{\"ax\",\"048\"},{\"cx\",\"48\"},{\"l\",\"5\"},{\"cl\",\"45\"},{\"acl\",\"085\"},{\"mn\",\"6\"},{\"{mn}\",\"6\"},{\"r\",\"7\"}};this.checkEncodings(data);}", "fail": 1}, {"content": "public boolean hasTestCase(final String re){for (final String s : TESTSET) {  if (s.matches(re)) {    return true;  }}return false;}", "fail": 0}, {"content": "public void finishTests(){int errors=0;for (final String m : MATCHES) {  if (!hasTestCase(m)) {    System.out.println(m + \" has no test case\");    errors++;  }}Assert.assertEquals(\"Not expecting any missing test cases\",0,errors);}", "fail": 0}, {"content": "public void checkEncoding(final String expected, final String source){TESTSET.add(source.toUpperCase(Locale.GERMAN).replace('\u00c4','A').replace('\u00d6','O').replace('\u00dc','U'));super.checkEncoding(expected,source);}", "fail": 0}, {"content": "public ColognePhonetic createStringEncoder(){return new ColognePhonetic();}", "fail": 0}, {"content": "public void testCanFail(){this.checkEncoding(\"/\",\"Fehler\");}", "fail": 0}, {"content": "public void testAabjoe(){this.checkEncoding(\"01\",\"Aabjoe\");}", "fail": 0}, {"content": "public void testAaclan(){this.checkEncoding(\"0856\",\"Aaclan\");}", "fail": 0}, {"content": "public void testAychlmajrForCodec122(){this.checkEncoding(\"04567\",\"Aychlmajr\");}", "fail": 0}, {"content": "public void testExamples(){final String[][] data={{\"m\\u00DCller\",\"657\"},{\"m\\u00FCller\",\"657\"},{\"schmidt\",\"862\"},{\"schneider\",\"8627\"},{\"fischer\",\"387\"},{\"weber\",\"317\"},{\"wagner\",\"3467\"},{\"becker\",\"147\"},{\"hoffmann\",\"0366\"},{\"sch\\u00C4fer\",\"837\"},{\"sch\\u00e4fer\",\"837\"},{\"Breschnew\",\"17863\"},{\"Wikipedia\",\"3412\"},{\"peter\",\"127\"},{\"pharma\",\"376\"},{\"m\\u00f6nchengladbach\",\"664645214\"},{\"deutsch\",\"28\"},{\"deutz\",\"28\"},{\"hamburg\",\"06174\"},{\"hannover\",\"0637\"},{\"christstollen\",\"478256\"},{\"Xanthippe\",\"48621\"},{\"Zacharias\",\"8478\"},{\"Holzbau\",\"0581\"},{\"matsch\",\"68\"},{\"matz\",\"68\"},{\"Arbeitsamt\",\"071862\"},{\"Eberhard\",\"01772\"},{\"Eberhardt\",\"01772\"},{\"Celsius\",\"8588\"},{\"Ace\",\"08\"},{\"shch\",\"84\"},{\"xch\",\"484\"},{\"heithabu\",\"021\"}};this.checkEncodings(data);}", "fail": 0}, {"content": "public void testHyphen(){final String[][] data={{\"bergisch-gladbach\",\"174845214\"},{\"M\\u00fcller-L\\u00fcdenscheidt\",\"65752682\"}};this.checkEncodings(data);}", "fail": 0}, {"content": "public void testIsEncodeEquals(){final String[][] data={{\"Muller\",\"M\\u00fcller\"},{\"Meyer\",\"Mayr\"},{\"house\",\"house\"},{\"House\",\"house\"},{\"Haus\",\"house\"},{\"ganz\",\"Gans\"},{\"ganz\",\"G\\u00e4nse\"},{\"Miyagi\",\"Miyako\"}};for (final String[] element : data) {  final boolean encodeEqual=this.getStringEncoder().isEncodeEqual(element[1],element[0]);  Assert.assertTrue(element[1] + \" != \" + element[0],encodeEqual);}}", "fail": 0}, {"content": "public void testVariationsMella(){final String data[]={\"mella\",\"milah\",\"moulla\",\"mellah\",\"muehle\",\"mule\"};this.checkEncodingVariations(\"65\",data);}", "fail": 0}, {"content": "public void testVariationsMeyer(){final String data[]={\"Meier\",\"Maier\",\"Mair\",\"Meyer\",\"Meyr\",\"Mejer\",\"Major\"};this.checkEncodingVariations(\"67\",data);}", "fail": 0}, {"content": "public void testSpecialCharsBetweenSameLetters(){final String data[]={\"Test test\",\"Testtest\",\"Test-test\",\"TesT#Test\",\"TesT?test\"};this.checkEncodingVariations(\"28282\",data);}", "fail": 0}, {"content": "public void main(final String args){final ColognePhonetic coder=new ColognePhonetic();for (final String arg : args) {  final String code=coder.encode(arg);  System.out.println(\"'\" + arg + \"' = '\"+ code+ \"'\");}}", "fail": 0}, {"content": "public boolean hasTestCase(final String re){for (final String s : TESTSET) {  if (s.matches(re)) {    return true;  }}return false;}", "fail": 0}, {"content": "public void finishTests(){int errors=0;for (final String m : MATCHES) {  if (!hasTestCase(m)) {    System.out.println(m + \" has no test case\");    errors++;  }}Assert.assertEquals(\"Not expecting any missing test cases\",0,errors);}", "fail": 0}, {"content": "public void checkEncoding(final String expected, final String source){TESTSET.add(source.toUpperCase(Locale.GERMAN).replace('\u00c4','A').replace('\u00d6','O').replace('\u00dc','U'));super.checkEncoding(expected,source);}", "fail": 0}, {"content": "public ColognePhonetic createStringEncoder(){return new ColognePhonetic();}", "fail": 0}, {"content": "public void testCanFail(){this.checkEncoding(\"/\",\"Fehler\");}", "fail": 0}, {"content": "public void testAabjoe(){this.checkEncoding(\"01\",\"Aabjoe\");}", "fail": 0}, {"content": "public void testAaclan(){this.checkEncoding(\"0856\",\"Aaclan\");}", "fail": 0}, {"content": "public void testAychlmajrForCodec122(){this.checkEncoding(\"04567\",\"Aychlmajr\");}", "fail": 0}, {"content": "public void testEdgeCases(){final String[][] data={{\"a\",\"0\"},{\"e\",\"0\"},{\"i\",\"0\"},{\"o\",\"0\"},{\"u\",\"0\"},{\"\\u00E4\",\"0\"},{\"\\u00F6\",\"0\"},{\"\\u00FC\",\"0\"},{\"\\u00DF\",\"8\"},{\"aa\",\"0\"},{\"ha\",\"0\"},{\"h\",\"\"},{\"aha\",\"0\"},{\"b\",\"1\"},{\"p\",\"1\"},{\"ph\",\"3\"},{\"f\",\"3\"},{\"v\",\"3\"},{\"w\",\"3\"},{\"g\",\"4\"},{\"k\",\"4\"},{\"q\",\"4\"},{\"x\",\"48\"},{\"ax\",\"048\"},{\"cx\",\"48\"},{\"l\",\"5\"},{\"cl\",\"45\"},{\"acl\",\"085\"},{\"mn\",\"6\"},{\"{mn}\",\"6\"},{\"r\",\"7\"}};this.checkEncodings(data);}", "fail": 0}, {"content": "public void testExamples(){final String[][] data={{\"m\\u00DCller\",\"657\"},{\"m\\u00FCller\",\"657\"},{\"schmidt\",\"862\"},{\"schneider\",\"8627\"},{\"fischer\",\"387\"},{\"weber\",\"317\"},{\"wagner\",\"3467\"},{\"becker\",\"147\"},{\"hoffmann\",\"0366\"},{\"sch\\u00C4fer\",\"837\"},{\"sch\\u00e4fer\",\"837\"},{\"Breschnew\",\"17863\"},{\"Wikipedia\",\"3412\"},{\"peter\",\"127\"},{\"pharma\",\"376\"},{\"m\\u00f6nchengladbach\",\"664645214\"},{\"deutsch\",\"28\"},{\"deutz\",\"28\"},{\"hamburg\",\"06174\"},{\"hannover\",\"0637\"},{\"christstollen\",\"478256\"},{\"Xanthippe\",\"48621\"},{\"Zacharias\",\"8478\"},{\"Holzbau\",\"0581\"},{\"matsch\",\"68\"},{\"matz\",\"68\"},{\"Arbeitsamt\",\"071862\"},{\"Eberhard\",\"01772\"},{\"Eberhardt\",\"01772\"},{\"Celsius\",\"8588\"},{\"Ace\",\"08\"},{\"shch\",\"84\"},{\"xch\",\"484\"},{\"heithabu\",\"021\"}};this.checkEncodings(data);}", "fail": 0}, {"content": "public void testHyphen(){final String[][] data={{\"bergisch-gladbach\",\"174845214\"},{\"M\\u00fcller-L\\u00fcdenscheidt\",\"65752682\"}};this.checkEncodings(data);}", "fail": 0}, {"content": "public void testIsEncodeEquals(){final String[][] data={{\"Muller\",\"M\\u00fcller\"},{\"Meyer\",\"Mayr\"},{\"house\",\"house\"},{\"House\",\"house\"},{\"Haus\",\"house\"},{\"ganz\",\"Gans\"},{\"ganz\",\"G\\u00e4nse\"},{\"Miyagi\",\"Miyako\"}};for (final String[] element : data) {  final boolean encodeEqual=this.getStringEncoder().isEncodeEqual(element[1],element[0]);  Assert.assertTrue(element[1] + \" != \" + element[0],encodeEqual);}}", "fail": 0}, {"content": "public void testVariationsMella(){final String data[]={\"mella\",\"milah\",\"moulla\",\"mellah\",\"muehle\",\"mule\"};this.checkEncodingVariations(\"65\",data);}", "fail": 0}, {"content": "public void testVariationsMeyer(){final String data[]={\"Meier\",\"Maier\",\"Mair\",\"Meyer\",\"Meyr\",\"Mejer\",\"Major\"};this.checkEncodingVariations(\"67\",data);}", "fail": 0}, {"content": "public void testSpecialCharsBetweenSameLetters(){final String data[]={\"Test test\",\"Testtest\",\"Test-test\",\"TesT#Test\",\"TesT?test\"};this.checkEncodingVariations(\"28282\",data);}", "fail": 0}, {"content": "public void main(final String args){final ColognePhonetic coder=new ColognePhonetic();for (final String arg : args) {  final String code=coder.encode(arg);  System.out.println(\"'\" + arg + \"' = '\"+ code+ \"'\");}}", "fail": 0}, {"content": "public boolean hasTestCase(final String re){for (final String s : TESTSET) {  if (s.matches(re)) {    return true;  }}return false;}", "fail": 0}, {"content": "public void finishTests(){int errors=0;for (final String m : MATCHES) {  if (!hasTestCase(m)) {    System.out.println(m + \" has no test case\");    errors++;  }}Assert.assertEquals(\"Not expecting any missing test cases\",0,errors);}", "fail": 0}, {"content": "public void checkEncoding(final String expected, final String source){TESTSET.add(source.toUpperCase(Locale.GERMAN).replace('\u00c4','A').replace('\u00d6','O').replace('\u00dc','U'));super.checkEncoding(expected,source);}", "fail": 0}, {"content": "public ColognePhonetic createStringEncoder(){return new ColognePhonetic();}", "fail": 0}, {"content": "public void testCanFail(){this.checkEncoding(\"/\",\"Fehler\");}", "fail": 0}, {"content": "public void testAabjoe(){this.checkEncoding(\"01\",\"Aabjoe\");}", "fail": 0}, {"content": "public void testAaclan(){this.checkEncoding(\"0856\",\"Aaclan\");}", "fail": 0}, {"content": "public void testAychlmajrForCodec122(){this.checkEncoding(\"04567\",\"Aychlmajr\");}", "fail": 0}, {"content": "public void testEdgeCases(){final String[][] data={{\"a\",\"0\"},{\"e\",\"0\"},{\"i\",\"0\"},{\"o\",\"0\"},{\"u\",\"0\"},{\"\\u00E4\",\"0\"},{\"\\u00F6\",\"0\"},{\"\\u00FC\",\"0\"},{\"\\u00DF\",\"8\"},{\"aa\",\"0\"},{\"ha\",\"0\"},{\"h\",\"\"},{\"aha\",\"0\"},{\"b\",\"1\"},{\"p\",\"1\"},{\"ph\",\"3\"},{\"f\",\"3\"},{\"v\",\"3\"},{\"w\",\"3\"},{\"g\",\"4\"},{\"k\",\"4\"},{\"q\",\"4\"},{\"x\",\"48\"},{\"ax\",\"048\"},{\"cx\",\"48\"},{\"l\",\"5\"},{\"cl\",\"45\"},{\"acl\",\"085\"},{\"mn\",\"6\"},{\"{mn}\",\"6\"},{\"r\",\"7\"}};this.checkEncodings(data);}", "fail": 0}, {"content": "public void testExamples(){final String[][] data={{\"m\\u00DCller\",\"657\"},{\"m\\u00FCller\",\"657\"},{\"schmidt\",\"862\"},{\"schneider\",\"8627\"},{\"fischer\",\"387\"},{\"weber\",\"317\"},{\"wagner\",\"3467\"},{\"becker\",\"147\"},{\"hoffmann\",\"0366\"},{\"sch\\u00C4fer\",\"837\"},{\"sch\\u00e4fer\",\"837\"},{\"Breschnew\",\"17863\"},{\"Wikipedia\",\"3412\"},{\"peter\",\"127\"},{\"pharma\",\"376\"},{\"m\\u00f6nchengladbach\",\"664645214\"},{\"deutsch\",\"28\"},{\"deutz\",\"28\"},{\"hamburg\",\"06174\"},{\"hannover\",\"0637\"},{\"christstollen\",\"478256\"},{\"Xanthippe\",\"48621\"},{\"Zacharias\",\"8478\"},{\"Holzbau\",\"0581\"},{\"matsch\",\"68\"},{\"matz\",\"68\"},{\"Arbeitsamt\",\"071862\"},{\"Eberhard\",\"01772\"},{\"Eberhardt\",\"01772\"},{\"Celsius\",\"8588\"},{\"Ace\",\"08\"},{\"shch\",\"84\"},{\"xch\",\"484\"},{\"heithabu\",\"021\"}};this.checkEncodings(data);}", "fail": 0}, {"content": "public void testHyphen(){final String[][] data={{\"bergisch-gladbach\",\"174845214\"},{\"M\\u00fcller-L\\u00fcdenscheidt\",\"65752682\"}};this.checkEncodings(data);}", "fail": 0}, {"content": "public void testIsEncodeEquals(){final String[][] data={{\"Muller\",\"M\\u00fcller\"},{\"Meyer\",\"Mayr\"},{\"house\",\"house\"},{\"House\",\"house\"},{\"Haus\",\"house\"},{\"ganz\",\"Gans\"},{\"ganz\",\"G\\u00e4nse\"},{\"Miyagi\",\"Miyako\"}};for (final String[] element : data) {  final boolean encodeEqual=this.getStringEncoder().isEncodeEqual(element[1],element[0]);  Assert.assertTrue(element[1] + \" != \" + element[0],encodeEqual);}}", "fail": 0}, {"content": "public void testVariationsMella(){final String data[]={\"mella\",\"milah\",\"moulla\",\"mellah\",\"muehle\",\"mule\"};this.checkEncodingVariations(\"65\",data);}", "fail": 0}, {"content": "public void testVariationsMeyer(){final String data[]={\"Meier\",\"Maier\",\"Mair\",\"Meyer\",\"Meyr\",\"Mejer\",\"Major\"};this.checkEncodingVariations(\"67\",data);}", "fail": 0}, {"content": "public void testSpecialCharsBetweenSameLetters(){final String data[]={\"Test test\",\"Testtest\",\"Test-test\",\"TesT#Test\",\"TesT?test\"};this.checkEncodingVariations(\"28282\",data);}", "fail": 0}, {"content": "public void main(final String args){final ColognePhonetic coder=new ColognePhonetic();for (final String arg : args) {  final String code=coder.encode(arg);  System.out.println(\"'\" + arg + \"' = '\"+ code+ \"'\");}}", "fail": 0}, {"content": "public boolean hasTestCase(final String re){for (final String s : TESTSET) {  if (s.matches(re)) {    return true;  }}return false;}", "fail": 0}, {"content": "public void finishTests(){int errors=0;for (final String m : MATCHES) {  if (!hasTestCase(m)) {    System.out.println(m + \" has no test case\");    errors++;  }}Assert.assertEquals(\"Not expecting any missing test cases\",0,errors);}", "fail": 0}, {"content": "public void checkEncoding(final String expected, final String source){TESTSET.add(source.toUpperCase(Locale.GERMAN).replace('\u00c4','A').replace('\u00d6','O').replace('\u00dc','U'));super.checkEncoding(expected,source);}", "fail": 0}, {"content": "public ColognePhonetic createStringEncoder(){return new ColognePhonetic();}", "fail": 0}, {"content": "public void testCanFail(){this.checkEncoding(\"/\",\"Fehler\");}", "fail": 0}, {"content": "public void testAabjoe(){this.checkEncoding(\"01\",\"Aabjoe\");}", "fail": 0}, {"content": "public void testAaclan(){this.checkEncoding(\"0856\",\"Aaclan\");}", "fail": 0}, {"content": "public void testAychlmajrForCodec122(){this.checkEncoding(\"04567\",\"Aychlmajr\");}", "fail": 0}, {"content": "public void testEdgeCases(){final String[][] data={{\"a\",\"0\"},{\"e\",\"0\"},{\"i\",\"0\"},{\"o\",\"0\"},{\"u\",\"0\"},{\"\\u00E4\",\"0\"},{\"\\u00F6\",\"0\"},{\"\\u00FC\",\"0\"},{\"\\u00DF\",\"8\"},{\"aa\",\"0\"},{\"ha\",\"0\"},{\"h\",\"\"},{\"aha\",\"0\"},{\"b\",\"1\"},{\"p\",\"1\"},{\"ph\",\"3\"},{\"f\",\"3\"},{\"v\",\"3\"},{\"w\",\"3\"},{\"g\",\"4\"},{\"k\",\"4\"},{\"q\",\"4\"},{\"x\",\"48\"},{\"ax\",\"048\"},{\"cx\",\"48\"},{\"l\",\"5\"},{\"cl\",\"45\"},{\"acl\",\"085\"},{\"mn\",\"6\"},{\"{mn}\",\"6\"},{\"r\",\"7\"}};this.checkEncodings(data);}", "fail": 0}, {"content": "public void testExamples(){final String[][] data={{\"m\\u00DCller\",\"657\"},{\"m\\u00FCller\",\"657\"},{\"schmidt\",\"862\"},{\"schneider\",\"8627\"},{\"fischer\",\"387\"},{\"weber\",\"317\"},{\"wagner\",\"3467\"},{\"becker\",\"147\"},{\"hoffmann\",\"0366\"},{\"sch\\u00C4fer\",\"837\"},{\"sch\\u00e4fer\",\"837\"},{\"Breschnew\",\"17863\"},{\"Wikipedia\",\"3412\"},{\"peter\",\"127\"},{\"pharma\",\"376\"},{\"m\\u00f6nchengladbach\",\"664645214\"},{\"deutsch\",\"28\"},{\"deutz\",\"28\"},{\"hamburg\",\"06174\"},{\"hannover\",\"0637\"},{\"christstollen\",\"478256\"},{\"Xanthippe\",\"48621\"},{\"Zacharias\",\"8478\"},{\"Holzbau\",\"0581\"},{\"matsch\",\"68\"},{\"matz\",\"68\"},{\"Arbeitsamt\",\"071862\"},{\"Eberhard\",\"01772\"},{\"Eberhardt\",\"01772\"},{\"Celsius\",\"8588\"},{\"Ace\",\"08\"},{\"shch\",\"84\"},{\"xch\",\"484\"},{\"heithabu\",\"021\"}};this.checkEncodings(data);}", "fail": 0}, {"content": "public void testHyphen(){final String[][] data={{\"bergisch-gladbach\",\"174845214\"},{\"M\\u00fcller-L\\u00fcdenscheidt\",\"65752682\"}};this.checkEncodings(data);}", "fail": 0}, {"content": "public void testIsEncodeEquals(){final String[][] data={{\"Muller\",\"M\\u00fcller\"},{\"Meyer\",\"Mayr\"},{\"house\",\"house\"},{\"House\",\"house\"},{\"Haus\",\"house\"},{\"ganz\",\"Gans\"},{\"ganz\",\"G\\u00e4nse\"},{\"Miyagi\",\"Miyako\"}};for (final String[] element : data) {  final boolean encodeEqual=this.getStringEncoder().isEncodeEqual(element[1],element[0]);  Assert.assertTrue(element[1] + \" != \" + element[0],encodeEqual);}}", "fail": 0}, {"content": "public void testVariationsMella(){final String data[]={\"mella\",\"milah\",\"moulla\",\"mellah\",\"muehle\",\"mule\"};this.checkEncodingVariations(\"65\",data);}", "fail": 0}, {"content": "public void testVariationsMeyer(){final String data[]={\"Meier\",\"Maier\",\"Mair\",\"Meyer\",\"Meyr\",\"Mejer\",\"Major\"};this.checkEncodingVariations(\"67\",data);}", "fail": 0}, {"content": "public void testSpecialCharsBetweenSameLetters(){final String data[]={\"Test test\",\"Testtest\",\"Test-test\",\"TesT#Test\",\"TesT?test\"};this.checkEncodingVariations(\"28282\",data);}", "fail": 0}, {"content": "public void main(final String args){final ColognePhonetic coder=new ColognePhonetic();for (final String arg : args) {  final String code=coder.encode(arg);  System.out.println(\"'\" + arg + \"' = '\"+ code+ \"'\");}}", "fail": 0}, {"content": "public void testExamples(){final String[][] data={{\"m\\u00DCller\",\"657\"},{\"m\\u00FCller\",\"657\"},{\"schmidt\",\"862\"},{\"schneider\",\"8627\"},{\"fischer\",\"387\"},{\"weber\",\"317\"},{\"wagner\",\"3467\"},{\"becker\",\"147\"},{\"hoffmann\",\"0366\"},{\"sch\\u00C4fer\",\"837\"},{\"sch\\u00e4fer\",\"837\"},{\"Breschnew\",\"17863\"},{\"Wikipedia\",\"3412\"},{\"peter\",\"127\"},{\"pharma\",\"376\"},{\"m\\u00f6nchengladbach\",\"664645214\"},{\"deutsch\",\"28\"},{\"deutz\",\"28\"},{\"hamburg\",\"06174\"},{\"hannover\",\"0637\"},{\"christstollen\",\"478256\"},{\"Xanthippe\",\"48621\"},{\"Zacharias\",\"8478\"},{\"Holzbau\",\"0581\"},{\"matsch\",\"68\"},{\"matz\",\"68\"},{\"Arbeitsamt\",\"071862\"},{\"Eberhard\",\"01772\"},{\"Eberhardt\",\"01772\"},{\"Celsius\",\"8588\"},{\"Ace\",\"08\"},{\"shch\",\"84\"},{\"xch\",\"484\"},{\"heithabu\",\"021\"}};this.checkEncodings(data);}", "fail": 1}, {"content": "public boolean hasTestCase(final String re){for (final String s : TESTSET) {  if (s.matches(re)) {    return true;  }}return false;}", "fail": 0}, {"content": "public void finishTests(){int errors=0;for (final String m : MATCHES) {  if (!hasTestCase(m)) {    System.out.println(m + \" has no test case\");    errors++;  }}Assert.assertEquals(\"Not expecting any missing test cases\",0,errors);}", "fail": 0}, {"content": "public void checkEncoding(final String expected, final String source){TESTSET.add(source.toUpperCase(Locale.GERMAN).replace('\u00c4','A').replace('\u00d6','O').replace('\u00dc','U'));super.checkEncoding(expected,source);}", "fail": 0}, {"content": "public ColognePhonetic createStringEncoder(){return new ColognePhonetic();}", "fail": 0}, {"content": "public void testCanFail(){this.checkEncoding(\"/\",\"Fehler\");}", "fail": 0}, {"content": "public void testAabjoe(){this.checkEncoding(\"01\",\"Aabjoe\");}", "fail": 0}, {"content": "public void testAaclan(){this.checkEncoding(\"0856\",\"Aaclan\");}", "fail": 0}, {"content": "public void testAychlmajrForCodec122(){this.checkEncoding(\"04567\",\"Aychlmajr\");}", "fail": 0}, {"content": "public void testEdgeCases(){final String[][] data={{\"a\",\"0\"},{\"e\",\"0\"},{\"i\",\"0\"},{\"o\",\"0\"},{\"u\",\"0\"},{\"\\u00E4\",\"0\"},{\"\\u00F6\",\"0\"},{\"\\u00FC\",\"0\"},{\"\\u00DF\",\"8\"},{\"aa\",\"0\"},{\"ha\",\"0\"},{\"h\",\"\"},{\"aha\",\"0\"},{\"b\",\"1\"},{\"p\",\"1\"},{\"ph\",\"3\"},{\"f\",\"3\"},{\"v\",\"3\"},{\"w\",\"3\"},{\"g\",\"4\"},{\"k\",\"4\"},{\"q\",\"4\"},{\"x\",\"48\"},{\"ax\",\"048\"},{\"cx\",\"48\"},{\"l\",\"5\"},{\"cl\",\"45\"},{\"acl\",\"085\"},{\"mn\",\"6\"},{\"{mn}\",\"6\"},{\"r\",\"7\"}};this.checkEncodings(data);}", "fail": 0}, {"content": "public void testHyphen(){final String[][] data={{\"bergisch-gladbach\",\"174845214\"},{\"M\\u00fcller-L\\u00fcdenscheidt\",\"65752682\"}};this.checkEncodings(data);}", "fail": 0}, {"content": "public void testIsEncodeEquals(){final String[][] data={{\"Muller\",\"M\\u00fcller\"},{\"Meyer\",\"Mayr\"},{\"house\",\"house\"},{\"House\",\"house\"},{\"Haus\",\"house\"},{\"ganz\",\"Gans\"},{\"ganz\",\"G\\u00e4nse\"},{\"Miyagi\",\"Miyako\"}};for (final String[] element : data) {  final boolean encodeEqual=this.getStringEncoder().isEncodeEqual(element[1],element[0]);  Assert.assertTrue(element[1] + \" != \" + element[0],encodeEqual);}}", "fail": 0}, {"content": "public void testVariationsMella(){final String data[]={\"mella\",\"milah\",\"moulla\",\"mellah\",\"muehle\",\"mule\"};this.checkEncodingVariations(\"65\",data);}", "fail": 0}, {"content": "public void testVariationsMeyer(){final String data[]={\"Meier\",\"Maier\",\"Mair\",\"Meyer\",\"Meyr\",\"Mejer\",\"Major\"};this.checkEncodingVariations(\"67\",data);}", "fail": 0}, {"content": "public void testSpecialCharsBetweenSameLetters(){final String data[]={\"Test test\",\"Testtest\",\"Test-test\",\"TesT#Test\",\"TesT?test\"};this.checkEncodingVariations(\"28282\",data);}", "fail": 0}, {"content": "public void main(final String args){final ColognePhonetic coder=new ColognePhonetic();for (final String arg : args) {  final String code=coder.encode(arg);  System.out.println(\"'\" + arg + \"' = '\"+ code+ \"'\");}}", "fail": 0}, {"content": "public void testHyphen(){final String[][] data={{\"bergisch-gladbach\",\"174845214\"},{\"M\\u00fcller-L\\u00fcdenscheidt\",\"65752682\"}};this.checkEncodings(data);}", "fail": 1}, {"content": "public boolean hasTestCase(final String re){for (final String s : TESTSET) {  if (s.matches(re)) {    return true;  }}return false;}", "fail": 0}, {"content": "public void finishTests(){int errors=0;for (final String m : MATCHES) {  if (!hasTestCase(m)) {    System.out.println(m + \" has no test case\");    errors++;  }}Assert.assertEquals(\"Not expecting any missing test cases\",0,errors);}", "fail": 0}, {"content": "public void checkEncoding(final String expected, final String source){TESTSET.add(source.toUpperCase(Locale.GERMAN).replace('\u00c4','A').replace('\u00d6','O').replace('\u00dc','U'));super.checkEncoding(expected,source);}", "fail": 0}, {"content": "public ColognePhonetic createStringEncoder(){return new ColognePhonetic();}", "fail": 0}, {"content": "public void testCanFail(){this.checkEncoding(\"/\",\"Fehler\");}", "fail": 0}, {"content": "public void testAabjoe(){this.checkEncoding(\"01\",\"Aabjoe\");}", "fail": 0}, {"content": "public void testAaclan(){this.checkEncoding(\"0856\",\"Aaclan\");}", "fail": 0}, {"content": "public void testAychlmajrForCodec122(){this.checkEncoding(\"04567\",\"Aychlmajr\");}", "fail": 0}, {"content": "public void testEdgeCases(){final String[][] data={{\"a\",\"0\"},{\"e\",\"0\"},{\"i\",\"0\"},{\"o\",\"0\"},{\"u\",\"0\"},{\"\\u00E4\",\"0\"},{\"\\u00F6\",\"0\"},{\"\\u00FC\",\"0\"},{\"\\u00DF\",\"8\"},{\"aa\",\"0\"},{\"ha\",\"0\"},{\"h\",\"\"},{\"aha\",\"0\"},{\"b\",\"1\"},{\"p\",\"1\"},{\"ph\",\"3\"},{\"f\",\"3\"},{\"v\",\"3\"},{\"w\",\"3\"},{\"g\",\"4\"},{\"k\",\"4\"},{\"q\",\"4\"},{\"x\",\"48\"},{\"ax\",\"048\"},{\"cx\",\"48\"},{\"l\",\"5\"},{\"cl\",\"45\"},{\"acl\",\"085\"},{\"mn\",\"6\"},{\"{mn}\",\"6\"},{\"r\",\"7\"}};this.checkEncodings(data);}", "fail": 0}, {"content": "public void testExamples(){final String[][] data={{\"m\\u00DCller\",\"657\"},{\"m\\u00FCller\",\"657\"},{\"schmidt\",\"862\"},{\"schneider\",\"8627\"},{\"fischer\",\"387\"},{\"weber\",\"317\"},{\"wagner\",\"3467\"},{\"becker\",\"147\"},{\"hoffmann\",\"0366\"},{\"sch\\u00C4fer\",\"837\"},{\"sch\\u00e4fer\",\"837\"},{\"Breschnew\",\"17863\"},{\"Wikipedia\",\"3412\"},{\"peter\",\"127\"},{\"pharma\",\"376\"},{\"m\\u00f6nchengladbach\",\"664645214\"},{\"deutsch\",\"28\"},{\"deutz\",\"28\"},{\"hamburg\",\"06174\"},{\"hannover\",\"0637\"},{\"christstollen\",\"478256\"},{\"Xanthippe\",\"48621\"},{\"Zacharias\",\"8478\"},{\"Holzbau\",\"0581\"},{\"matsch\",\"68\"},{\"matz\",\"68\"},{\"Arbeitsamt\",\"071862\"},{\"Eberhard\",\"01772\"},{\"Eberhardt\",\"01772\"},{\"Celsius\",\"8588\"},{\"Ace\",\"08\"},{\"shch\",\"84\"},{\"xch\",\"484\"},{\"heithabu\",\"021\"}};this.checkEncodings(data);}", "fail": 0}, {"content": "public void testIsEncodeEquals(){final String[][] data={{\"Muller\",\"M\\u00fcller\"},{\"Meyer\",\"Mayr\"},{\"house\",\"house\"},{\"House\",\"house\"},{\"Haus\",\"house\"},{\"ganz\",\"Gans\"},{\"ganz\",\"G\\u00e4nse\"},{\"Miyagi\",\"Miyako\"}};for (final String[] element : data) {  final boolean encodeEqual=this.getStringEncoder().isEncodeEqual(element[1],element[0]);  Assert.assertTrue(element[1] + \" != \" + element[0],encodeEqual);}}", "fail": 0}, {"content": "public void testVariationsMella(){final String data[]={\"mella\",\"milah\",\"moulla\",\"mellah\",\"muehle\",\"mule\"};this.checkEncodingVariations(\"65\",data);}", "fail": 0}, {"content": "public void testVariationsMeyer(){final String data[]={\"Meier\",\"Maier\",\"Mair\",\"Meyer\",\"Meyr\",\"Mejer\",\"Major\"};this.checkEncodingVariations(\"67\",data);}", "fail": 0}, {"content": "public void testSpecialCharsBetweenSameLetters(){final String data[]={\"Test test\",\"Testtest\",\"Test-test\",\"TesT#Test\",\"TesT?test\"};this.checkEncodingVariations(\"28282\",data);}", "fail": 0}, {"content": "public void main(final String args){final ColognePhonetic coder=new ColognePhonetic();for (final String arg : args) {  final String code=coder.encode(arg);  System.out.println(\"'\" + arg + \"' = '\"+ code+ \"'\");}}", "fail": 0}, {"content": "public void testIsEncodeEquals(){final String[][] data={{\"Muller\",\"M\\u00fcller\"},{\"Meyer\",\"Mayr\"},{\"house\",\"house\"},{\"House\",\"house\"},{\"Haus\",\"house\"},{\"ganz\",\"Gans\"},{\"ganz\",\"G\\u00e4nse\"},{\"Miyagi\",\"Miyako\"}};for (final String[] element : data) {  final boolean encodeEqual=this.getStringEncoder().isEncodeEqual(element[1],element[0]);  Assert.assertTrue(element[1] + \" != \" + element[0],encodeEqual);}}", "fail": 1}, {"content": "public boolean hasTestCase(final String re){for (final String s : TESTSET) {  if (s.matches(re)) {    return true;  }}return false;}", "fail": 0}, {"content": "public void finishTests(){int errors=0;for (final String m : MATCHES) {  if (!hasTestCase(m)) {    System.out.println(m + \" has no test case\");    errors++;  }}Assert.assertEquals(\"Not expecting any missing test cases\",0,errors);}", "fail": 0}, {"content": "public void checkEncoding(final String expected, final String source){TESTSET.add(source.toUpperCase(Locale.GERMAN).replace('\u00c4','A').replace('\u00d6','O').replace('\u00dc','U'));super.checkEncoding(expected,source);}", "fail": 0}, {"content": "public ColognePhonetic createStringEncoder(){return new ColognePhonetic();}", "fail": 0}, {"content": "public void testCanFail(){this.checkEncoding(\"/\",\"Fehler\");}", "fail": 0}, {"content": "public void testAabjoe(){this.checkEncoding(\"01\",\"Aabjoe\");}", "fail": 0}, {"content": "public void testAaclan(){this.checkEncoding(\"0856\",\"Aaclan\");}", "fail": 0}, {"content": "public void testAychlmajrForCodec122(){this.checkEncoding(\"04567\",\"Aychlmajr\");}", "fail": 0}, {"content": "public void testEdgeCases(){final String[][] data={{\"a\",\"0\"},{\"e\",\"0\"},{\"i\",\"0\"},{\"o\",\"0\"},{\"u\",\"0\"},{\"\\u00E4\",\"0\"},{\"\\u00F6\",\"0\"},{\"\\u00FC\",\"0\"},{\"\\u00DF\",\"8\"},{\"aa\",\"0\"},{\"ha\",\"0\"},{\"h\",\"\"},{\"aha\",\"0\"},{\"b\",\"1\"},{\"p\",\"1\"},{\"ph\",\"3\"},{\"f\",\"3\"},{\"v\",\"3\"},{\"w\",\"3\"},{\"g\",\"4\"},{\"k\",\"4\"},{\"q\",\"4\"},{\"x\",\"48\"},{\"ax\",\"048\"},{\"cx\",\"48\"},{\"l\",\"5\"},{\"cl\",\"45\"},{\"acl\",\"085\"},{\"mn\",\"6\"},{\"{mn}\",\"6\"},{\"r\",\"7\"}};this.checkEncodings(data);}", "fail": 0}, {"content": "public void testExamples(){final String[][] data={{\"m\\u00DCller\",\"657\"},{\"m\\u00FCller\",\"657\"},{\"schmidt\",\"862\"},{\"schneider\",\"8627\"},{\"fischer\",\"387\"},{\"weber\",\"317\"},{\"wagner\",\"3467\"},{\"becker\",\"147\"},{\"hoffmann\",\"0366\"},{\"sch\\u00C4fer\",\"837\"},{\"sch\\u00e4fer\",\"837\"},{\"Breschnew\",\"17863\"},{\"Wikipedia\",\"3412\"},{\"peter\",\"127\"},{\"pharma\",\"376\"},{\"m\\u00f6nchengladbach\",\"664645214\"},{\"deutsch\",\"28\"},{\"deutz\",\"28\"},{\"hamburg\",\"06174\"},{\"hannover\",\"0637\"},{\"christstollen\",\"478256\"},{\"Xanthippe\",\"48621\"},{\"Zacharias\",\"8478\"},{\"Holzbau\",\"0581\"},{\"matsch\",\"68\"},{\"matz\",\"68\"},{\"Arbeitsamt\",\"071862\"},{\"Eberhard\",\"01772\"},{\"Eberhardt\",\"01772\"},{\"Celsius\",\"8588\"},{\"Ace\",\"08\"},{\"shch\",\"84\"},{\"xch\",\"484\"},{\"heithabu\",\"021\"}};this.checkEncodings(data);}", "fail": 0}, {"content": "public void testHyphen(){final String[][] data={{\"bergisch-gladbach\",\"174845214\"},{\"M\\u00fcller-L\\u00fcdenscheidt\",\"65752682\"}};this.checkEncodings(data);}", "fail": 0}, {"content": "public void testVariationsMella(){final String data[]={\"mella\",\"milah\",\"moulla\",\"mellah\",\"muehle\",\"mule\"};this.checkEncodingVariations(\"65\",data);}", "fail": 0}, {"content": "public void testVariationsMeyer(){final String data[]={\"Meier\",\"Maier\",\"Mair\",\"Meyer\",\"Meyr\",\"Mejer\",\"Major\"};this.checkEncodingVariations(\"67\",data);}", "fail": 0}, {"content": "public void testSpecialCharsBetweenSameLetters(){final String data[]={\"Test test\",\"Testtest\",\"Test-test\",\"TesT#Test\",\"TesT?test\"};this.checkEncodingVariations(\"28282\",data);}", "fail": 0}, {"content": "public void main(final String args){final ColognePhonetic coder=new ColognePhonetic();for (final String arg : args) {  final String code=coder.encode(arg);  System.out.println(\"'\" + arg + \"' = '\"+ code+ \"'\");}}", "fail": 0}, {"content": "public boolean hasTestCase(final String re){for (final String s : TESTSET) {  if (s.matches(re)) {    return true;  }}return false;}", "fail": 0}, {"content": "public void finishTests(){int errors=0;for (final String m : MATCHES) {  if (!hasTestCase(m)) {    System.out.println(m + \" has no test case\");    errors++;  }}Assert.assertEquals(\"Not expecting any missing test cases\",0,errors);}", "fail": 0}, {"content": "public void checkEncoding(final String expected, final String source){TESTSET.add(source.toUpperCase(Locale.GERMAN).replace('\u00c4','A').replace('\u00d6','O').replace('\u00dc','U'));super.checkEncoding(expected,source);}", "fail": 0}, {"content": "public ColognePhonetic createStringEncoder(){return new ColognePhonetic();}", "fail": 0}, {"content": "public void testCanFail(){this.checkEncoding(\"/\",\"Fehler\");}", "fail": 0}, {"content": "public void testAabjoe(){this.checkEncoding(\"01\",\"Aabjoe\");}", "fail": 0}, {"content": "public void testAaclan(){this.checkEncoding(\"0856\",\"Aaclan\");}", "fail": 0}, {"content": "public void testAychlmajrForCodec122(){this.checkEncoding(\"04567\",\"Aychlmajr\");}", "fail": 0}, {"content": "public void testEdgeCases(){final String[][] data={{\"a\",\"0\"},{\"e\",\"0\"},{\"i\",\"0\"},{\"o\",\"0\"},{\"u\",\"0\"},{\"\\u00E4\",\"0\"},{\"\\u00F6\",\"0\"},{\"\\u00FC\",\"0\"},{\"\\u00DF\",\"8\"},{\"aa\",\"0\"},{\"ha\",\"0\"},{\"h\",\"\"},{\"aha\",\"0\"},{\"b\",\"1\"},{\"p\",\"1\"},{\"ph\",\"3\"},{\"f\",\"3\"},{\"v\",\"3\"},{\"w\",\"3\"},{\"g\",\"4\"},{\"k\",\"4\"},{\"q\",\"4\"},{\"x\",\"48\"},{\"ax\",\"048\"},{\"cx\",\"48\"},{\"l\",\"5\"},{\"cl\",\"45\"},{\"acl\",\"085\"},{\"mn\",\"6\"},{\"{mn}\",\"6\"},{\"r\",\"7\"}};this.checkEncodings(data);}", "fail": 0}, {"content": "public void testExamples(){final String[][] data={{\"m\\u00DCller\",\"657\"},{\"m\\u00FCller\",\"657\"},{\"schmidt\",\"862\"},{\"schneider\",\"8627\"},{\"fischer\",\"387\"},{\"weber\",\"317\"},{\"wagner\",\"3467\"},{\"becker\",\"147\"},{\"hoffmann\",\"0366\"},{\"sch\\u00C4fer\",\"837\"},{\"sch\\u00e4fer\",\"837\"},{\"Breschnew\",\"17863\"},{\"Wikipedia\",\"3412\"},{\"peter\",\"127\"},{\"pharma\",\"376\"},{\"m\\u00f6nchengladbach\",\"664645214\"},{\"deutsch\",\"28\"},{\"deutz\",\"28\"},{\"hamburg\",\"06174\"},{\"hannover\",\"0637\"},{\"christstollen\",\"478256\"},{\"Xanthippe\",\"48621\"},{\"Zacharias\",\"8478\"},{\"Holzbau\",\"0581\"},{\"matsch\",\"68\"},{\"matz\",\"68\"},{\"Arbeitsamt\",\"071862\"},{\"Eberhard\",\"01772\"},{\"Eberhardt\",\"01772\"},{\"Celsius\",\"8588\"},{\"Ace\",\"08\"},{\"shch\",\"84\"},{\"xch\",\"484\"},{\"heithabu\",\"021\"}};this.checkEncodings(data);}", "fail": 0}, {"content": "public void testHyphen(){final String[][] data={{\"bergisch-gladbach\",\"174845214\"},{\"M\\u00fcller-L\\u00fcdenscheidt\",\"65752682\"}};this.checkEncodings(data);}", "fail": 0}, {"content": "public void testIsEncodeEquals(){final String[][] data={{\"Muller\",\"M\\u00fcller\"},{\"Meyer\",\"Mayr\"},{\"house\",\"house\"},{\"House\",\"house\"},{\"Haus\",\"house\"},{\"ganz\",\"Gans\"},{\"ganz\",\"G\\u00e4nse\"},{\"Miyagi\",\"Miyako\"}};for (final String[] element : data) {  final boolean encodeEqual=this.getStringEncoder().isEncodeEqual(element[1],element[0]);  Assert.assertTrue(element[1] + \" != \" + element[0],encodeEqual);}}", "fail": 0}, {"content": "public void testVariationsMella(){final String data[]={\"mella\",\"milah\",\"moulla\",\"mellah\",\"muehle\",\"mule\"};this.checkEncodingVariations(\"65\",data);}", "fail": 0}, {"content": "public void testVariationsMeyer(){final String data[]={\"Meier\",\"Maier\",\"Mair\",\"Meyer\",\"Meyr\",\"Mejer\",\"Major\"};this.checkEncodingVariations(\"67\",data);}", "fail": 0}, {"content": "public void testSpecialCharsBetweenSameLetters(){final String data[]={\"Test test\",\"Testtest\",\"Test-test\",\"TesT#Test\",\"TesT?test\"};this.checkEncodingVariations(\"28282\",data);}", "fail": 0}, {"content": "public void main(final String args){final ColognePhonetic coder=new ColognePhonetic();for (final String arg : args) {  final String code=coder.encode(arg);  System.out.println(\"'\" + arg + \"' = '\"+ code+ \"'\");}}", "fail": 0}, {"content": "public void testSpecialCharsBetweenSameLetters(){final String data[]={\"Test test\",\"Testtest\",\"Test-test\",\"TesT#Test\",\"TesT?test\"};this.checkEncodingVariations(\"28282\",data);}", "fail": 1}, {"content": "public boolean hasTestCase(final String re){for (final String s : TESTSET) {  if (s.matches(re)) {    return true;  }}return false;}", "fail": 0}, {"content": "public void finishTests(){int errors=0;for (final String m : MATCHES) {  if (!hasTestCase(m)) {    System.out.println(m + \" has no test case\");    errors++;  }}Assert.assertEquals(\"Not expecting any missing test cases\",0,errors);}", "fail": 0}, {"content": "public void checkEncoding(final String expected, final String source){TESTSET.add(source.toUpperCase(Locale.GERMAN).replace('\u00c4','A').replace('\u00d6','O').replace('\u00dc','U'));super.checkEncoding(expected,source);}", "fail": 0}, {"content": "public ColognePhonetic createStringEncoder(){return new ColognePhonetic();}", "fail": 0}, {"content": "public void testCanFail(){this.checkEncoding(\"/\",\"Fehler\");}", "fail": 0}, {"content": "public void testAabjoe(){this.checkEncoding(\"01\",\"Aabjoe\");}", "fail": 0}, {"content": "public void testAaclan(){this.checkEncoding(\"0856\",\"Aaclan\");}", "fail": 0}, {"content": "public void testAychlmajrForCodec122(){this.checkEncoding(\"04567\",\"Aychlmajr\");}", "fail": 0}, {"content": "public void testEdgeCases(){final String[][] data={{\"a\",\"0\"},{\"e\",\"0\"},{\"i\",\"0\"},{\"o\",\"0\"},{\"u\",\"0\"},{\"\\u00E4\",\"0\"},{\"\\u00F6\",\"0\"},{\"\\u00FC\",\"0\"},{\"\\u00DF\",\"8\"},{\"aa\",\"0\"},{\"ha\",\"0\"},{\"h\",\"\"},{\"aha\",\"0\"},{\"b\",\"1\"},{\"p\",\"1\"},{\"ph\",\"3\"},{\"f\",\"3\"},{\"v\",\"3\"},{\"w\",\"3\"},{\"g\",\"4\"},{\"k\",\"4\"},{\"q\",\"4\"},{\"x\",\"48\"},{\"ax\",\"048\"},{\"cx\",\"48\"},{\"l\",\"5\"},{\"cl\",\"45\"},{\"acl\",\"085\"},{\"mn\",\"6\"},{\"{mn}\",\"6\"},{\"r\",\"7\"}};this.checkEncodings(data);}", "fail": 0}, {"content": "public void testExamples(){final String[][] data={{\"m\\u00DCller\",\"657\"},{\"m\\u00FCller\",\"657\"},{\"schmidt\",\"862\"},{\"schneider\",\"8627\"},{\"fischer\",\"387\"},{\"weber\",\"317\"},{\"wagner\",\"3467\"},{\"becker\",\"147\"},{\"hoffmann\",\"0366\"},{\"sch\\u00C4fer\",\"837\"},{\"sch\\u00e4fer\",\"837\"},{\"Breschnew\",\"17863\"},{\"Wikipedia\",\"3412\"},{\"peter\",\"127\"},{\"pharma\",\"376\"},{\"m\\u00f6nchengladbach\",\"664645214\"},{\"deutsch\",\"28\"},{\"deutz\",\"28\"},{\"hamburg\",\"06174\"},{\"hannover\",\"0637\"},{\"christstollen\",\"478256\"},{\"Xanthippe\",\"48621\"},{\"Zacharias\",\"8478\"},{\"Holzbau\",\"0581\"},{\"matsch\",\"68\"},{\"matz\",\"68\"},{\"Arbeitsamt\",\"071862\"},{\"Eberhard\",\"01772\"},{\"Eberhardt\",\"01772\"},{\"Celsius\",\"8588\"},{\"Ace\",\"08\"},{\"shch\",\"84\"},{\"xch\",\"484\"},{\"heithabu\",\"021\"}};this.checkEncodings(data);}", "fail": 0}, {"content": "public void testHyphen(){final String[][] data={{\"bergisch-gladbach\",\"174845214\"},{\"M\\u00fcller-L\\u00fcdenscheidt\",\"65752682\"}};this.checkEncodings(data);}", "fail": 0}, {"content": "public void testIsEncodeEquals(){final String[][] data={{\"Muller\",\"M\\u00fcller\"},{\"Meyer\",\"Mayr\"},{\"house\",\"house\"},{\"House\",\"house\"},{\"Haus\",\"house\"},{\"ganz\",\"Gans\"},{\"ganz\",\"G\\u00e4nse\"},{\"Miyagi\",\"Miyako\"}};for (final String[] element : data) {  final boolean encodeEqual=this.getStringEncoder().isEncodeEqual(element[1],element[0]);  Assert.assertTrue(element[1] + \" != \" + element[0],encodeEqual);}}", "fail": 0}, {"content": "public void testVariationsMella(){final String data[]={\"mella\",\"milah\",\"moulla\",\"mellah\",\"muehle\",\"mule\"};this.checkEncodingVariations(\"65\",data);}", "fail": 0}, {"content": "public void testVariationsMeyer(){final String data[]={\"Meier\",\"Maier\",\"Mair\",\"Meyer\",\"Meyr\",\"Mejer\",\"Major\"};this.checkEncodingVariations(\"67\",data);}", "fail": 0}, {"content": "public void main(final String args){final ColognePhonetic coder=new ColognePhonetic();for (final String arg : args) {  final String code=coder.encode(arg);  System.out.println(\"'\" + arg + \"' = '\"+ code+ \"'\");}}", "fail": 0}, {"content": "public void testVariationsMella(){final String data[]={\"mella\",\"milah\",\"moulla\",\"mellah\",\"muehle\",\"mule\"};this.checkEncodingVariations(\"65\",data);}", "fail": 1}, {"content": "public boolean hasTestCase(final String re){for (final String s : TESTSET) {  if (s.matches(re)) {    return true;  }}return false;}", "fail": 0}, {"content": "public void finishTests(){int errors=0;for (final String m : MATCHES) {  if (!hasTestCase(m)) {    System.out.println(m + \" has no test case\");    errors++;  }}Assert.assertEquals(\"Not expecting any missing test cases\",0,errors);}", "fail": 0}, {"content": "public void checkEncoding(final String expected, final String source){TESTSET.add(source.toUpperCase(Locale.GERMAN).replace('\u00c4','A').replace('\u00d6','O').replace('\u00dc','U'));super.checkEncoding(expected,source);}", "fail": 0}, {"content": "public ColognePhonetic createStringEncoder(){return new ColognePhonetic();}", "fail": 0}, {"content": "public void testCanFail(){this.checkEncoding(\"/\",\"Fehler\");}", "fail": 0}, {"content": "public void testAabjoe(){this.checkEncoding(\"01\",\"Aabjoe\");}", "fail": 0}, {"content": "public void testAaclan(){this.checkEncoding(\"0856\",\"Aaclan\");}", "fail": 0}, {"content": "public void testAychlmajrForCodec122(){this.checkEncoding(\"04567\",\"Aychlmajr\");}", "fail": 0}, {"content": "public void testEdgeCases(){final String[][] data={{\"a\",\"0\"},{\"e\",\"0\"},{\"i\",\"0\"},{\"o\",\"0\"},{\"u\",\"0\"},{\"\\u00E4\",\"0\"},{\"\\u00F6\",\"0\"},{\"\\u00FC\",\"0\"},{\"\\u00DF\",\"8\"},{\"aa\",\"0\"},{\"ha\",\"0\"},{\"h\",\"\"},{\"aha\",\"0\"},{\"b\",\"1\"},{\"p\",\"1\"},{\"ph\",\"3\"},{\"f\",\"3\"},{\"v\",\"3\"},{\"w\",\"3\"},{\"g\",\"4\"},{\"k\",\"4\"},{\"q\",\"4\"},{\"x\",\"48\"},{\"ax\",\"048\"},{\"cx\",\"48\"},{\"l\",\"5\"},{\"cl\",\"45\"},{\"acl\",\"085\"},{\"mn\",\"6\"},{\"{mn}\",\"6\"},{\"r\",\"7\"}};this.checkEncodings(data);}", "fail": 0}, {"content": "public void testExamples(){final String[][] data={{\"m\\u00DCller\",\"657\"},{\"m\\u00FCller\",\"657\"},{\"schmidt\",\"862\"},{\"schneider\",\"8627\"},{\"fischer\",\"387\"},{\"weber\",\"317\"},{\"wagner\",\"3467\"},{\"becker\",\"147\"},{\"hoffmann\",\"0366\"},{\"sch\\u00C4fer\",\"837\"},{\"sch\\u00e4fer\",\"837\"},{\"Breschnew\",\"17863\"},{\"Wikipedia\",\"3412\"},{\"peter\",\"127\"},{\"pharma\",\"376\"},{\"m\\u00f6nchengladbach\",\"664645214\"},{\"deutsch\",\"28\"},{\"deutz\",\"28\"},{\"hamburg\",\"06174\"},{\"hannover\",\"0637\"},{\"christstollen\",\"478256\"},{\"Xanthippe\",\"48621\"},{\"Zacharias\",\"8478\"},{\"Holzbau\",\"0581\"},{\"matsch\",\"68\"},{\"matz\",\"68\"},{\"Arbeitsamt\",\"071862\"},{\"Eberhard\",\"01772\"},{\"Eberhardt\",\"01772\"},{\"Celsius\",\"8588\"},{\"Ace\",\"08\"},{\"shch\",\"84\"},{\"xch\",\"484\"},{\"heithabu\",\"021\"}};this.checkEncodings(data);}", "fail": 0}, {"content": "public void testHyphen(){final String[][] data={{\"bergisch-gladbach\",\"174845214\"},{\"M\\u00fcller-L\\u00fcdenscheidt\",\"65752682\"}};this.checkEncodings(data);}", "fail": 0}, {"content": "public void testIsEncodeEquals(){final String[][] data={{\"Muller\",\"M\\u00fcller\"},{\"Meyer\",\"Mayr\"},{\"house\",\"house\"},{\"House\",\"house\"},{\"Haus\",\"house\"},{\"ganz\",\"Gans\"},{\"ganz\",\"G\\u00e4nse\"},{\"Miyagi\",\"Miyako\"}};for (final String[] element : data) {  final boolean encodeEqual=this.getStringEncoder().isEncodeEqual(element[1],element[0]);  Assert.assertTrue(element[1] + \" != \" + element[0],encodeEqual);}}", "fail": 0}, {"content": "public void testVariationsMeyer(){final String data[]={\"Meier\",\"Maier\",\"Mair\",\"Meyer\",\"Meyr\",\"Mejer\",\"Major\"};this.checkEncodingVariations(\"67\",data);}", "fail": 0}, {"content": "public void testSpecialCharsBetweenSameLetters(){final String data[]={\"Test test\",\"Testtest\",\"Test-test\",\"TesT#Test\",\"TesT?test\"};this.checkEncodingVariations(\"28282\",data);}", "fail": 0}, {"content": "public void main(final String args){final ColognePhonetic coder=new ColognePhonetic();for (final String arg : args) {  final String code=coder.encode(arg);  System.out.println(\"'\" + arg + \"' = '\"+ code+ \"'\");}}", "fail": 0}, {"content": "public void testVariationsMeyer(){final String data[]={\"Meier\",\"Maier\",\"Mair\",\"Meyer\",\"Meyr\",\"Mejer\",\"Major\"};this.checkEncodingVariations(\"67\",data);}", "fail": 1}, {"content": "public boolean hasTestCase(final String re){for (final String s : TESTSET) {  if (s.matches(re)) {    return true;  }}return false;}", "fail": 0}, {"content": "public void finishTests(){int errors=0;for (final String m : MATCHES) {  if (!hasTestCase(m)) {    System.out.println(m + \" has no test case\");    errors++;  }}Assert.assertEquals(\"Not expecting any missing test cases\",0,errors);}", "fail": 0}, {"content": "public void checkEncoding(final String expected, final String source){TESTSET.add(source.toUpperCase(Locale.GERMAN).replace('\u00c4','A').replace('\u00d6','O').replace('\u00dc','U'));super.checkEncoding(expected,source);}", "fail": 0}, {"content": "public ColognePhonetic createStringEncoder(){return new ColognePhonetic();}", "fail": 0}, {"content": "public void testCanFail(){this.checkEncoding(\"/\",\"Fehler\");}", "fail": 0}, {"content": "public void testAabjoe(){this.checkEncoding(\"01\",\"Aabjoe\");}", "fail": 0}, {"content": "public void testAaclan(){this.checkEncoding(\"0856\",\"Aaclan\");}", "fail": 0}, {"content": "public void testAychlmajrForCodec122(){this.checkEncoding(\"04567\",\"Aychlmajr\");}", "fail": 0}, {"content": "public void testEdgeCases(){final String[][] data={{\"a\",\"0\"},{\"e\",\"0\"},{\"i\",\"0\"},{\"o\",\"0\"},{\"u\",\"0\"},{\"\\u00E4\",\"0\"},{\"\\u00F6\",\"0\"},{\"\\u00FC\",\"0\"},{\"\\u00DF\",\"8\"},{\"aa\",\"0\"},{\"ha\",\"0\"},{\"h\",\"\"},{\"aha\",\"0\"},{\"b\",\"1\"},{\"p\",\"1\"},{\"ph\",\"3\"},{\"f\",\"3\"},{\"v\",\"3\"},{\"w\",\"3\"},{\"g\",\"4\"},{\"k\",\"4\"},{\"q\",\"4\"},{\"x\",\"48\"},{\"ax\",\"048\"},{\"cx\",\"48\"},{\"l\",\"5\"},{\"cl\",\"45\"},{\"acl\",\"085\"},{\"mn\",\"6\"},{\"{mn}\",\"6\"},{\"r\",\"7\"}};this.checkEncodings(data);}", "fail": 0}, {"content": "public void testExamples(){final String[][] data={{\"m\\u00DCller\",\"657\"},{\"m\\u00FCller\",\"657\"},{\"schmidt\",\"862\"},{\"schneider\",\"8627\"},{\"fischer\",\"387\"},{\"weber\",\"317\"},{\"wagner\",\"3467\"},{\"becker\",\"147\"},{\"hoffmann\",\"0366\"},{\"sch\\u00C4fer\",\"837\"},{\"sch\\u00e4fer\",\"837\"},{\"Breschnew\",\"17863\"},{\"Wikipedia\",\"3412\"},{\"peter\",\"127\"},{\"pharma\",\"376\"},{\"m\\u00f6nchengladbach\",\"664645214\"},{\"deutsch\",\"28\"},{\"deutz\",\"28\"},{\"hamburg\",\"06174\"},{\"hannover\",\"0637\"},{\"christstollen\",\"478256\"},{\"Xanthippe\",\"48621\"},{\"Zacharias\",\"8478\"},{\"Holzbau\",\"0581\"},{\"matsch\",\"68\"},{\"matz\",\"68\"},{\"Arbeitsamt\",\"071862\"},{\"Eberhard\",\"01772\"},{\"Eberhardt\",\"01772\"},{\"Celsius\",\"8588\"},{\"Ace\",\"08\"},{\"shch\",\"84\"},{\"xch\",\"484\"},{\"heithabu\",\"021\"}};this.checkEncodings(data);}", "fail": 0}, {"content": "public void testHyphen(){final String[][] data={{\"bergisch-gladbach\",\"174845214\"},{\"M\\u00fcller-L\\u00fcdenscheidt\",\"65752682\"}};this.checkEncodings(data);}", "fail": 0}, {"content": "public void testIsEncodeEquals(){final String[][] data={{\"Muller\",\"M\\u00fcller\"},{\"Meyer\",\"Mayr\"},{\"house\",\"house\"},{\"House\",\"house\"},{\"Haus\",\"house\"},{\"ganz\",\"Gans\"},{\"ganz\",\"G\\u00e4nse\"},{\"Miyagi\",\"Miyako\"}};for (final String[] element : data) {  final boolean encodeEqual=this.getStringEncoder().isEncodeEqual(element[1],element[0]);  Assert.assertTrue(element[1] + \" != \" + element[0],encodeEqual);}}", "fail": 0}, {"content": "public void testVariationsMella(){final String data[]={\"mella\",\"milah\",\"moulla\",\"mellah\",\"muehle\",\"mule\"};this.checkEncodingVariations(\"65\",data);}", "fail": 0}, {"content": "public void testSpecialCharsBetweenSameLetters(){final String data[]={\"Test test\",\"Testtest\",\"Test-test\",\"TesT#Test\",\"TesT?test\"};this.checkEncodingVariations(\"28282\",data);}", "fail": 0}, {"content": "public void main(final String args){final ColognePhonetic coder=new ColognePhonetic();for (final String arg : args) {  final String code=coder.encode(arg);  System.out.println(\"'\" + arg + \"' = '\"+ code+ \"'\");}}", "fail": 0}]