[{"diff0": ["class DaitchMokotoffSoundex {public void parseRules(final Scanner scanner, final String location, final Map<Character,List<Rule>> ruleMapping, final Map<Character,Character> asciiFoldings){int currentLine=0;boolean inMultilineComment=false;while (scanner.hasNextLine()) {  currentLine++;  final String rawLine=scanner.nextLine();  String line=rawLine;  if (inMultilineComment) {    if (line.endsWith(MULTILINE_COMMENT_END)) {      inMultilineComment=false;    }    continue;  }  if (line.startsWith(MULTILINE_COMMENT_START)) {    inMultilineComment=true;  } else {    final int cmtI=line.indexOf(COMMENT);    if (cmtI >= 0) {      line=line.substring(0,cmtI);    }    line=line.trim();    if (line.length() == 0) {      continue;    }    if (line.contains(\"=\")) {      final String[] parts=line.split(\"=\");      if (parts.length != 2) {        throw new IllegalArgumentException(\"Malformed folding statement split into \" + parts.length + \" parts: \"+ rawLine+ \" in \"+ location);      }      final String leftCharacter=parts[0];      final String rightCharacter=parts[1];      if (leftCharacter.length() != 1 || rightCharacter.length() != 1) {        throw new IllegalArgumentException(\"Malformed folding statement - \" + \"patterns are not single characters: \" + rawLine + \" in \"+ location);      }      asciiFoldings.put(leftCharacter.charAt(0),rightCharacter.charAt(0));    } else {      final String[] parts=line.split(\"\\\\s+\");      if (parts.length != 4) {        throw new IllegalArgumentException(\"Malformed rule statement split into \" + parts.length + \" parts: \"+ rawLine+ \" in \"+ location);      }      try {        final String pattern=stripQuotes(parts[0]);        final String replacement1=stripQuotes(parts[1]);        final String replacement2=stripQuotes(parts[2]);        final String replacement3=stripQuotes(parts[3]);        final Rule r=new Rule(pattern,replacement1,replacement2,replacement3);        final char patternKey=r.pattern.charAt(0);        List<Rule> rules=ruleMapping.get(patternKey);        if (rules == null) {          rules=new ArrayList<>();          ruleMapping.put(patternKey,rules);        }        rules.add(r);      } catch (      final IllegalArgumentException e) {        throw new IllegalStateException(\"Problem parsing line '\" + currentLine + \"' in \"+ location,e);      }    }  }}}}\n", "class DaitchMokotoffSoundex {public String stripQuotes(String str){if (str.startsWith(DOUBLE_QUOTE)) {  str=str.substring(1);}if (str.endsWith(DOUBLE_QUOTE)) {  str=str.substring(0,str.length() - 1);}return str;}}\n", "class DaitchMokotoffSoundex {public DaitchMokotoffSoundex(){this(true);}}\n", "class DaitchMokotoffSoundex {public DaitchMokotoffSoundex(final boolean folding){this.folding=folding;}}\n", "class DaitchMokotoffSoundex {public String cleanup(final String input){final StringBuilder sb=new StringBuilder();for (char ch : input.toCharArray()) {  if (Character.isWhitespace(ch)) {    continue;  }  ch=Character.toLowerCase(ch);  if (folding && FOLDINGS.containsKey(ch)) {    ch=FOLDINGS.get(ch);  }  sb.append(ch);}return sb.toString();}}\n", "class DaitchMokotoffSoundex {public Object encode(final Object obj){if (!(obj instanceof String)) {  throw new EncoderException(\"Parameter supplied to DaitchMokotoffSoundex encode is not of type java.lang.String\");}return encode((String)obj);}}\n", "class DaitchMokotoffSoundex {public String encode(final String source){if (source == null) {  return null;}return soundex(source,false)[0];}}\n", "class DaitchMokotoffSoundex {public String soundex(final String source){final String[] branches=soundex(source,true);final StringBuilder sb=new StringBuilder();int index=0;for (final String branch : branches) {  sb.append(branch);  if (++index < branches.length) {    sb.append('|');  }}return sb.toString();}}\n", "class DaitchMokotoffSoundex {public String[] soundex(final String source, final boolean branching){if (source == null) {  return null;}final String input=cleanup(source);final Set<Branch> currentBranches=new LinkedHashSet<>();currentBranches.add(new Branch());char lastChar='\\0';for (int index=0; index < input.length(); index++) {  final char ch=input.charAt(index);  if (Character.isWhitespace(ch)) {    continue;  }  final String inputContext=input.substring(index);  final List<Rule> rules=RULES.get(ch);  if (rules == null) {    continue;  }  final List<Branch> nextBranches=branching ? new ArrayList<Branch>() : Collections.<Branch>emptyList();  for (  final Rule rule : rules) {    if (rule.matches(inputContext)) {      if (branching) {        nextBranches.clear();      }      final String[] replacements=rule.getReplacements(inputContext,lastChar == '\\0');      final boolean branchingRequired=replacements.length > 1 && branching;      for (      final Branch branch : currentBranches) {        for (        final String nextReplacement : replacements) {          final Branch nextBranch=branchingRequired ? branch.createBranch() : branch;          final boolean force=(lastChar == 'm' && ch == 'n') || (lastChar == 'n' && ch == 'm');          nextBranch.processNextReplacement(nextReplacement,force);          if (branching) {            nextBranches.add(nextBranch);          } else {            break;          }        }      }      if (branching) {        currentBranches.clear();        currentBranches.addAll(nextBranches);      }      index+=rule.getPatternLength() - 1;      break;    }  }  lastChar=ch;}final String[] result=new String[currentBranches.size()];int index=0;for (final Branch branch : currentBranches) {  branch.finish();  result[index++]=branch.toString();}return result;}}\n"]}, {"content": "public void testAabjoe(){this.checkEncoding(\"01\",\"Aabjoe\");}", "fail": 1}, {"content": "public boolean hasTestCase(String re){for (String s : TESTSET) {  if (s.matches(re)) {    return true;  }}return false;}", "fail": 0}, {"content": "public void finishTests(){int errors=0;for (String m : MATCHES) {  if (!hasTestCase(m)) {    System.out.println(m + \" has no test case\");    errors++;  }}Assert.assertEquals(\"Not expecting any missing test cases\",0,errors);}", "fail": 0}, {"content": "public void checkEncoding(String expected, String source){TESTSET.add(source.toUpperCase(Locale.GERMAN).replace('\u00c4','A').replace('\u00d6','O').replace('\u00dc','U'));super.checkEncoding(expected,source);}", "fail": 0}, {"content": "public ColognePhonetic createStringEncoder(){return new ColognePhonetic();}", "fail": 0}, {"content": "public void testCanFail(){this.checkEncoding(\"/\",\"Fehler\");}", "fail": 0}, {"content": "public void testAaclan(){this.checkEncoding(\"0856\",\"Aaclan\");}", "fail": 0}, {"content": "public void testAychlmajrForCodec122(){this.checkEncoding(\"04567\",\"Aychlmajr\");}", "fail": 0}, {"content": "public void testEdgeCases(){final String[][] data={{\"a\",\"0\"},{\"e\",\"0\"},{\"i\",\"0\"},{\"o\",\"0\"},{\"u\",\"0\"},{\"\\u00E4\",\"0\"},{\"\\u00F6\",\"0\"},{\"\\u00FC\",\"0\"},{\"\\u00DF\",\"8\"},{\"aa\",\"0\"},{\"ha\",\"0\"},{\"h\",\"\"},{\"aha\",\"0\"},{\"b\",\"1\"},{\"p\",\"1\"},{\"ph\",\"3\"},{\"f\",\"3\"},{\"v\",\"3\"},{\"w\",\"3\"},{\"g\",\"4\"},{\"k\",\"4\"},{\"q\",\"4\"},{\"x\",\"48\"},{\"ax\",\"048\"},{\"cx\",\"48\"},{\"l\",\"5\"},{\"cl\",\"45\"},{\"acl\",\"085\"},{\"mn\",\"6\"},{\"{mn}\",\"6\"},{\"r\",\"7\"}};this.checkEncodings(data);}", "fail": 0}, {"content": "public void testExamples(){final String[][] data={{\"m\\u00DCller\",\"657\"},{\"m\\u00FCller\",\"657\"},{\"schmidt\",\"862\"},{\"schneider\",\"8627\"},{\"fischer\",\"387\"},{\"weber\",\"317\"},{\"wagner\",\"3467\"},{\"becker\",\"147\"},{\"hoffmann\",\"0366\"},{\"sch\\u00C4fer\",\"837\"},{\"sch\\u00e4fer\",\"837\"},{\"Breschnew\",\"17863\"},{\"Wikipedia\",\"3412\"},{\"peter\",\"127\"},{\"pharma\",\"376\"},{\"m\\u00f6nchengladbach\",\"664645214\"},{\"deutsch\",\"28\"},{\"deutz\",\"28\"},{\"hamburg\",\"06174\"},{\"hannover\",\"0637\"},{\"christstollen\",\"478256\"},{\"Xanthippe\",\"48621\"},{\"Zacharias\",\"8478\"},{\"Holzbau\",\"0581\"},{\"matsch\",\"68\"},{\"matz\",\"68\"},{\"Arbeitsamt\",\"071862\"},{\"Eberhard\",\"01772\"},{\"Eberhardt\",\"01772\"},{\"Celsius\",\"8588\"},{\"Ace\",\"08\"},{\"heithabu\",\"021\"}};this.checkEncodings(data);}", "fail": 0}, {"content": "public void testHyphen(){final String[][] data={{\"bergisch-gladbach\",\"174845214\"},{\"M\\u00fcller-L\\u00fcdenscheidt\",\"65752682\"}};this.checkEncodings(data);}", "fail": 0}, {"content": "public void testIsEncodeEquals(){final String[][] data={{\"Muller\",\"M\\u00fcller\"},{\"Meyer\",\"Mayr\"},{\"house\",\"house\"},{\"House\",\"house\"},{\"Haus\",\"house\"},{\"ganz\",\"Gans\"},{\"ganz\",\"G\\u00e4nse\"},{\"Miyagi\",\"Miyako\"}};for (final String[] element : data) {  final boolean encodeEqual=this.getStringEncoder().isEncodeEqual(element[1],element[0]);  Assert.assertTrue(element[1] + \" != \" + element[0],encodeEqual);}}", "fail": 0}, {"content": "public void testVariationsMella(){final String data[]={\"mella\",\"milah\",\"moulla\",\"mellah\",\"muehle\",\"mule\"};this.checkEncodingVariations(\"65\",data);}", "fail": 0}, {"content": "public void testVariationsMeyer(){final String data[]={\"Meier\",\"Maier\",\"Mair\",\"Meyer\",\"Meyr\",\"Mejer\",\"Major\"};this.checkEncodingVariations(\"67\",data);}", "fail": 0}, {"content": "public void testSpecialCharsBetweenSameLetters(){final String data[]={\"Test test\",\"Testtest\",\"Test-test\",\"TesT#Test\",\"TesT?test\"};this.checkEncodingVariations(\"28282\",data);}", "fail": 0}, {"content": "public void main(String args){ColognePhonetic coder=new ColognePhonetic();for (String arg : args) {  String code=coder.encode(arg);  System.out.println(\"'\" + arg + \"' = '\"+ code+ \"'\");}}", "fail": 0}, {"content": "public void testAaclan(){this.checkEncoding(\"0856\",\"Aaclan\");}", "fail": 1}, {"content": "public boolean hasTestCase(String re){for (String s : TESTSET) {  if (s.matches(re)) {    return true;  }}return false;}", "fail": 0}, {"content": "public void finishTests(){int errors=0;for (String m : MATCHES) {  if (!hasTestCase(m)) {    System.out.println(m + \" has no test case\");    errors++;  }}Assert.assertEquals(\"Not expecting any missing test cases\",0,errors);}", "fail": 0}, {"content": "public void checkEncoding(String expected, String source){TESTSET.add(source.toUpperCase(Locale.GERMAN).replace('\u00c4','A').replace('\u00d6','O').replace('\u00dc','U'));super.checkEncoding(expected,source);}", "fail": 0}, {"content": "public ColognePhonetic createStringEncoder(){return new ColognePhonetic();}", "fail": 0}, {"content": "public void testCanFail(){this.checkEncoding(\"/\",\"Fehler\");}", "fail": 0}, {"content": "public void testAabjoe(){this.checkEncoding(\"01\",\"Aabjoe\");}", "fail": 0}, {"content": "public void testAychlmajrForCodec122(){this.checkEncoding(\"04567\",\"Aychlmajr\");}", "fail": 0}, {"content": "public void testEdgeCases(){final String[][] data={{\"a\",\"0\"},{\"e\",\"0\"},{\"i\",\"0\"},{\"o\",\"0\"},{\"u\",\"0\"},{\"\\u00E4\",\"0\"},{\"\\u00F6\",\"0\"},{\"\\u00FC\",\"0\"},{\"\\u00DF\",\"8\"},{\"aa\",\"0\"},{\"ha\",\"0\"},{\"h\",\"\"},{\"aha\",\"0\"},{\"b\",\"1\"},{\"p\",\"1\"},{\"ph\",\"3\"},{\"f\",\"3\"},{\"v\",\"3\"},{\"w\",\"3\"},{\"g\",\"4\"},{\"k\",\"4\"},{\"q\",\"4\"},{\"x\",\"48\"},{\"ax\",\"048\"},{\"cx\",\"48\"},{\"l\",\"5\"},{\"cl\",\"45\"},{\"acl\",\"085\"},{\"mn\",\"6\"},{\"{mn}\",\"6\"},{\"r\",\"7\"}};this.checkEncodings(data);}", "fail": 0}, {"content": "public void testExamples(){final String[][] data={{\"m\\u00DCller\",\"657\"},{\"m\\u00FCller\",\"657\"},{\"schmidt\",\"862\"},{\"schneider\",\"8627\"},{\"fischer\",\"387\"},{\"weber\",\"317\"},{\"wagner\",\"3467\"},{\"becker\",\"147\"},{\"hoffmann\",\"0366\"},{\"sch\\u00C4fer\",\"837\"},{\"sch\\u00e4fer\",\"837\"},{\"Breschnew\",\"17863\"},{\"Wikipedia\",\"3412\"},{\"peter\",\"127\"},{\"pharma\",\"376\"},{\"m\\u00f6nchengladbach\",\"664645214\"},{\"deutsch\",\"28\"},{\"deutz\",\"28\"},{\"hamburg\",\"06174\"},{\"hannover\",\"0637\"},{\"christstollen\",\"478256\"},{\"Xanthippe\",\"48621\"},{\"Zacharias\",\"8478\"},{\"Holzbau\",\"0581\"},{\"matsch\",\"68\"},{\"matz\",\"68\"},{\"Arbeitsamt\",\"071862\"},{\"Eberhard\",\"01772\"},{\"Eberhardt\",\"01772\"},{\"Celsius\",\"8588\"},{\"Ace\",\"08\"},{\"heithabu\",\"021\"}};this.checkEncodings(data);}", "fail": 0}, {"content": "public void testHyphen(){final String[][] data={{\"bergisch-gladbach\",\"174845214\"},{\"M\\u00fcller-L\\u00fcdenscheidt\",\"65752682\"}};this.checkEncodings(data);}", "fail": 0}, {"content": "public void testIsEncodeEquals(){final String[][] data={{\"Muller\",\"M\\u00fcller\"},{\"Meyer\",\"Mayr\"},{\"house\",\"house\"},{\"House\",\"house\"},{\"Haus\",\"house\"},{\"ganz\",\"Gans\"},{\"ganz\",\"G\\u00e4nse\"},{\"Miyagi\",\"Miyako\"}};for (final String[] element : data) {  final boolean encodeEqual=this.getStringEncoder().isEncodeEqual(element[1],element[0]);  Assert.assertTrue(element[1] + \" != \" + element[0],encodeEqual);}}", "fail": 0}, {"content": "public void testVariationsMella(){final String data[]={\"mella\",\"milah\",\"moulla\",\"mellah\",\"muehle\",\"mule\"};this.checkEncodingVariations(\"65\",data);}", "fail": 0}, {"content": "public void testVariationsMeyer(){final String data[]={\"Meier\",\"Maier\",\"Mair\",\"Meyer\",\"Meyr\",\"Mejer\",\"Major\"};this.checkEncodingVariations(\"67\",data);}", "fail": 0}, {"content": "public void testSpecialCharsBetweenSameLetters(){final String data[]={\"Test test\",\"Testtest\",\"Test-test\",\"TesT#Test\",\"TesT?test\"};this.checkEncodingVariations(\"28282\",data);}", "fail": 0}, {"content": "public void main(String args){ColognePhonetic coder=new ColognePhonetic();for (String arg : args) {  String code=coder.encode(arg);  System.out.println(\"'\" + arg + \"' = '\"+ code+ \"'\");}}", "fail": 0}, {"content": "public void testAychlmajrForCodec122(){this.checkEncoding(\"04567\",\"Aychlmajr\");}", "fail": 1}, {"content": "public boolean hasTestCase(String re){for (String s : TESTSET) {  if (s.matches(re)) {    return true;  }}return false;}", "fail": 0}, {"content": "public void finishTests(){int errors=0;for (String m : MATCHES) {  if (!hasTestCase(m)) {    System.out.println(m + \" has no test case\");    errors++;  }}Assert.assertEquals(\"Not expecting any missing test cases\",0,errors);}", "fail": 0}, {"content": "public void checkEncoding(String expected, String source){TESTSET.add(source.toUpperCase(Locale.GERMAN).replace('\u00c4','A').replace('\u00d6','O').replace('\u00dc','U'));super.checkEncoding(expected,source);}", "fail": 0}, {"content": "public ColognePhonetic createStringEncoder(){return new ColognePhonetic();}", "fail": 0}, {"content": "public void testCanFail(){this.checkEncoding(\"/\",\"Fehler\");}", "fail": 0}, {"content": "public void testAabjoe(){this.checkEncoding(\"01\",\"Aabjoe\");}", "fail": 0}, {"content": "public void testAaclan(){this.checkEncoding(\"0856\",\"Aaclan\");}", "fail": 0}, {"content": "public void testEdgeCases(){final String[][] data={{\"a\",\"0\"},{\"e\",\"0\"},{\"i\",\"0\"},{\"o\",\"0\"},{\"u\",\"0\"},{\"\\u00E4\",\"0\"},{\"\\u00F6\",\"0\"},{\"\\u00FC\",\"0\"},{\"\\u00DF\",\"8\"},{\"aa\",\"0\"},{\"ha\",\"0\"},{\"h\",\"\"},{\"aha\",\"0\"},{\"b\",\"1\"},{\"p\",\"1\"},{\"ph\",\"3\"},{\"f\",\"3\"},{\"v\",\"3\"},{\"w\",\"3\"},{\"g\",\"4\"},{\"k\",\"4\"},{\"q\",\"4\"},{\"x\",\"48\"},{\"ax\",\"048\"},{\"cx\",\"48\"},{\"l\",\"5\"},{\"cl\",\"45\"},{\"acl\",\"085\"},{\"mn\",\"6\"},{\"{mn}\",\"6\"},{\"r\",\"7\"}};this.checkEncodings(data);}", "fail": 0}, {"content": "public void testExamples(){final String[][] data={{\"m\\u00DCller\",\"657\"},{\"m\\u00FCller\",\"657\"},{\"schmidt\",\"862\"},{\"schneider\",\"8627\"},{\"fischer\",\"387\"},{\"weber\",\"317\"},{\"wagner\",\"3467\"},{\"becker\",\"147\"},{\"hoffmann\",\"0366\"},{\"sch\\u00C4fer\",\"837\"},{\"sch\\u00e4fer\",\"837\"},{\"Breschnew\",\"17863\"},{\"Wikipedia\",\"3412\"},{\"peter\",\"127\"},{\"pharma\",\"376\"},{\"m\\u00f6nchengladbach\",\"664645214\"},{\"deutsch\",\"28\"},{\"deutz\",\"28\"},{\"hamburg\",\"06174\"},{\"hannover\",\"0637\"},{\"christstollen\",\"478256\"},{\"Xanthippe\",\"48621\"},{\"Zacharias\",\"8478\"},{\"Holzbau\",\"0581\"},{\"matsch\",\"68\"},{\"matz\",\"68\"},{\"Arbeitsamt\",\"071862\"},{\"Eberhard\",\"01772\"},{\"Eberhardt\",\"01772\"},{\"Celsius\",\"8588\"},{\"Ace\",\"08\"},{\"heithabu\",\"021\"}};this.checkEncodings(data);}", "fail": 0}, {"content": "public void testHyphen(){final String[][] data={{\"bergisch-gladbach\",\"174845214\"},{\"M\\u00fcller-L\\u00fcdenscheidt\",\"65752682\"}};this.checkEncodings(data);}", "fail": 0}, {"content": "public void testIsEncodeEquals(){final String[][] data={{\"Muller\",\"M\\u00fcller\"},{\"Meyer\",\"Mayr\"},{\"house\",\"house\"},{\"House\",\"house\"},{\"Haus\",\"house\"},{\"ganz\",\"Gans\"},{\"ganz\",\"G\\u00e4nse\"},{\"Miyagi\",\"Miyako\"}};for (final String[] element : data) {  final boolean encodeEqual=this.getStringEncoder().isEncodeEqual(element[1],element[0]);  Assert.assertTrue(element[1] + \" != \" + element[0],encodeEqual);}}", "fail": 0}, {"content": "public void testVariationsMella(){final String data[]={\"mella\",\"milah\",\"moulla\",\"mellah\",\"muehle\",\"mule\"};this.checkEncodingVariations(\"65\",data);}", "fail": 0}, {"content": "public void testVariationsMeyer(){final String data[]={\"Meier\",\"Maier\",\"Mair\",\"Meyer\",\"Meyr\",\"Mejer\",\"Major\"};this.checkEncodingVariations(\"67\",data);}", "fail": 0}, {"content": "public void testSpecialCharsBetweenSameLetters(){final String data[]={\"Test test\",\"Testtest\",\"Test-test\",\"TesT#Test\",\"TesT?test\"};this.checkEncodingVariations(\"28282\",data);}", "fail": 0}, {"content": "public void main(String args){ColognePhonetic coder=new ColognePhonetic();for (String arg : args) {  String code=coder.encode(arg);  System.out.println(\"'\" + arg + \"' = '\"+ code+ \"'\");}}", "fail": 0}, {"content": "public void testCanFail(){this.checkEncoding(\"/\",\"Fehler\");}", "fail": 1}, {"content": "public boolean hasTestCase(String re){for (String s : TESTSET) {  if (s.matches(re)) {    return true;  }}return false;}", "fail": 0}, {"content": "public void finishTests(){int errors=0;for (String m : MATCHES) {  if (!hasTestCase(m)) {    System.out.println(m + \" has no test case\");    errors++;  }}Assert.assertEquals(\"Not expecting any missing test cases\",0,errors);}", "fail": 0}, {"content": "public void checkEncoding(String expected, String source){TESTSET.add(source.toUpperCase(Locale.GERMAN).replace('\u00c4','A').replace('\u00d6','O').replace('\u00dc','U'));super.checkEncoding(expected,source);}", "fail": 0}, {"content": "public ColognePhonetic createStringEncoder(){return new ColognePhonetic();}", "fail": 0}, {"content": "public void testAabjoe(){this.checkEncoding(\"01\",\"Aabjoe\");}", "fail": 0}, {"content": "public void testAaclan(){this.checkEncoding(\"0856\",\"Aaclan\");}", "fail": 0}, {"content": "public void testAychlmajrForCodec122(){this.checkEncoding(\"04567\",\"Aychlmajr\");}", "fail": 0}, {"content": "public void testEdgeCases(){final String[][] data={{\"a\",\"0\"},{\"e\",\"0\"},{\"i\",\"0\"},{\"o\",\"0\"},{\"u\",\"0\"},{\"\\u00E4\",\"0\"},{\"\\u00F6\",\"0\"},{\"\\u00FC\",\"0\"},{\"\\u00DF\",\"8\"},{\"aa\",\"0\"},{\"ha\",\"0\"},{\"h\",\"\"},{\"aha\",\"0\"},{\"b\",\"1\"},{\"p\",\"1\"},{\"ph\",\"3\"},{\"f\",\"3\"},{\"v\",\"3\"},{\"w\",\"3\"},{\"g\",\"4\"},{\"k\",\"4\"},{\"q\",\"4\"},{\"x\",\"48\"},{\"ax\",\"048\"},{\"cx\",\"48\"},{\"l\",\"5\"},{\"cl\",\"45\"},{\"acl\",\"085\"},{\"mn\",\"6\"},{\"{mn}\",\"6\"},{\"r\",\"7\"}};this.checkEncodings(data);}", "fail": 0}, {"content": "public void testExamples(){final String[][] data={{\"m\\u00DCller\",\"657\"},{\"m\\u00FCller\",\"657\"},{\"schmidt\",\"862\"},{\"schneider\",\"8627\"},{\"fischer\",\"387\"},{\"weber\",\"317\"},{\"wagner\",\"3467\"},{\"becker\",\"147\"},{\"hoffmann\",\"0366\"},{\"sch\\u00C4fer\",\"837\"},{\"sch\\u00e4fer\",\"837\"},{\"Breschnew\",\"17863\"},{\"Wikipedia\",\"3412\"},{\"peter\",\"127\"},{\"pharma\",\"376\"},{\"m\\u00f6nchengladbach\",\"664645214\"},{\"deutsch\",\"28\"},{\"deutz\",\"28\"},{\"hamburg\",\"06174\"},{\"hannover\",\"0637\"},{\"christstollen\",\"478256\"},{\"Xanthippe\",\"48621\"},{\"Zacharias\",\"8478\"},{\"Holzbau\",\"0581\"},{\"matsch\",\"68\"},{\"matz\",\"68\"},{\"Arbeitsamt\",\"071862\"},{\"Eberhard\",\"01772\"},{\"Eberhardt\",\"01772\"},{\"Celsius\",\"8588\"},{\"Ace\",\"08\"},{\"heithabu\",\"021\"}};this.checkEncodings(data);}", "fail": 0}, {"content": "public void testHyphen(){final String[][] data={{\"bergisch-gladbach\",\"174845214\"},{\"M\\u00fcller-L\\u00fcdenscheidt\",\"65752682\"}};this.checkEncodings(data);}", "fail": 0}, {"content": "public void testIsEncodeEquals(){final String[][] data={{\"Muller\",\"M\\u00fcller\"},{\"Meyer\",\"Mayr\"},{\"house\",\"house\"},{\"House\",\"house\"},{\"Haus\",\"house\"},{\"ganz\",\"Gans\"},{\"ganz\",\"G\\u00e4nse\"},{\"Miyagi\",\"Miyako\"}};for (final String[] element : data) {  final boolean encodeEqual=this.getStringEncoder().isEncodeEqual(element[1],element[0]);  Assert.assertTrue(element[1] + \" != \" + element[0],encodeEqual);}}", "fail": 0}, {"content": "public void testVariationsMella(){final String data[]={\"mella\",\"milah\",\"moulla\",\"mellah\",\"muehle\",\"mule\"};this.checkEncodingVariations(\"65\",data);}", "fail": 0}, {"content": "public void testVariationsMeyer(){final String data[]={\"Meier\",\"Maier\",\"Mair\",\"Meyer\",\"Meyr\",\"Mejer\",\"Major\"};this.checkEncodingVariations(\"67\",data);}", "fail": 0}, {"content": "public void testSpecialCharsBetweenSameLetters(){final String data[]={\"Test test\",\"Testtest\",\"Test-test\",\"TesT#Test\",\"TesT?test\"};this.checkEncodingVariations(\"28282\",data);}", "fail": 0}, {"content": "public void main(String args){ColognePhonetic coder=new ColognePhonetic();for (String arg : args) {  String code=coder.encode(arg);  System.out.println(\"'\" + arg + \"' = '\"+ code+ \"'\");}}", "fail": 0}, {"content": "public void testEdgeCases(){final String[][] data={{\"a\",\"0\"},{\"e\",\"0\"},{\"i\",\"0\"},{\"o\",\"0\"},{\"u\",\"0\"},{\"\\u00E4\",\"0\"},{\"\\u00F6\",\"0\"},{\"\\u00FC\",\"0\"},{\"\\u00DF\",\"8\"},{\"aa\",\"0\"},{\"ha\",\"0\"},{\"h\",\"\"},{\"aha\",\"0\"},{\"b\",\"1\"},{\"p\",\"1\"},{\"ph\",\"3\"},{\"f\",\"3\"},{\"v\",\"3\"},{\"w\",\"3\"},{\"g\",\"4\"},{\"k\",\"4\"},{\"q\",\"4\"},{\"x\",\"48\"},{\"ax\",\"048\"},{\"cx\",\"48\"},{\"l\",\"5\"},{\"cl\",\"45\"},{\"acl\",\"085\"},{\"mn\",\"6\"},{\"{mn}\",\"6\"},{\"r\",\"7\"}};this.checkEncodings(data);}", "fail": 1}, {"content": "public boolean hasTestCase(String re){for (String s : TESTSET) {  if (s.matches(re)) {    return true;  }}return false;}", "fail": 0}, {"content": "public void finishTests(){int errors=0;for (String m : MATCHES) {  if (!hasTestCase(m)) {    System.out.println(m + \" has no test case\");    errors++;  }}Assert.assertEquals(\"Not expecting any missing test cases\",0,errors);}", "fail": 0}, {"content": "public void checkEncoding(String expected, String source){TESTSET.add(source.toUpperCase(Locale.GERMAN).replace('\u00c4','A').replace('\u00d6','O').replace('\u00dc','U'));super.checkEncoding(expected,source);}", "fail": 0}, {"content": "public ColognePhonetic createStringEncoder(){return new ColognePhonetic();}", "fail": 0}, {"content": "public void testCanFail(){this.checkEncoding(\"/\",\"Fehler\");}", "fail": 0}, {"content": "public void testAabjoe(){this.checkEncoding(\"01\",\"Aabjoe\");}", "fail": 0}, {"content": "public void testAaclan(){this.checkEncoding(\"0856\",\"Aaclan\");}", "fail": 0}, {"content": "public void testAychlmajrForCodec122(){this.checkEncoding(\"04567\",\"Aychlmajr\");}", "fail": 0}, {"content": "public void testExamples(){final String[][] data={{\"m\\u00DCller\",\"657\"},{\"m\\u00FCller\",\"657\"},{\"schmidt\",\"862\"},{\"schneider\",\"8627\"},{\"fischer\",\"387\"},{\"weber\",\"317\"},{\"wagner\",\"3467\"},{\"becker\",\"147\"},{\"hoffmann\",\"0366\"},{\"sch\\u00C4fer\",\"837\"},{\"sch\\u00e4fer\",\"837\"},{\"Breschnew\",\"17863\"},{\"Wikipedia\",\"3412\"},{\"peter\",\"127\"},{\"pharma\",\"376\"},{\"m\\u00f6nchengladbach\",\"664645214\"},{\"deutsch\",\"28\"},{\"deutz\",\"28\"},{\"hamburg\",\"06174\"},{\"hannover\",\"0637\"},{\"christstollen\",\"478256\"},{\"Xanthippe\",\"48621\"},{\"Zacharias\",\"8478\"},{\"Holzbau\",\"0581\"},{\"matsch\",\"68\"},{\"matz\",\"68\"},{\"Arbeitsamt\",\"071862\"},{\"Eberhard\",\"01772\"},{\"Eberhardt\",\"01772\"},{\"Celsius\",\"8588\"},{\"Ace\",\"08\"},{\"heithabu\",\"021\"}};this.checkEncodings(data);}", "fail": 0}, {"content": "public void testHyphen(){final String[][] data={{\"bergisch-gladbach\",\"174845214\"},{\"M\\u00fcller-L\\u00fcdenscheidt\",\"65752682\"}};this.checkEncodings(data);}", "fail": 0}, {"content": "public void testIsEncodeEquals(){final String[][] data={{\"Muller\",\"M\\u00fcller\"},{\"Meyer\",\"Mayr\"},{\"house\",\"house\"},{\"House\",\"house\"},{\"Haus\",\"house\"},{\"ganz\",\"Gans\"},{\"ganz\",\"G\\u00e4nse\"},{\"Miyagi\",\"Miyako\"}};for (final String[] element : data) {  final boolean encodeEqual=this.getStringEncoder().isEncodeEqual(element[1],element[0]);  Assert.assertTrue(element[1] + \" != \" + element[0],encodeEqual);}}", "fail": 0}, {"content": "public void testVariationsMella(){final String data[]={\"mella\",\"milah\",\"moulla\",\"mellah\",\"muehle\",\"mule\"};this.checkEncodingVariations(\"65\",data);}", "fail": 0}, {"content": "public void testVariationsMeyer(){final String data[]={\"Meier\",\"Maier\",\"Mair\",\"Meyer\",\"Meyr\",\"Mejer\",\"Major\"};this.checkEncodingVariations(\"67\",data);}", "fail": 0}, {"content": "public void testSpecialCharsBetweenSameLetters(){final String data[]={\"Test test\",\"Testtest\",\"Test-test\",\"TesT#Test\",\"TesT?test\"};this.checkEncodingVariations(\"28282\",data);}", "fail": 0}, {"content": "public void main(String args){ColognePhonetic coder=new ColognePhonetic();for (String arg : args) {  String code=coder.encode(arg);  System.out.println(\"'\" + arg + \"' = '\"+ code+ \"'\");}}", "fail": 0}, {"content": "public boolean hasTestCase(String re){for (String s : TESTSET) {  if (s.matches(re)) {    return true;  }}return false;}", "fail": 0}, {"content": "public void finishTests(){int errors=0;for (String m : MATCHES) {  if (!hasTestCase(m)) {    System.out.println(m + \" has no test case\");    errors++;  }}Assert.assertEquals(\"Not expecting any missing test cases\",0,errors);}", "fail": 0}, {"content": "public void checkEncoding(String expected, String source){TESTSET.add(source.toUpperCase(Locale.GERMAN).replace('\u00c4','A').replace('\u00d6','O').replace('\u00dc','U'));super.checkEncoding(expected,source);}", "fail": 0}, {"content": "public ColognePhonetic createStringEncoder(){return new ColognePhonetic();}", "fail": 0}, {"content": "public void testCanFail(){this.checkEncoding(\"/\",\"Fehler\");}", "fail": 0}, {"content": "public void testAabjoe(){this.checkEncoding(\"01\",\"Aabjoe\");}", "fail": 0}, {"content": "public void testAaclan(){this.checkEncoding(\"0856\",\"Aaclan\");}", "fail": 0}, {"content": "public void testAychlmajrForCodec122(){this.checkEncoding(\"04567\",\"Aychlmajr\");}", "fail": 0}, {"content": "public void testEdgeCases(){final String[][] data={{\"a\",\"0\"},{\"e\",\"0\"},{\"i\",\"0\"},{\"o\",\"0\"},{\"u\",\"0\"},{\"\\u00E4\",\"0\"},{\"\\u00F6\",\"0\"},{\"\\u00FC\",\"0\"},{\"\\u00DF\",\"8\"},{\"aa\",\"0\"},{\"ha\",\"0\"},{\"h\",\"\"},{\"aha\",\"0\"},{\"b\",\"1\"},{\"p\",\"1\"},{\"ph\",\"3\"},{\"f\",\"3\"},{\"v\",\"3\"},{\"w\",\"3\"},{\"g\",\"4\"},{\"k\",\"4\"},{\"q\",\"4\"},{\"x\",\"48\"},{\"ax\",\"048\"},{\"cx\",\"48\"},{\"l\",\"5\"},{\"cl\",\"45\"},{\"acl\",\"085\"},{\"mn\",\"6\"},{\"{mn}\",\"6\"},{\"r\",\"7\"}};this.checkEncodings(data);}", "fail": 0}, {"content": "public void testExamples(){final String[][] data={{\"m\\u00DCller\",\"657\"},{\"m\\u00FCller\",\"657\"},{\"schmidt\",\"862\"},{\"schneider\",\"8627\"},{\"fischer\",\"387\"},{\"weber\",\"317\"},{\"wagner\",\"3467\"},{\"becker\",\"147\"},{\"hoffmann\",\"0366\"},{\"sch\\u00C4fer\",\"837\"},{\"sch\\u00e4fer\",\"837\"},{\"Breschnew\",\"17863\"},{\"Wikipedia\",\"3412\"},{\"peter\",\"127\"},{\"pharma\",\"376\"},{\"m\\u00f6nchengladbach\",\"664645214\"},{\"deutsch\",\"28\"},{\"deutz\",\"28\"},{\"hamburg\",\"06174\"},{\"hannover\",\"0637\"},{\"christstollen\",\"478256\"},{\"Xanthippe\",\"48621\"},{\"Zacharias\",\"8478\"},{\"Holzbau\",\"0581\"},{\"matsch\",\"68\"},{\"matz\",\"68\"},{\"Arbeitsamt\",\"071862\"},{\"Eberhard\",\"01772\"},{\"Eberhardt\",\"01772\"},{\"Celsius\",\"8588\"},{\"Ace\",\"08\"},{\"heithabu\",\"021\"}};this.checkEncodings(data);}", "fail": 0}, {"content": "public void testHyphen(){final String[][] data={{\"bergisch-gladbach\",\"174845214\"},{\"M\\u00fcller-L\\u00fcdenscheidt\",\"65752682\"}};this.checkEncodings(data);}", "fail": 0}, {"content": "public void testIsEncodeEquals(){final String[][] data={{\"Muller\",\"M\\u00fcller\"},{\"Meyer\",\"Mayr\"},{\"house\",\"house\"},{\"House\",\"house\"},{\"Haus\",\"house\"},{\"ganz\",\"Gans\"},{\"ganz\",\"G\\u00e4nse\"},{\"Miyagi\",\"Miyako\"}};for (final String[] element : data) {  final boolean encodeEqual=this.getStringEncoder().isEncodeEqual(element[1],element[0]);  Assert.assertTrue(element[1] + \" != \" + element[0],encodeEqual);}}", "fail": 0}, {"content": "public void testVariationsMella(){final String data[]={\"mella\",\"milah\",\"moulla\",\"mellah\",\"muehle\",\"mule\"};this.checkEncodingVariations(\"65\",data);}", "fail": 0}, {"content": "public void testVariationsMeyer(){final String data[]={\"Meier\",\"Maier\",\"Mair\",\"Meyer\",\"Meyr\",\"Mejer\",\"Major\"};this.checkEncodingVariations(\"67\",data);}", "fail": 0}, {"content": "public void testSpecialCharsBetweenSameLetters(){final String data[]={\"Test test\",\"Testtest\",\"Test-test\",\"TesT#Test\",\"TesT?test\"};this.checkEncodingVariations(\"28282\",data);}", "fail": 0}, {"content": "public void main(String args){ColognePhonetic coder=new ColognePhonetic();for (String arg : args) {  String code=coder.encode(arg);  System.out.println(\"'\" + arg + \"' = '\"+ code+ \"'\");}}", "fail": 0}, {"content": "public boolean hasTestCase(String re){for (String s : TESTSET) {  if (s.matches(re)) {    return true;  }}return false;}", "fail": 0}, {"content": "public void finishTests(){int errors=0;for (String m : MATCHES) {  if (!hasTestCase(m)) {    System.out.println(m + \" has no test case\");    errors++;  }}Assert.assertEquals(\"Not expecting any missing test cases\",0,errors);}", "fail": 0}, {"content": "public void checkEncoding(String expected, String source){TESTSET.add(source.toUpperCase(Locale.GERMAN).replace('\u00c4','A').replace('\u00d6','O').replace('\u00dc','U'));super.checkEncoding(expected,source);}", "fail": 0}, {"content": "public ColognePhonetic createStringEncoder(){return new ColognePhonetic();}", "fail": 0}, {"content": "public void testCanFail(){this.checkEncoding(\"/\",\"Fehler\");}", "fail": 0}, {"content": "public void testAabjoe(){this.checkEncoding(\"01\",\"Aabjoe\");}", "fail": 0}, {"content": "public void testAaclan(){this.checkEncoding(\"0856\",\"Aaclan\");}", "fail": 0}, {"content": "public void testAychlmajrForCodec122(){this.checkEncoding(\"04567\",\"Aychlmajr\");}", "fail": 0}, {"content": "public void testEdgeCases(){final String[][] data={{\"a\",\"0\"},{\"e\",\"0\"},{\"i\",\"0\"},{\"o\",\"0\"},{\"u\",\"0\"},{\"\\u00E4\",\"0\"},{\"\\u00F6\",\"0\"},{\"\\u00FC\",\"0\"},{\"\\u00DF\",\"8\"},{\"aa\",\"0\"},{\"ha\",\"0\"},{\"h\",\"\"},{\"aha\",\"0\"},{\"b\",\"1\"},{\"p\",\"1\"},{\"ph\",\"3\"},{\"f\",\"3\"},{\"v\",\"3\"},{\"w\",\"3\"},{\"g\",\"4\"},{\"k\",\"4\"},{\"q\",\"4\"},{\"x\",\"48\"},{\"ax\",\"048\"},{\"cx\",\"48\"},{\"l\",\"5\"},{\"cl\",\"45\"},{\"acl\",\"085\"},{\"mn\",\"6\"},{\"{mn}\",\"6\"},{\"r\",\"7\"}};this.checkEncodings(data);}", "fail": 0}, {"content": "public void testExamples(){final String[][] data={{\"m\\u00DCller\",\"657\"},{\"m\\u00FCller\",\"657\"},{\"schmidt\",\"862\"},{\"schneider\",\"8627\"},{\"fischer\",\"387\"},{\"weber\",\"317\"},{\"wagner\",\"3467\"},{\"becker\",\"147\"},{\"hoffmann\",\"0366\"},{\"sch\\u00C4fer\",\"837\"},{\"sch\\u00e4fer\",\"837\"},{\"Breschnew\",\"17863\"},{\"Wikipedia\",\"3412\"},{\"peter\",\"127\"},{\"pharma\",\"376\"},{\"m\\u00f6nchengladbach\",\"664645214\"},{\"deutsch\",\"28\"},{\"deutz\",\"28\"},{\"hamburg\",\"06174\"},{\"hannover\",\"0637\"},{\"christstollen\",\"478256\"},{\"Xanthippe\",\"48621\"},{\"Zacharias\",\"8478\"},{\"Holzbau\",\"0581\"},{\"matsch\",\"68\"},{\"matz\",\"68\"},{\"Arbeitsamt\",\"071862\"},{\"Eberhard\",\"01772\"},{\"Eberhardt\",\"01772\"},{\"Celsius\",\"8588\"},{\"Ace\",\"08\"},{\"heithabu\",\"021\"}};this.checkEncodings(data);}", "fail": 0}, {"content": "public void testHyphen(){final String[][] data={{\"bergisch-gladbach\",\"174845214\"},{\"M\\u00fcller-L\\u00fcdenscheidt\",\"65752682\"}};this.checkEncodings(data);}", "fail": 0}, {"content": "public void testIsEncodeEquals(){final String[][] data={{\"Muller\",\"M\\u00fcller\"},{\"Meyer\",\"Mayr\"},{\"house\",\"house\"},{\"House\",\"house\"},{\"Haus\",\"house\"},{\"ganz\",\"Gans\"},{\"ganz\",\"G\\u00e4nse\"},{\"Miyagi\",\"Miyako\"}};for (final String[] element : data) {  final boolean encodeEqual=this.getStringEncoder().isEncodeEqual(element[1],element[0]);  Assert.assertTrue(element[1] + \" != \" + element[0],encodeEqual);}}", "fail": 0}, {"content": "public void testVariationsMella(){final String data[]={\"mella\",\"milah\",\"moulla\",\"mellah\",\"muehle\",\"mule\"};this.checkEncodingVariations(\"65\",data);}", "fail": 0}, {"content": "public void testVariationsMeyer(){final String data[]={\"Meier\",\"Maier\",\"Mair\",\"Meyer\",\"Meyr\",\"Mejer\",\"Major\"};this.checkEncodingVariations(\"67\",data);}", "fail": 0}, {"content": "public void testSpecialCharsBetweenSameLetters(){final String data[]={\"Test test\",\"Testtest\",\"Test-test\",\"TesT#Test\",\"TesT?test\"};this.checkEncodingVariations(\"28282\",data);}", "fail": 0}, {"content": "public void main(String args){ColognePhonetic coder=new ColognePhonetic();for (String arg : args) {  String code=coder.encode(arg);  System.out.println(\"'\" + arg + \"' = '\"+ code+ \"'\");}}", "fail": 0}, {"content": "public boolean hasTestCase(String re){for (String s : TESTSET) {  if (s.matches(re)) {    return true;  }}return false;}", "fail": 0}, {"content": "public void finishTests(){int errors=0;for (String m : MATCHES) {  if (!hasTestCase(m)) {    System.out.println(m + \" has no test case\");    errors++;  }}Assert.assertEquals(\"Not expecting any missing test cases\",0,errors);}", "fail": 0}, {"content": "public void checkEncoding(String expected, String source){TESTSET.add(source.toUpperCase(Locale.GERMAN).replace('\u00c4','A').replace('\u00d6','O').replace('\u00dc','U'));super.checkEncoding(expected,source);}", "fail": 0}, {"content": "public ColognePhonetic createStringEncoder(){return new ColognePhonetic();}", "fail": 0}, {"content": "public void testCanFail(){this.checkEncoding(\"/\",\"Fehler\");}", "fail": 0}, {"content": "public void testAabjoe(){this.checkEncoding(\"01\",\"Aabjoe\");}", "fail": 0}, {"content": "public void testAaclan(){this.checkEncoding(\"0856\",\"Aaclan\");}", "fail": 0}, {"content": "public void testAychlmajrForCodec122(){this.checkEncoding(\"04567\",\"Aychlmajr\");}", "fail": 0}, {"content": "public void testEdgeCases(){final String[][] data={{\"a\",\"0\"},{\"e\",\"0\"},{\"i\",\"0\"},{\"o\",\"0\"},{\"u\",\"0\"},{\"\\u00E4\",\"0\"},{\"\\u00F6\",\"0\"},{\"\\u00FC\",\"0\"},{\"\\u00DF\",\"8\"},{\"aa\",\"0\"},{\"ha\",\"0\"},{\"h\",\"\"},{\"aha\",\"0\"},{\"b\",\"1\"},{\"p\",\"1\"},{\"ph\",\"3\"},{\"f\",\"3\"},{\"v\",\"3\"},{\"w\",\"3\"},{\"g\",\"4\"},{\"k\",\"4\"},{\"q\",\"4\"},{\"x\",\"48\"},{\"ax\",\"048\"},{\"cx\",\"48\"},{\"l\",\"5\"},{\"cl\",\"45\"},{\"acl\",\"085\"},{\"mn\",\"6\"},{\"{mn}\",\"6\"},{\"r\",\"7\"}};this.checkEncodings(data);}", "fail": 0}, {"content": "public void testExamples(){final String[][] data={{\"m\\u00DCller\",\"657\"},{\"m\\u00FCller\",\"657\"},{\"schmidt\",\"862\"},{\"schneider\",\"8627\"},{\"fischer\",\"387\"},{\"weber\",\"317\"},{\"wagner\",\"3467\"},{\"becker\",\"147\"},{\"hoffmann\",\"0366\"},{\"sch\\u00C4fer\",\"837\"},{\"sch\\u00e4fer\",\"837\"},{\"Breschnew\",\"17863\"},{\"Wikipedia\",\"3412\"},{\"peter\",\"127\"},{\"pharma\",\"376\"},{\"m\\u00f6nchengladbach\",\"664645214\"},{\"deutsch\",\"28\"},{\"deutz\",\"28\"},{\"hamburg\",\"06174\"},{\"hannover\",\"0637\"},{\"christstollen\",\"478256\"},{\"Xanthippe\",\"48621\"},{\"Zacharias\",\"8478\"},{\"Holzbau\",\"0581\"},{\"matsch\",\"68\"},{\"matz\",\"68\"},{\"Arbeitsamt\",\"071862\"},{\"Eberhard\",\"01772\"},{\"Eberhardt\",\"01772\"},{\"Celsius\",\"8588\"},{\"Ace\",\"08\"},{\"heithabu\",\"021\"}};this.checkEncodings(data);}", "fail": 0}, {"content": "public void testHyphen(){final String[][] data={{\"bergisch-gladbach\",\"174845214\"},{\"M\\u00fcller-L\\u00fcdenscheidt\",\"65752682\"}};this.checkEncodings(data);}", "fail": 0}, {"content": "public void testIsEncodeEquals(){final String[][] data={{\"Muller\",\"M\\u00fcller\"},{\"Meyer\",\"Mayr\"},{\"house\",\"house\"},{\"House\",\"house\"},{\"Haus\",\"house\"},{\"ganz\",\"Gans\"},{\"ganz\",\"G\\u00e4nse\"},{\"Miyagi\",\"Miyako\"}};for (final String[] element : data) {  final boolean encodeEqual=this.getStringEncoder().isEncodeEqual(element[1],element[0]);  Assert.assertTrue(element[1] + \" != \" + element[0],encodeEqual);}}", "fail": 0}, {"content": "public void testVariationsMella(){final String data[]={\"mella\",\"milah\",\"moulla\",\"mellah\",\"muehle\",\"mule\"};this.checkEncodingVariations(\"65\",data);}", "fail": 0}, {"content": "public void testVariationsMeyer(){final String data[]={\"Meier\",\"Maier\",\"Mair\",\"Meyer\",\"Meyr\",\"Mejer\",\"Major\"};this.checkEncodingVariations(\"67\",data);}", "fail": 0}, {"content": "public void testSpecialCharsBetweenSameLetters(){final String data[]={\"Test test\",\"Testtest\",\"Test-test\",\"TesT#Test\",\"TesT?test\"};this.checkEncodingVariations(\"28282\",data);}", "fail": 0}, {"content": "public void main(String args){ColognePhonetic coder=new ColognePhonetic();for (String arg : args) {  String code=coder.encode(arg);  System.out.println(\"'\" + arg + \"' = '\"+ code+ \"'\");}}", "fail": 0}, {"content": "public void testExamples(){final String[][] data={{\"m\\u00DCller\",\"657\"},{\"m\\u00FCller\",\"657\"},{\"schmidt\",\"862\"},{\"schneider\",\"8627\"},{\"fischer\",\"387\"},{\"weber\",\"317\"},{\"wagner\",\"3467\"},{\"becker\",\"147\"},{\"hoffmann\",\"0366\"},{\"sch\\u00C4fer\",\"837\"},{\"sch\\u00e4fer\",\"837\"},{\"Breschnew\",\"17863\"},{\"Wikipedia\",\"3412\"},{\"peter\",\"127\"},{\"pharma\",\"376\"},{\"m\\u00f6nchengladbach\",\"664645214\"},{\"deutsch\",\"28\"},{\"deutz\",\"28\"},{\"hamburg\",\"06174\"},{\"hannover\",\"0637\"},{\"christstollen\",\"478256\"},{\"Xanthippe\",\"48621\"},{\"Zacharias\",\"8478\"},{\"Holzbau\",\"0581\"},{\"matsch\",\"68\"},{\"matz\",\"68\"},{\"Arbeitsamt\",\"071862\"},{\"Eberhard\",\"01772\"},{\"Eberhardt\",\"01772\"},{\"Celsius\",\"8588\"},{\"Ace\",\"08\"},{\"heithabu\",\"021\"}};this.checkEncodings(data);}", "fail": 1}, {"content": "public boolean hasTestCase(String re){for (String s : TESTSET) {  if (s.matches(re)) {    return true;  }}return false;}", "fail": 0}, {"content": "public void finishTests(){int errors=0;for (String m : MATCHES) {  if (!hasTestCase(m)) {    System.out.println(m + \" has no test case\");    errors++;  }}Assert.assertEquals(\"Not expecting any missing test cases\",0,errors);}", "fail": 0}, {"content": "public void checkEncoding(String expected, String source){TESTSET.add(source.toUpperCase(Locale.GERMAN).replace('\u00c4','A').replace('\u00d6','O').replace('\u00dc','U'));super.checkEncoding(expected,source);}", "fail": 0}, {"content": "public ColognePhonetic createStringEncoder(){return new ColognePhonetic();}", "fail": 0}, {"content": "public void testCanFail(){this.checkEncoding(\"/\",\"Fehler\");}", "fail": 0}, {"content": "public void testAabjoe(){this.checkEncoding(\"01\",\"Aabjoe\");}", "fail": 0}, {"content": "public void testAaclan(){this.checkEncoding(\"0856\",\"Aaclan\");}", "fail": 0}, {"content": "public void testAychlmajrForCodec122(){this.checkEncoding(\"04567\",\"Aychlmajr\");}", "fail": 0}, {"content": "public void testEdgeCases(){final String[][] data={{\"a\",\"0\"},{\"e\",\"0\"},{\"i\",\"0\"},{\"o\",\"0\"},{\"u\",\"0\"},{\"\\u00E4\",\"0\"},{\"\\u00F6\",\"0\"},{\"\\u00FC\",\"0\"},{\"\\u00DF\",\"8\"},{\"aa\",\"0\"},{\"ha\",\"0\"},{\"h\",\"\"},{\"aha\",\"0\"},{\"b\",\"1\"},{\"p\",\"1\"},{\"ph\",\"3\"},{\"f\",\"3\"},{\"v\",\"3\"},{\"w\",\"3\"},{\"g\",\"4\"},{\"k\",\"4\"},{\"q\",\"4\"},{\"x\",\"48\"},{\"ax\",\"048\"},{\"cx\",\"48\"},{\"l\",\"5\"},{\"cl\",\"45\"},{\"acl\",\"085\"},{\"mn\",\"6\"},{\"{mn}\",\"6\"},{\"r\",\"7\"}};this.checkEncodings(data);}", "fail": 0}, {"content": "public void testHyphen(){final String[][] data={{\"bergisch-gladbach\",\"174845214\"},{\"M\\u00fcller-L\\u00fcdenscheidt\",\"65752682\"}};this.checkEncodings(data);}", "fail": 0}, {"content": "public void testIsEncodeEquals(){final String[][] data={{\"Muller\",\"M\\u00fcller\"},{\"Meyer\",\"Mayr\"},{\"house\",\"house\"},{\"House\",\"house\"},{\"Haus\",\"house\"},{\"ganz\",\"Gans\"},{\"ganz\",\"G\\u00e4nse\"},{\"Miyagi\",\"Miyako\"}};for (final String[] element : data) {  final boolean encodeEqual=this.getStringEncoder().isEncodeEqual(element[1],element[0]);  Assert.assertTrue(element[1] + \" != \" + element[0],encodeEqual);}}", "fail": 0}, {"content": "public void testVariationsMella(){final String data[]={\"mella\",\"milah\",\"moulla\",\"mellah\",\"muehle\",\"mule\"};this.checkEncodingVariations(\"65\",data);}", "fail": 0}, {"content": "public void testVariationsMeyer(){final String data[]={\"Meier\",\"Maier\",\"Mair\",\"Meyer\",\"Meyr\",\"Mejer\",\"Major\"};this.checkEncodingVariations(\"67\",data);}", "fail": 0}, {"content": "public void testSpecialCharsBetweenSameLetters(){final String data[]={\"Test test\",\"Testtest\",\"Test-test\",\"TesT#Test\",\"TesT?test\"};this.checkEncodingVariations(\"28282\",data);}", "fail": 0}, {"content": "public void main(String args){ColognePhonetic coder=new ColognePhonetic();for (String arg : args) {  String code=coder.encode(arg);  System.out.println(\"'\" + arg + \"' = '\"+ code+ \"'\");}}", "fail": 0}, {"content": "public void testHyphen(){final String[][] data={{\"bergisch-gladbach\",\"174845214\"},{\"M\\u00fcller-L\\u00fcdenscheidt\",\"65752682\"}};this.checkEncodings(data);}", "fail": 1}, {"content": "public boolean hasTestCase(String re){for (String s : TESTSET) {  if (s.matches(re)) {    return true;  }}return false;}", "fail": 0}, {"content": "public void finishTests(){int errors=0;for (String m : MATCHES) {  if (!hasTestCase(m)) {    System.out.println(m + \" has no test case\");    errors++;  }}Assert.assertEquals(\"Not expecting any missing test cases\",0,errors);}", "fail": 0}, {"content": "public void checkEncoding(String expected, String source){TESTSET.add(source.toUpperCase(Locale.GERMAN).replace('\u00c4','A').replace('\u00d6','O').replace('\u00dc','U'));super.checkEncoding(expected,source);}", "fail": 0}, {"content": "public ColognePhonetic createStringEncoder(){return new ColognePhonetic();}", "fail": 0}, {"content": "public void testCanFail(){this.checkEncoding(\"/\",\"Fehler\");}", "fail": 0}, {"content": "public void testAabjoe(){this.checkEncoding(\"01\",\"Aabjoe\");}", "fail": 0}, {"content": "public void testAaclan(){this.checkEncoding(\"0856\",\"Aaclan\");}", "fail": 0}, {"content": "public void testAychlmajrForCodec122(){this.checkEncoding(\"04567\",\"Aychlmajr\");}", "fail": 0}, {"content": "public void testEdgeCases(){final String[][] data={{\"a\",\"0\"},{\"e\",\"0\"},{\"i\",\"0\"},{\"o\",\"0\"},{\"u\",\"0\"},{\"\\u00E4\",\"0\"},{\"\\u00F6\",\"0\"},{\"\\u00FC\",\"0\"},{\"\\u00DF\",\"8\"},{\"aa\",\"0\"},{\"ha\",\"0\"},{\"h\",\"\"},{\"aha\",\"0\"},{\"b\",\"1\"},{\"p\",\"1\"},{\"ph\",\"3\"},{\"f\",\"3\"},{\"v\",\"3\"},{\"w\",\"3\"},{\"g\",\"4\"},{\"k\",\"4\"},{\"q\",\"4\"},{\"x\",\"48\"},{\"ax\",\"048\"},{\"cx\",\"48\"},{\"l\",\"5\"},{\"cl\",\"45\"},{\"acl\",\"085\"},{\"mn\",\"6\"},{\"{mn}\",\"6\"},{\"r\",\"7\"}};this.checkEncodings(data);}", "fail": 0}, {"content": "public void testExamples(){final String[][] data={{\"m\\u00DCller\",\"657\"},{\"m\\u00FCller\",\"657\"},{\"schmidt\",\"862\"},{\"schneider\",\"8627\"},{\"fischer\",\"387\"},{\"weber\",\"317\"},{\"wagner\",\"3467\"},{\"becker\",\"147\"},{\"hoffmann\",\"0366\"},{\"sch\\u00C4fer\",\"837\"},{\"sch\\u00e4fer\",\"837\"},{\"Breschnew\",\"17863\"},{\"Wikipedia\",\"3412\"},{\"peter\",\"127\"},{\"pharma\",\"376\"},{\"m\\u00f6nchengladbach\",\"664645214\"},{\"deutsch\",\"28\"},{\"deutz\",\"28\"},{\"hamburg\",\"06174\"},{\"hannover\",\"0637\"},{\"christstollen\",\"478256\"},{\"Xanthippe\",\"48621\"},{\"Zacharias\",\"8478\"},{\"Holzbau\",\"0581\"},{\"matsch\",\"68\"},{\"matz\",\"68\"},{\"Arbeitsamt\",\"071862\"},{\"Eberhard\",\"01772\"},{\"Eberhardt\",\"01772\"},{\"Celsius\",\"8588\"},{\"Ace\",\"08\"},{\"heithabu\",\"021\"}};this.checkEncodings(data);}", "fail": 0}, {"content": "public void testIsEncodeEquals(){final String[][] data={{\"Muller\",\"M\\u00fcller\"},{\"Meyer\",\"Mayr\"},{\"house\",\"house\"},{\"House\",\"house\"},{\"Haus\",\"house\"},{\"ganz\",\"Gans\"},{\"ganz\",\"G\\u00e4nse\"},{\"Miyagi\",\"Miyako\"}};for (final String[] element : data) {  final boolean encodeEqual=this.getStringEncoder().isEncodeEqual(element[1],element[0]);  Assert.assertTrue(element[1] + \" != \" + element[0],encodeEqual);}}", "fail": 0}, {"content": "public void testVariationsMella(){final String data[]={\"mella\",\"milah\",\"moulla\",\"mellah\",\"muehle\",\"mule\"};this.checkEncodingVariations(\"65\",data);}", "fail": 0}, {"content": "public void testVariationsMeyer(){final String data[]={\"Meier\",\"Maier\",\"Mair\",\"Meyer\",\"Meyr\",\"Mejer\",\"Major\"};this.checkEncodingVariations(\"67\",data);}", "fail": 0}, {"content": "public void testSpecialCharsBetweenSameLetters(){final String data[]={\"Test test\",\"Testtest\",\"Test-test\",\"TesT#Test\",\"TesT?test\"};this.checkEncodingVariations(\"28282\",data);}", "fail": 0}, {"content": "public void main(String args){ColognePhonetic coder=new ColognePhonetic();for (String arg : args) {  String code=coder.encode(arg);  System.out.println(\"'\" + arg + \"' = '\"+ code+ \"'\");}}", "fail": 0}, {"content": "public void testIsEncodeEquals(){final String[][] data={{\"Muller\",\"M\\u00fcller\"},{\"Meyer\",\"Mayr\"},{\"house\",\"house\"},{\"House\",\"house\"},{\"Haus\",\"house\"},{\"ganz\",\"Gans\"},{\"ganz\",\"G\\u00e4nse\"},{\"Miyagi\",\"Miyako\"}};for (final String[] element : data) {  final boolean encodeEqual=this.getStringEncoder().isEncodeEqual(element[1],element[0]);  Assert.assertTrue(element[1] + \" != \" + element[0],encodeEqual);}}", "fail": 1}, {"content": "public boolean hasTestCase(String re){for (String s : TESTSET) {  if (s.matches(re)) {    return true;  }}return false;}", "fail": 0}, {"content": "public void finishTests(){int errors=0;for (String m : MATCHES) {  if (!hasTestCase(m)) {    System.out.println(m + \" has no test case\");    errors++;  }}Assert.assertEquals(\"Not expecting any missing test cases\",0,errors);}", "fail": 0}, {"content": "public void checkEncoding(String expected, String source){TESTSET.add(source.toUpperCase(Locale.GERMAN).replace('\u00c4','A').replace('\u00d6','O').replace('\u00dc','U'));super.checkEncoding(expected,source);}", "fail": 0}, {"content": "public ColognePhonetic createStringEncoder(){return new ColognePhonetic();}", "fail": 0}, {"content": "public void testCanFail(){this.checkEncoding(\"/\",\"Fehler\");}", "fail": 0}, {"content": "public void testAabjoe(){this.checkEncoding(\"01\",\"Aabjoe\");}", "fail": 0}, {"content": "public void testAaclan(){this.checkEncoding(\"0856\",\"Aaclan\");}", "fail": 0}, {"content": "public void testAychlmajrForCodec122(){this.checkEncoding(\"04567\",\"Aychlmajr\");}", "fail": 0}, {"content": "public void testEdgeCases(){final String[][] data={{\"a\",\"0\"},{\"e\",\"0\"},{\"i\",\"0\"},{\"o\",\"0\"},{\"u\",\"0\"},{\"\\u00E4\",\"0\"},{\"\\u00F6\",\"0\"},{\"\\u00FC\",\"0\"},{\"\\u00DF\",\"8\"},{\"aa\",\"0\"},{\"ha\",\"0\"},{\"h\",\"\"},{\"aha\",\"0\"},{\"b\",\"1\"},{\"p\",\"1\"},{\"ph\",\"3\"},{\"f\",\"3\"},{\"v\",\"3\"},{\"w\",\"3\"},{\"g\",\"4\"},{\"k\",\"4\"},{\"q\",\"4\"},{\"x\",\"48\"},{\"ax\",\"048\"},{\"cx\",\"48\"},{\"l\",\"5\"},{\"cl\",\"45\"},{\"acl\",\"085\"},{\"mn\",\"6\"},{\"{mn}\",\"6\"},{\"r\",\"7\"}};this.checkEncodings(data);}", "fail": 0}, {"content": "public void testExamples(){final String[][] data={{\"m\\u00DCller\",\"657\"},{\"m\\u00FCller\",\"657\"},{\"schmidt\",\"862\"},{\"schneider\",\"8627\"},{\"fischer\",\"387\"},{\"weber\",\"317\"},{\"wagner\",\"3467\"},{\"becker\",\"147\"},{\"hoffmann\",\"0366\"},{\"sch\\u00C4fer\",\"837\"},{\"sch\\u00e4fer\",\"837\"},{\"Breschnew\",\"17863\"},{\"Wikipedia\",\"3412\"},{\"peter\",\"127\"},{\"pharma\",\"376\"},{\"m\\u00f6nchengladbach\",\"664645214\"},{\"deutsch\",\"28\"},{\"deutz\",\"28\"},{\"hamburg\",\"06174\"},{\"hannover\",\"0637\"},{\"christstollen\",\"478256\"},{\"Xanthippe\",\"48621\"},{\"Zacharias\",\"8478\"},{\"Holzbau\",\"0581\"},{\"matsch\",\"68\"},{\"matz\",\"68\"},{\"Arbeitsamt\",\"071862\"},{\"Eberhard\",\"01772\"},{\"Eberhardt\",\"01772\"},{\"Celsius\",\"8588\"},{\"Ace\",\"08\"},{\"heithabu\",\"021\"}};this.checkEncodings(data);}", "fail": 0}, {"content": "public void testHyphen(){final String[][] data={{\"bergisch-gladbach\",\"174845214\"},{\"M\\u00fcller-L\\u00fcdenscheidt\",\"65752682\"}};this.checkEncodings(data);}", "fail": 0}, {"content": "public void testVariationsMella(){final String data[]={\"mella\",\"milah\",\"moulla\",\"mellah\",\"muehle\",\"mule\"};this.checkEncodingVariations(\"65\",data);}", "fail": 0}, {"content": "public void testVariationsMeyer(){final String data[]={\"Meier\",\"Maier\",\"Mair\",\"Meyer\",\"Meyr\",\"Mejer\",\"Major\"};this.checkEncodingVariations(\"67\",data);}", "fail": 0}, {"content": "public void testSpecialCharsBetweenSameLetters(){final String data[]={\"Test test\",\"Testtest\",\"Test-test\",\"TesT#Test\",\"TesT?test\"};this.checkEncodingVariations(\"28282\",data);}", "fail": 0}, {"content": "public void main(String args){ColognePhonetic coder=new ColognePhonetic();for (String arg : args) {  String code=coder.encode(arg);  System.out.println(\"'\" + arg + \"' = '\"+ code+ \"'\");}}", "fail": 0}, {"content": "public boolean hasTestCase(String re){for (String s : TESTSET) {  if (s.matches(re)) {    return true;  }}return false;}", "fail": 0}, {"content": "public void finishTests(){int errors=0;for (String m : MATCHES) {  if (!hasTestCase(m)) {    System.out.println(m + \" has no test case\");    errors++;  }}Assert.assertEquals(\"Not expecting any missing test cases\",0,errors);}", "fail": 0}, {"content": "public void checkEncoding(String expected, String source){TESTSET.add(source.toUpperCase(Locale.GERMAN).replace('\u00c4','A').replace('\u00d6','O').replace('\u00dc','U'));super.checkEncoding(expected,source);}", "fail": 0}, {"content": "public ColognePhonetic createStringEncoder(){return new ColognePhonetic();}", "fail": 0}, {"content": "public void testCanFail(){this.checkEncoding(\"/\",\"Fehler\");}", "fail": 0}, {"content": "public void testAabjoe(){this.checkEncoding(\"01\",\"Aabjoe\");}", "fail": 0}, {"content": "public void testAaclan(){this.checkEncoding(\"0856\",\"Aaclan\");}", "fail": 0}, {"content": "public void testAychlmajrForCodec122(){this.checkEncoding(\"04567\",\"Aychlmajr\");}", "fail": 0}, {"content": "public void testEdgeCases(){final String[][] data={{\"a\",\"0\"},{\"e\",\"0\"},{\"i\",\"0\"},{\"o\",\"0\"},{\"u\",\"0\"},{\"\\u00E4\",\"0\"},{\"\\u00F6\",\"0\"},{\"\\u00FC\",\"0\"},{\"\\u00DF\",\"8\"},{\"aa\",\"0\"},{\"ha\",\"0\"},{\"h\",\"\"},{\"aha\",\"0\"},{\"b\",\"1\"},{\"p\",\"1\"},{\"ph\",\"3\"},{\"f\",\"3\"},{\"v\",\"3\"},{\"w\",\"3\"},{\"g\",\"4\"},{\"k\",\"4\"},{\"q\",\"4\"},{\"x\",\"48\"},{\"ax\",\"048\"},{\"cx\",\"48\"},{\"l\",\"5\"},{\"cl\",\"45\"},{\"acl\",\"085\"},{\"mn\",\"6\"},{\"{mn}\",\"6\"},{\"r\",\"7\"}};this.checkEncodings(data);}", "fail": 0}, {"content": "public void testExamples(){final String[][] data={{\"m\\u00DCller\",\"657\"},{\"m\\u00FCller\",\"657\"},{\"schmidt\",\"862\"},{\"schneider\",\"8627\"},{\"fischer\",\"387\"},{\"weber\",\"317\"},{\"wagner\",\"3467\"},{\"becker\",\"147\"},{\"hoffmann\",\"0366\"},{\"sch\\u00C4fer\",\"837\"},{\"sch\\u00e4fer\",\"837\"},{\"Breschnew\",\"17863\"},{\"Wikipedia\",\"3412\"},{\"peter\",\"127\"},{\"pharma\",\"376\"},{\"m\\u00f6nchengladbach\",\"664645214\"},{\"deutsch\",\"28\"},{\"deutz\",\"28\"},{\"hamburg\",\"06174\"},{\"hannover\",\"0637\"},{\"christstollen\",\"478256\"},{\"Xanthippe\",\"48621\"},{\"Zacharias\",\"8478\"},{\"Holzbau\",\"0581\"},{\"matsch\",\"68\"},{\"matz\",\"68\"},{\"Arbeitsamt\",\"071862\"},{\"Eberhard\",\"01772\"},{\"Eberhardt\",\"01772\"},{\"Celsius\",\"8588\"},{\"Ace\",\"08\"},{\"heithabu\",\"021\"}};this.checkEncodings(data);}", "fail": 0}, {"content": "public void testHyphen(){final String[][] data={{\"bergisch-gladbach\",\"174845214\"},{\"M\\u00fcller-L\\u00fcdenscheidt\",\"65752682\"}};this.checkEncodings(data);}", "fail": 0}, {"content": "public void testIsEncodeEquals(){final String[][] data={{\"Muller\",\"M\\u00fcller\"},{\"Meyer\",\"Mayr\"},{\"house\",\"house\"},{\"House\",\"house\"},{\"Haus\",\"house\"},{\"ganz\",\"Gans\"},{\"ganz\",\"G\\u00e4nse\"},{\"Miyagi\",\"Miyako\"}};for (final String[] element : data) {  final boolean encodeEqual=this.getStringEncoder().isEncodeEqual(element[1],element[0]);  Assert.assertTrue(element[1] + \" != \" + element[0],encodeEqual);}}", "fail": 0}, {"content": "public void testVariationsMella(){final String data[]={\"mella\",\"milah\",\"moulla\",\"mellah\",\"muehle\",\"mule\"};this.checkEncodingVariations(\"65\",data);}", "fail": 0}, {"content": "public void testVariationsMeyer(){final String data[]={\"Meier\",\"Maier\",\"Mair\",\"Meyer\",\"Meyr\",\"Mejer\",\"Major\"};this.checkEncodingVariations(\"67\",data);}", "fail": 0}, {"content": "public void testSpecialCharsBetweenSameLetters(){final String data[]={\"Test test\",\"Testtest\",\"Test-test\",\"TesT#Test\",\"TesT?test\"};this.checkEncodingVariations(\"28282\",data);}", "fail": 0}, {"content": "public void main(String args){ColognePhonetic coder=new ColognePhonetic();for (String arg : args) {  String code=coder.encode(arg);  System.out.println(\"'\" + arg + \"' = '\"+ code+ \"'\");}}", "fail": 0}, {"content": "public void testSpecialCharsBetweenSameLetters(){final String data[]={\"Test test\",\"Testtest\",\"Test-test\",\"TesT#Test\",\"TesT?test\"};this.checkEncodingVariations(\"28282\",data);}", "fail": 1}, {"content": "public boolean hasTestCase(String re){for (String s : TESTSET) {  if (s.matches(re)) {    return true;  }}return false;}", "fail": 0}, {"content": "public void finishTests(){int errors=0;for (String m : MATCHES) {  if (!hasTestCase(m)) {    System.out.println(m + \" has no test case\");    errors++;  }}Assert.assertEquals(\"Not expecting any missing test cases\",0,errors);}", "fail": 0}, {"content": "public void checkEncoding(String expected, String source){TESTSET.add(source.toUpperCase(Locale.GERMAN).replace('\u00c4','A').replace('\u00d6','O').replace('\u00dc','U'));super.checkEncoding(expected,source);}", "fail": 0}, {"content": "public ColognePhonetic createStringEncoder(){return new ColognePhonetic();}", "fail": 0}, {"content": "public void testCanFail(){this.checkEncoding(\"/\",\"Fehler\");}", "fail": 0}, {"content": "public void testAabjoe(){this.checkEncoding(\"01\",\"Aabjoe\");}", "fail": 0}, {"content": "public void testAaclan(){this.checkEncoding(\"0856\",\"Aaclan\");}", "fail": 0}, {"content": "public void testAychlmajrForCodec122(){this.checkEncoding(\"04567\",\"Aychlmajr\");}", "fail": 0}, {"content": "public void testEdgeCases(){final String[][] data={{\"a\",\"0\"},{\"e\",\"0\"},{\"i\",\"0\"},{\"o\",\"0\"},{\"u\",\"0\"},{\"\\u00E4\",\"0\"},{\"\\u00F6\",\"0\"},{\"\\u00FC\",\"0\"},{\"\\u00DF\",\"8\"},{\"aa\",\"0\"},{\"ha\",\"0\"},{\"h\",\"\"},{\"aha\",\"0\"},{\"b\",\"1\"},{\"p\",\"1\"},{\"ph\",\"3\"},{\"f\",\"3\"},{\"v\",\"3\"},{\"w\",\"3\"},{\"g\",\"4\"},{\"k\",\"4\"},{\"q\",\"4\"},{\"x\",\"48\"},{\"ax\",\"048\"},{\"cx\",\"48\"},{\"l\",\"5\"},{\"cl\",\"45\"},{\"acl\",\"085\"},{\"mn\",\"6\"},{\"{mn}\",\"6\"},{\"r\",\"7\"}};this.checkEncodings(data);}", "fail": 0}, {"content": "public void testExamples(){final String[][] data={{\"m\\u00DCller\",\"657\"},{\"m\\u00FCller\",\"657\"},{\"schmidt\",\"862\"},{\"schneider\",\"8627\"},{\"fischer\",\"387\"},{\"weber\",\"317\"},{\"wagner\",\"3467\"},{\"becker\",\"147\"},{\"hoffmann\",\"0366\"},{\"sch\\u00C4fer\",\"837\"},{\"sch\\u00e4fer\",\"837\"},{\"Breschnew\",\"17863\"},{\"Wikipedia\",\"3412\"},{\"peter\",\"127\"},{\"pharma\",\"376\"},{\"m\\u00f6nchengladbach\",\"664645214\"},{\"deutsch\",\"28\"},{\"deutz\",\"28\"},{\"hamburg\",\"06174\"},{\"hannover\",\"0637\"},{\"christstollen\",\"478256\"},{\"Xanthippe\",\"48621\"},{\"Zacharias\",\"8478\"},{\"Holzbau\",\"0581\"},{\"matsch\",\"68\"},{\"matz\",\"68\"},{\"Arbeitsamt\",\"071862\"},{\"Eberhard\",\"01772\"},{\"Eberhardt\",\"01772\"},{\"Celsius\",\"8588\"},{\"Ace\",\"08\"},{\"heithabu\",\"021\"}};this.checkEncodings(data);}", "fail": 0}, {"content": "public void testHyphen(){final String[][] data={{\"bergisch-gladbach\",\"174845214\"},{\"M\\u00fcller-L\\u00fcdenscheidt\",\"65752682\"}};this.checkEncodings(data);}", "fail": 0}, {"content": "public void testIsEncodeEquals(){final String[][] data={{\"Muller\",\"M\\u00fcller\"},{\"Meyer\",\"Mayr\"},{\"house\",\"house\"},{\"House\",\"house\"},{\"Haus\",\"house\"},{\"ganz\",\"Gans\"},{\"ganz\",\"G\\u00e4nse\"},{\"Miyagi\",\"Miyako\"}};for (final String[] element : data) {  final boolean encodeEqual=this.getStringEncoder().isEncodeEqual(element[1],element[0]);  Assert.assertTrue(element[1] + \" != \" + element[0],encodeEqual);}}", "fail": 0}, {"content": "public void testVariationsMella(){final String data[]={\"mella\",\"milah\",\"moulla\",\"mellah\",\"muehle\",\"mule\"};this.checkEncodingVariations(\"65\",data);}", "fail": 0}, {"content": "public void testVariationsMeyer(){final String data[]={\"Meier\",\"Maier\",\"Mair\",\"Meyer\",\"Meyr\",\"Mejer\",\"Major\"};this.checkEncodingVariations(\"67\",data);}", "fail": 0}, {"content": "public void main(String args){ColognePhonetic coder=new ColognePhonetic();for (String arg : args) {  String code=coder.encode(arg);  System.out.println(\"'\" + arg + \"' = '\"+ code+ \"'\");}}", "fail": 0}, {"content": "public void testVariationsMella(){final String data[]={\"mella\",\"milah\",\"moulla\",\"mellah\",\"muehle\",\"mule\"};this.checkEncodingVariations(\"65\",data);}", "fail": 1}, {"content": "public boolean hasTestCase(String re){for (String s : TESTSET) {  if (s.matches(re)) {    return true;  }}return false;}", "fail": 0}, {"content": "public void finishTests(){int errors=0;for (String m : MATCHES) {  if (!hasTestCase(m)) {    System.out.println(m + \" has no test case\");    errors++;  }}Assert.assertEquals(\"Not expecting any missing test cases\",0,errors);}", "fail": 0}, {"content": "public void checkEncoding(String expected, String source){TESTSET.add(source.toUpperCase(Locale.GERMAN).replace('\u00c4','A').replace('\u00d6','O').replace('\u00dc','U'));super.checkEncoding(expected,source);}", "fail": 0}, {"content": "public ColognePhonetic createStringEncoder(){return new ColognePhonetic();}", "fail": 0}, {"content": "public void testCanFail(){this.checkEncoding(\"/\",\"Fehler\");}", "fail": 0}, {"content": "public void testAabjoe(){this.checkEncoding(\"01\",\"Aabjoe\");}", "fail": 0}, {"content": "public void testAaclan(){this.checkEncoding(\"0856\",\"Aaclan\");}", "fail": 0}, {"content": "public void testAychlmajrForCodec122(){this.checkEncoding(\"04567\",\"Aychlmajr\");}", "fail": 0}, {"content": "public void testEdgeCases(){final String[][] data={{\"a\",\"0\"},{\"e\",\"0\"},{\"i\",\"0\"},{\"o\",\"0\"},{\"u\",\"0\"},{\"\\u00E4\",\"0\"},{\"\\u00F6\",\"0\"},{\"\\u00FC\",\"0\"},{\"\\u00DF\",\"8\"},{\"aa\",\"0\"},{\"ha\",\"0\"},{\"h\",\"\"},{\"aha\",\"0\"},{\"b\",\"1\"},{\"p\",\"1\"},{\"ph\",\"3\"},{\"f\",\"3\"},{\"v\",\"3\"},{\"w\",\"3\"},{\"g\",\"4\"},{\"k\",\"4\"},{\"q\",\"4\"},{\"x\",\"48\"},{\"ax\",\"048\"},{\"cx\",\"48\"},{\"l\",\"5\"},{\"cl\",\"45\"},{\"acl\",\"085\"},{\"mn\",\"6\"},{\"{mn}\",\"6\"},{\"r\",\"7\"}};this.checkEncodings(data);}", "fail": 0}, {"content": "public void testExamples(){final String[][] data={{\"m\\u00DCller\",\"657\"},{\"m\\u00FCller\",\"657\"},{\"schmidt\",\"862\"},{\"schneider\",\"8627\"},{\"fischer\",\"387\"},{\"weber\",\"317\"},{\"wagner\",\"3467\"},{\"becker\",\"147\"},{\"hoffmann\",\"0366\"},{\"sch\\u00C4fer\",\"837\"},{\"sch\\u00e4fer\",\"837\"},{\"Breschnew\",\"17863\"},{\"Wikipedia\",\"3412\"},{\"peter\",\"127\"},{\"pharma\",\"376\"},{\"m\\u00f6nchengladbach\",\"664645214\"},{\"deutsch\",\"28\"},{\"deutz\",\"28\"},{\"hamburg\",\"06174\"},{\"hannover\",\"0637\"},{\"christstollen\",\"478256\"},{\"Xanthippe\",\"48621\"},{\"Zacharias\",\"8478\"},{\"Holzbau\",\"0581\"},{\"matsch\",\"68\"},{\"matz\",\"68\"},{\"Arbeitsamt\",\"071862\"},{\"Eberhard\",\"01772\"},{\"Eberhardt\",\"01772\"},{\"Celsius\",\"8588\"},{\"Ace\",\"08\"},{\"heithabu\",\"021\"}};this.checkEncodings(data);}", "fail": 0}, {"content": "public void testHyphen(){final String[][] data={{\"bergisch-gladbach\",\"174845214\"},{\"M\\u00fcller-L\\u00fcdenscheidt\",\"65752682\"}};this.checkEncodings(data);}", "fail": 0}, {"content": "public void testIsEncodeEquals(){final String[][] data={{\"Muller\",\"M\\u00fcller\"},{\"Meyer\",\"Mayr\"},{\"house\",\"house\"},{\"House\",\"house\"},{\"Haus\",\"house\"},{\"ganz\",\"Gans\"},{\"ganz\",\"G\\u00e4nse\"},{\"Miyagi\",\"Miyako\"}};for (final String[] element : data) {  final boolean encodeEqual=this.getStringEncoder().isEncodeEqual(element[1],element[0]);  Assert.assertTrue(element[1] + \" != \" + element[0],encodeEqual);}}", "fail": 0}, {"content": "public void testVariationsMeyer(){final String data[]={\"Meier\",\"Maier\",\"Mair\",\"Meyer\",\"Meyr\",\"Mejer\",\"Major\"};this.checkEncodingVariations(\"67\",data);}", "fail": 0}, {"content": "public void testSpecialCharsBetweenSameLetters(){final String data[]={\"Test test\",\"Testtest\",\"Test-test\",\"TesT#Test\",\"TesT?test\"};this.checkEncodingVariations(\"28282\",data);}", "fail": 0}, {"content": "public void main(String args){ColognePhonetic coder=new ColognePhonetic();for (String arg : args) {  String code=coder.encode(arg);  System.out.println(\"'\" + arg + \"' = '\"+ code+ \"'\");}}", "fail": 0}, {"content": "public void testVariationsMeyer(){final String data[]={\"Meier\",\"Maier\",\"Mair\",\"Meyer\",\"Meyr\",\"Mejer\",\"Major\"};this.checkEncodingVariations(\"67\",data);}", "fail": 1}, {"content": "public boolean hasTestCase(String re){for (String s : TESTSET) {  if (s.matches(re)) {    return true;  }}return false;}", "fail": 0}, {"content": "public void finishTests(){int errors=0;for (String m : MATCHES) {  if (!hasTestCase(m)) {    System.out.println(m + \" has no test case\");    errors++;  }}Assert.assertEquals(\"Not expecting any missing test cases\",0,errors);}", "fail": 0}, {"content": "public void checkEncoding(String expected, String source){TESTSET.add(source.toUpperCase(Locale.GERMAN).replace('\u00c4','A').replace('\u00d6','O').replace('\u00dc','U'));super.checkEncoding(expected,source);}", "fail": 0}, {"content": "public ColognePhonetic createStringEncoder(){return new ColognePhonetic();}", "fail": 0}, {"content": "public void testCanFail(){this.checkEncoding(\"/\",\"Fehler\");}", "fail": 0}, {"content": "public void testAabjoe(){this.checkEncoding(\"01\",\"Aabjoe\");}", "fail": 0}, {"content": "public void testAaclan(){this.checkEncoding(\"0856\",\"Aaclan\");}", "fail": 0}, {"content": "public void testAychlmajrForCodec122(){this.checkEncoding(\"04567\",\"Aychlmajr\");}", "fail": 0}, {"content": "public void testEdgeCases(){final String[][] data={{\"a\",\"0\"},{\"e\",\"0\"},{\"i\",\"0\"},{\"o\",\"0\"},{\"u\",\"0\"},{\"\\u00E4\",\"0\"},{\"\\u00F6\",\"0\"},{\"\\u00FC\",\"0\"},{\"\\u00DF\",\"8\"},{\"aa\",\"0\"},{\"ha\",\"0\"},{\"h\",\"\"},{\"aha\",\"0\"},{\"b\",\"1\"},{\"p\",\"1\"},{\"ph\",\"3\"},{\"f\",\"3\"},{\"v\",\"3\"},{\"w\",\"3\"},{\"g\",\"4\"},{\"k\",\"4\"},{\"q\",\"4\"},{\"x\",\"48\"},{\"ax\",\"048\"},{\"cx\",\"48\"},{\"l\",\"5\"},{\"cl\",\"45\"},{\"acl\",\"085\"},{\"mn\",\"6\"},{\"{mn}\",\"6\"},{\"r\",\"7\"}};this.checkEncodings(data);}", "fail": 0}, {"content": "public void testExamples(){final String[][] data={{\"m\\u00DCller\",\"657\"},{\"m\\u00FCller\",\"657\"},{\"schmidt\",\"862\"},{\"schneider\",\"8627\"},{\"fischer\",\"387\"},{\"weber\",\"317\"},{\"wagner\",\"3467\"},{\"becker\",\"147\"},{\"hoffmann\",\"0366\"},{\"sch\\u00C4fer\",\"837\"},{\"sch\\u00e4fer\",\"837\"},{\"Breschnew\",\"17863\"},{\"Wikipedia\",\"3412\"},{\"peter\",\"127\"},{\"pharma\",\"376\"},{\"m\\u00f6nchengladbach\",\"664645214\"},{\"deutsch\",\"28\"},{\"deutz\",\"28\"},{\"hamburg\",\"06174\"},{\"hannover\",\"0637\"},{\"christstollen\",\"478256\"},{\"Xanthippe\",\"48621\"},{\"Zacharias\",\"8478\"},{\"Holzbau\",\"0581\"},{\"matsch\",\"68\"},{\"matz\",\"68\"},{\"Arbeitsamt\",\"071862\"},{\"Eberhard\",\"01772\"},{\"Eberhardt\",\"01772\"},{\"Celsius\",\"8588\"},{\"Ace\",\"08\"},{\"heithabu\",\"021\"}};this.checkEncodings(data);}", "fail": 0}, {"content": "public void testHyphen(){final String[][] data={{\"bergisch-gladbach\",\"174845214\"},{\"M\\u00fcller-L\\u00fcdenscheidt\",\"65752682\"}};this.checkEncodings(data);}", "fail": 0}, {"content": "public void testIsEncodeEquals(){final String[][] data={{\"Muller\",\"M\\u00fcller\"},{\"Meyer\",\"Mayr\"},{\"house\",\"house\"},{\"House\",\"house\"},{\"Haus\",\"house\"},{\"ganz\",\"Gans\"},{\"ganz\",\"G\\u00e4nse\"},{\"Miyagi\",\"Miyako\"}};for (final String[] element : data) {  final boolean encodeEqual=this.getStringEncoder().isEncodeEqual(element[1],element[0]);  Assert.assertTrue(element[1] + \" != \" + element[0],encodeEqual);}}", "fail": 0}, {"content": "public void testVariationsMella(){final String data[]={\"mella\",\"milah\",\"moulla\",\"mellah\",\"muehle\",\"mule\"};this.checkEncodingVariations(\"65\",data);}", "fail": 0}, {"content": "public void testSpecialCharsBetweenSameLetters(){final String data[]={\"Test test\",\"Testtest\",\"Test-test\",\"TesT#Test\",\"TesT?test\"};this.checkEncodingVariations(\"28282\",data);}", "fail": 0}, {"content": "public void main(String args){ColognePhonetic coder=new ColognePhonetic();for (String arg : args) {  String code=coder.encode(arg);  System.out.println(\"'\" + arg + \"' = '\"+ code+ \"'\");}}", "fail": 0}]