[{"diff0": ["class BaseNCodecInputStream {public BaseNCodecInputStream(final InputStream in, final BaseNCodec baseNCodec, final boolean doEncode){super(in);this.doEncode=doEncode;this.baseNCodec=baseNCodec;}}\n", "class BaseNCodecInputStream {public int available(){return context.eof ? 0 : 1;}}\n", "class BaseNCodecInputStream {public void mark(final int readLimit){}}\n", "class BaseNCodecInputStream {public boolean markSupported(){return false;}}\n", "class BaseNCodecInputStream {public int read(){int r=read(singleByte,0,1);while (r == 0) {  r=read(singleByte,0,1);}if (r > 0) {  final byte b=singleByte[0];  return b < 0 ? 256 + b : b;}return EOF;}}\n", "class BaseNCodecInputStream {public int read(final byte b, final int offset, final int len){if (b == null) {  throw new NullPointerException();} else if (offset < 0 || len < 0) {  throw new IndexOutOfBoundsException();} else if (offset > b.length || offset + len > b.length) {  throw new IndexOutOfBoundsException();} else if (len == 0) {  return 0;} else {  int readLen=0;  while (readLen == 0) {    if (!baseNCodec.hasData(context)) {      final byte[] buf=new byte[doEncode ? 4096 : 8192];      final int c=in.read(buf);      if (doEncode) {        baseNCodec.encode(buf,0,c,context);      } else {        baseNCodec.decode(buf,0,c,context);      }    }    readLen=baseNCodec.readResults(b,offset,len,context);  }  return readLen;}}}\n", "class BaseNCodecInputStream {public void reset(){throw new IOException(\"mark/reset not supported\");}}\n", "class BaseNCodecInputStream {public long skip(final long n){if (n < 0) {  throw new IllegalArgumentException(\"Negative skip length: \" + n);}final byte[] b=new byte[512];long todo=n;while (todo > 0) {  int len=(int)Math.min(b.length,todo);  len=this.read(b,0,len);  if (len == EOF) {    break;  }  todo-=len;}return n - todo;}}\n"]}, {"content": "public void testAabjoe(){this.checkEncoding(\"01\",\"Aabjoe\");}", "fail": 1}, {"content": "public boolean hasTestCase(String re){for (String s : TESTSET) {  if (s.matches(re)) {    return true;  }}return false;}", "fail": 0}, {"content": "public void finishTests(){int errors=0;for (String m : MATCHES) {  if (!hasTestCase(m)) {    System.out.println(m + \" has no test case\");    errors++;  }}Assert.assertEquals(\"Not expecting any missing test cases\",0,errors);}", "fail": 0}, {"content": "public void checkEncoding(String expected, String source){TESTSET.add(source.toUpperCase(Locale.GERMAN).replace('\u00c4','A').replace('\u00d6','O').replace('\u00dc','U'));super.checkEncoding(expected,source);}", "fail": 0}, {"content": "public ColognePhonetic createStringEncoder(){return new ColognePhonetic();}", "fail": 0}, {"content": "public void testCanFail(){this.checkEncoding(\"/\",\"Fehler\");}", "fail": 0}, {"content": "public void testAaclan(){this.checkEncoding(\"0856\",\"Aaclan\");}", "fail": 0}, {"content": "public void testAychlmajrForCodec122(){this.checkEncoding(\"04567\",\"Aychlmajr\");}", "fail": 0}, {"content": "public void testEdgeCases(){final String[][] data={{\"a\",\"0\"},{\"e\",\"0\"},{\"i\",\"0\"},{\"o\",\"0\"},{\"u\",\"0\"},{\"\\u00E4\",\"0\"},{\"\\u00F6\",\"0\"},{\"\\u00FC\",\"0\"},{\"\\u00DF\",\"8\"},{\"aa\",\"0\"},{\"ha\",\"0\"},{\"h\",\"\"},{\"aha\",\"0\"},{\"b\",\"1\"},{\"p\",\"1\"},{\"ph\",\"3\"},{\"f\",\"3\"},{\"v\",\"3\"},{\"w\",\"3\"},{\"g\",\"4\"},{\"k\",\"4\"},{\"q\",\"4\"},{\"x\",\"48\"},{\"ax\",\"048\"},{\"cx\",\"48\"},{\"l\",\"5\"},{\"cl\",\"45\"},{\"acl\",\"085\"},{\"mn\",\"6\"},{\"{mn}\",\"6\"},{\"r\",\"7\"}};this.checkEncodings(data);}", "fail": 0}, {"content": "public void testExamples(){final String[][] data={{\"m\\u00DCller\",\"657\"},{\"m\\u00FCller\",\"657\"},{\"schmidt\",\"862\"},{\"schneider\",\"8627\"},{\"fischer\",\"387\"},{\"weber\",\"317\"},{\"wagner\",\"3467\"},{\"becker\",\"147\"},{\"hoffmann\",\"0366\"},{\"sch\\u00C4fer\",\"837\"},{\"sch\\u00e4fer\",\"837\"},{\"Breschnew\",\"17863\"},{\"Wikipedia\",\"3412\"},{\"peter\",\"127\"},{\"pharma\",\"376\"},{\"m\\u00f6nchengladbach\",\"664645214\"},{\"deutsch\",\"28\"},{\"deutz\",\"28\"},{\"hamburg\",\"06174\"},{\"hannover\",\"0637\"},{\"christstollen\",\"478256\"},{\"Xanthippe\",\"48621\"},{\"Zacharias\",\"8478\"},{\"Holzbau\",\"0581\"},{\"matsch\",\"68\"},{\"matz\",\"68\"},{\"Arbeitsamt\",\"071862\"},{\"Eberhard\",\"01772\"},{\"Eberhardt\",\"01772\"},{\"Celsius\",\"8588\"},{\"Ace\",\"08\"},{\"heithabu\",\"021\"}};this.checkEncodings(data);}", "fail": 0}, {"content": "public void testHyphen(){final String[][] data={{\"bergisch-gladbach\",\"174845214\"},{\"M\\u00fcller-L\\u00fcdenscheidt\",\"65752682\"}};this.checkEncodings(data);}", "fail": 0}, {"content": "public void testIsEncodeEquals(){final String[][] data={{\"Muller\",\"M\\u00fcller\"},{\"Meyer\",\"Mayr\"},{\"house\",\"house\"},{\"House\",\"house\"},{\"Haus\",\"house\"},{\"ganz\",\"Gans\"},{\"ganz\",\"G\\u00e4nse\"},{\"Miyagi\",\"Miyako\"}};for (final String[] element : data) {  final boolean encodeEqual=this.getStringEncoder().isEncodeEqual(element[1],element[0]);  Assert.assertTrue(element[1] + \" != \" + element[0],encodeEqual);}}", "fail": 0}, {"content": "public void testVariationsMella(){final String data[]={\"mella\",\"milah\",\"moulla\",\"mellah\",\"muehle\",\"mule\"};this.checkEncodingVariations(\"65\",data);}", "fail": 0}, {"content": "public void testVariationsMeyer(){final String data[]={\"Meier\",\"Maier\",\"Mair\",\"Meyer\",\"Meyr\",\"Mejer\",\"Major\"};this.checkEncodingVariations(\"67\",data);}", "fail": 0}, {"content": "public void testSpecialCharsBetweenSameLetters(){final String data[]={\"Test test\",\"Testtest\",\"Test-test\",\"TesT#Test\",\"TesT?test\"};this.checkEncodingVariations(\"28282\",data);}", "fail": 0}, {"content": "public void main(String args){ColognePhonetic coder=new ColognePhonetic();for (String arg : args) {  String code=coder.encode(arg);  System.out.println(\"'\" + arg + \"' = '\"+ code+ \"'\");}}", "fail": 0}, {"content": "public void testAaclan(){this.checkEncoding(\"0856\",\"Aaclan\");}", "fail": 1}, {"content": "public boolean hasTestCase(String re){for (String s : TESTSET) {  if (s.matches(re)) {    return true;  }}return false;}", "fail": 0}, {"content": "public void finishTests(){int errors=0;for (String m : MATCHES) {  if (!hasTestCase(m)) {    System.out.println(m + \" has no test case\");    errors++;  }}Assert.assertEquals(\"Not expecting any missing test cases\",0,errors);}", "fail": 0}, {"content": "public void checkEncoding(String expected, String source){TESTSET.add(source.toUpperCase(Locale.GERMAN).replace('\u00c4','A').replace('\u00d6','O').replace('\u00dc','U'));super.checkEncoding(expected,source);}", "fail": 0}, {"content": "public ColognePhonetic createStringEncoder(){return new ColognePhonetic();}", "fail": 0}, {"content": "public void testCanFail(){this.checkEncoding(\"/\",\"Fehler\");}", "fail": 0}, {"content": "public void testAabjoe(){this.checkEncoding(\"01\",\"Aabjoe\");}", "fail": 0}, {"content": "public void testAychlmajrForCodec122(){this.checkEncoding(\"04567\",\"Aychlmajr\");}", "fail": 0}, {"content": "public void testEdgeCases(){final String[][] data={{\"a\",\"0\"},{\"e\",\"0\"},{\"i\",\"0\"},{\"o\",\"0\"},{\"u\",\"0\"},{\"\\u00E4\",\"0\"},{\"\\u00F6\",\"0\"},{\"\\u00FC\",\"0\"},{\"\\u00DF\",\"8\"},{\"aa\",\"0\"},{\"ha\",\"0\"},{\"h\",\"\"},{\"aha\",\"0\"},{\"b\",\"1\"},{\"p\",\"1\"},{\"ph\",\"3\"},{\"f\",\"3\"},{\"v\",\"3\"},{\"w\",\"3\"},{\"g\",\"4\"},{\"k\",\"4\"},{\"q\",\"4\"},{\"x\",\"48\"},{\"ax\",\"048\"},{\"cx\",\"48\"},{\"l\",\"5\"},{\"cl\",\"45\"},{\"acl\",\"085\"},{\"mn\",\"6\"},{\"{mn}\",\"6\"},{\"r\",\"7\"}};this.checkEncodings(data);}", "fail": 0}, {"content": "public void testExamples(){final String[][] data={{\"m\\u00DCller\",\"657\"},{\"m\\u00FCller\",\"657\"},{\"schmidt\",\"862\"},{\"schneider\",\"8627\"},{\"fischer\",\"387\"},{\"weber\",\"317\"},{\"wagner\",\"3467\"},{\"becker\",\"147\"},{\"hoffmann\",\"0366\"},{\"sch\\u00C4fer\",\"837\"},{\"sch\\u00e4fer\",\"837\"},{\"Breschnew\",\"17863\"},{\"Wikipedia\",\"3412\"},{\"peter\",\"127\"},{\"pharma\",\"376\"},{\"m\\u00f6nchengladbach\",\"664645214\"},{\"deutsch\",\"28\"},{\"deutz\",\"28\"},{\"hamburg\",\"06174\"},{\"hannover\",\"0637\"},{\"christstollen\",\"478256\"},{\"Xanthippe\",\"48621\"},{\"Zacharias\",\"8478\"},{\"Holzbau\",\"0581\"},{\"matsch\",\"68\"},{\"matz\",\"68\"},{\"Arbeitsamt\",\"071862\"},{\"Eberhard\",\"01772\"},{\"Eberhardt\",\"01772\"},{\"Celsius\",\"8588\"},{\"Ace\",\"08\"},{\"heithabu\",\"021\"}};this.checkEncodings(data);}", "fail": 0}, {"content": "public void testHyphen(){final String[][] data={{\"bergisch-gladbach\",\"174845214\"},{\"M\\u00fcller-L\\u00fcdenscheidt\",\"65752682\"}};this.checkEncodings(data);}", "fail": 0}, {"content": "public void testIsEncodeEquals(){final String[][] data={{\"Muller\",\"M\\u00fcller\"},{\"Meyer\",\"Mayr\"},{\"house\",\"house\"},{\"House\",\"house\"},{\"Haus\",\"house\"},{\"ganz\",\"Gans\"},{\"ganz\",\"G\\u00e4nse\"},{\"Miyagi\",\"Miyako\"}};for (final String[] element : data) {  final boolean encodeEqual=this.getStringEncoder().isEncodeEqual(element[1],element[0]);  Assert.assertTrue(element[1] + \" != \" + element[0],encodeEqual);}}", "fail": 0}, {"content": "public void testVariationsMella(){final String data[]={\"mella\",\"milah\",\"moulla\",\"mellah\",\"muehle\",\"mule\"};this.checkEncodingVariations(\"65\",data);}", "fail": 0}, {"content": "public void testVariationsMeyer(){final String data[]={\"Meier\",\"Maier\",\"Mair\",\"Meyer\",\"Meyr\",\"Mejer\",\"Major\"};this.checkEncodingVariations(\"67\",data);}", "fail": 0}, {"content": "public void testSpecialCharsBetweenSameLetters(){final String data[]={\"Test test\",\"Testtest\",\"Test-test\",\"TesT#Test\",\"TesT?test\"};this.checkEncodingVariations(\"28282\",data);}", "fail": 0}, {"content": "public void main(String args){ColognePhonetic coder=new ColognePhonetic();for (String arg : args) {  String code=coder.encode(arg);  System.out.println(\"'\" + arg + \"' = '\"+ code+ \"'\");}}", "fail": 0}, {"content": "public void testAychlmajrForCodec122(){this.checkEncoding(\"04567\",\"Aychlmajr\");}", "fail": 1}, {"content": "public boolean hasTestCase(String re){for (String s : TESTSET) {  if (s.matches(re)) {    return true;  }}return false;}", "fail": 0}, {"content": "public void finishTests(){int errors=0;for (String m : MATCHES) {  if (!hasTestCase(m)) {    System.out.println(m + \" has no test case\");    errors++;  }}Assert.assertEquals(\"Not expecting any missing test cases\",0,errors);}", "fail": 0}, {"content": "public void checkEncoding(String expected, String source){TESTSET.add(source.toUpperCase(Locale.GERMAN).replace('\u00c4','A').replace('\u00d6','O').replace('\u00dc','U'));super.checkEncoding(expected,source);}", "fail": 0}, {"content": "public ColognePhonetic createStringEncoder(){return new ColognePhonetic();}", "fail": 0}, {"content": "public void testCanFail(){this.checkEncoding(\"/\",\"Fehler\");}", "fail": 0}, {"content": "public void testAabjoe(){this.checkEncoding(\"01\",\"Aabjoe\");}", "fail": 0}, {"content": "public void testAaclan(){this.checkEncoding(\"0856\",\"Aaclan\");}", "fail": 0}, {"content": "public void testEdgeCases(){final String[][] data={{\"a\",\"0\"},{\"e\",\"0\"},{\"i\",\"0\"},{\"o\",\"0\"},{\"u\",\"0\"},{\"\\u00E4\",\"0\"},{\"\\u00F6\",\"0\"},{\"\\u00FC\",\"0\"},{\"\\u00DF\",\"8\"},{\"aa\",\"0\"},{\"ha\",\"0\"},{\"h\",\"\"},{\"aha\",\"0\"},{\"b\",\"1\"},{\"p\",\"1\"},{\"ph\",\"3\"},{\"f\",\"3\"},{\"v\",\"3\"},{\"w\",\"3\"},{\"g\",\"4\"},{\"k\",\"4\"},{\"q\",\"4\"},{\"x\",\"48\"},{\"ax\",\"048\"},{\"cx\",\"48\"},{\"l\",\"5\"},{\"cl\",\"45\"},{\"acl\",\"085\"},{\"mn\",\"6\"},{\"{mn}\",\"6\"},{\"r\",\"7\"}};this.checkEncodings(data);}", "fail": 0}, {"content": "public void testExamples(){final String[][] data={{\"m\\u00DCller\",\"657\"},{\"m\\u00FCller\",\"657\"},{\"schmidt\",\"862\"},{\"schneider\",\"8627\"},{\"fischer\",\"387\"},{\"weber\",\"317\"},{\"wagner\",\"3467\"},{\"becker\",\"147\"},{\"hoffmann\",\"0366\"},{\"sch\\u00C4fer\",\"837\"},{\"sch\\u00e4fer\",\"837\"},{\"Breschnew\",\"17863\"},{\"Wikipedia\",\"3412\"},{\"peter\",\"127\"},{\"pharma\",\"376\"},{\"m\\u00f6nchengladbach\",\"664645214\"},{\"deutsch\",\"28\"},{\"deutz\",\"28\"},{\"hamburg\",\"06174\"},{\"hannover\",\"0637\"},{\"christstollen\",\"478256\"},{\"Xanthippe\",\"48621\"},{\"Zacharias\",\"8478\"},{\"Holzbau\",\"0581\"},{\"matsch\",\"68\"},{\"matz\",\"68\"},{\"Arbeitsamt\",\"071862\"},{\"Eberhard\",\"01772\"},{\"Eberhardt\",\"01772\"},{\"Celsius\",\"8588\"},{\"Ace\",\"08\"},{\"heithabu\",\"021\"}};this.checkEncodings(data);}", "fail": 0}, {"content": "public void testHyphen(){final String[][] data={{\"bergisch-gladbach\",\"174845214\"},{\"M\\u00fcller-L\\u00fcdenscheidt\",\"65752682\"}};this.checkEncodings(data);}", "fail": 0}, {"content": "public void testIsEncodeEquals(){final String[][] data={{\"Muller\",\"M\\u00fcller\"},{\"Meyer\",\"Mayr\"},{\"house\",\"house\"},{\"House\",\"house\"},{\"Haus\",\"house\"},{\"ganz\",\"Gans\"},{\"ganz\",\"G\\u00e4nse\"},{\"Miyagi\",\"Miyako\"}};for (final String[] element : data) {  final boolean encodeEqual=this.getStringEncoder().isEncodeEqual(element[1],element[0]);  Assert.assertTrue(element[1] + \" != \" + element[0],encodeEqual);}}", "fail": 0}, {"content": "public void testVariationsMella(){final String data[]={\"mella\",\"milah\",\"moulla\",\"mellah\",\"muehle\",\"mule\"};this.checkEncodingVariations(\"65\",data);}", "fail": 0}, {"content": "public void testVariationsMeyer(){final String data[]={\"Meier\",\"Maier\",\"Mair\",\"Meyer\",\"Meyr\",\"Mejer\",\"Major\"};this.checkEncodingVariations(\"67\",data);}", "fail": 0}, {"content": "public void testSpecialCharsBetweenSameLetters(){final String data[]={\"Test test\",\"Testtest\",\"Test-test\",\"TesT#Test\",\"TesT?test\"};this.checkEncodingVariations(\"28282\",data);}", "fail": 0}, {"content": "public void main(String args){ColognePhonetic coder=new ColognePhonetic();for (String arg : args) {  String code=coder.encode(arg);  System.out.println(\"'\" + arg + \"' = '\"+ code+ \"'\");}}", "fail": 0}, {"content": "public void testCanFail(){this.checkEncoding(\"/\",\"Fehler\");}", "fail": 1}, {"content": "public boolean hasTestCase(String re){for (String s : TESTSET) {  if (s.matches(re)) {    return true;  }}return false;}", "fail": 0}, {"content": "public void finishTests(){int errors=0;for (String m : MATCHES) {  if (!hasTestCase(m)) {    System.out.println(m + \" has no test case\");    errors++;  }}Assert.assertEquals(\"Not expecting any missing test cases\",0,errors);}", "fail": 0}, {"content": "public void checkEncoding(String expected, String source){TESTSET.add(source.toUpperCase(Locale.GERMAN).replace('\u00c4','A').replace('\u00d6','O').replace('\u00dc','U'));super.checkEncoding(expected,source);}", "fail": 0}, {"content": "public ColognePhonetic createStringEncoder(){return new ColognePhonetic();}", "fail": 0}, {"content": "public void testAabjoe(){this.checkEncoding(\"01\",\"Aabjoe\");}", "fail": 0}, {"content": "public void testAaclan(){this.checkEncoding(\"0856\",\"Aaclan\");}", "fail": 0}, {"content": "public void testAychlmajrForCodec122(){this.checkEncoding(\"04567\",\"Aychlmajr\");}", "fail": 0}, {"content": "public void testEdgeCases(){final String[][] data={{\"a\",\"0\"},{\"e\",\"0\"},{\"i\",\"0\"},{\"o\",\"0\"},{\"u\",\"0\"},{\"\\u00E4\",\"0\"},{\"\\u00F6\",\"0\"},{\"\\u00FC\",\"0\"},{\"\\u00DF\",\"8\"},{\"aa\",\"0\"},{\"ha\",\"0\"},{\"h\",\"\"},{\"aha\",\"0\"},{\"b\",\"1\"},{\"p\",\"1\"},{\"ph\",\"3\"},{\"f\",\"3\"},{\"v\",\"3\"},{\"w\",\"3\"},{\"g\",\"4\"},{\"k\",\"4\"},{\"q\",\"4\"},{\"x\",\"48\"},{\"ax\",\"048\"},{\"cx\",\"48\"},{\"l\",\"5\"},{\"cl\",\"45\"},{\"acl\",\"085\"},{\"mn\",\"6\"},{\"{mn}\",\"6\"},{\"r\",\"7\"}};this.checkEncodings(data);}", "fail": 0}, {"content": "public void testExamples(){final String[][] data={{\"m\\u00DCller\",\"657\"},{\"m\\u00FCller\",\"657\"},{\"schmidt\",\"862\"},{\"schneider\",\"8627\"},{\"fischer\",\"387\"},{\"weber\",\"317\"},{\"wagner\",\"3467\"},{\"becker\",\"147\"},{\"hoffmann\",\"0366\"},{\"sch\\u00C4fer\",\"837\"},{\"sch\\u00e4fer\",\"837\"},{\"Breschnew\",\"17863\"},{\"Wikipedia\",\"3412\"},{\"peter\",\"127\"},{\"pharma\",\"376\"},{\"m\\u00f6nchengladbach\",\"664645214\"},{\"deutsch\",\"28\"},{\"deutz\",\"28\"},{\"hamburg\",\"06174\"},{\"hannover\",\"0637\"},{\"christstollen\",\"478256\"},{\"Xanthippe\",\"48621\"},{\"Zacharias\",\"8478\"},{\"Holzbau\",\"0581\"},{\"matsch\",\"68\"},{\"matz\",\"68\"},{\"Arbeitsamt\",\"071862\"},{\"Eberhard\",\"01772\"},{\"Eberhardt\",\"01772\"},{\"Celsius\",\"8588\"},{\"Ace\",\"08\"},{\"heithabu\",\"021\"}};this.checkEncodings(data);}", "fail": 0}, {"content": "public void testHyphen(){final String[][] data={{\"bergisch-gladbach\",\"174845214\"},{\"M\\u00fcller-L\\u00fcdenscheidt\",\"65752682\"}};this.checkEncodings(data);}", "fail": 0}, {"content": "public void testIsEncodeEquals(){final String[][] data={{\"Muller\",\"M\\u00fcller\"},{\"Meyer\",\"Mayr\"},{\"house\",\"house\"},{\"House\",\"house\"},{\"Haus\",\"house\"},{\"ganz\",\"Gans\"},{\"ganz\",\"G\\u00e4nse\"},{\"Miyagi\",\"Miyako\"}};for (final String[] element : data) {  final boolean encodeEqual=this.getStringEncoder().isEncodeEqual(element[1],element[0]);  Assert.assertTrue(element[1] + \" != \" + element[0],encodeEqual);}}", "fail": 0}, {"content": "public void testVariationsMella(){final String data[]={\"mella\",\"milah\",\"moulla\",\"mellah\",\"muehle\",\"mule\"};this.checkEncodingVariations(\"65\",data);}", "fail": 0}, {"content": "public void testVariationsMeyer(){final String data[]={\"Meier\",\"Maier\",\"Mair\",\"Meyer\",\"Meyr\",\"Mejer\",\"Major\"};this.checkEncodingVariations(\"67\",data);}", "fail": 0}, {"content": "public void testSpecialCharsBetweenSameLetters(){final String data[]={\"Test test\",\"Testtest\",\"Test-test\",\"TesT#Test\",\"TesT?test\"};this.checkEncodingVariations(\"28282\",data);}", "fail": 0}, {"content": "public void main(String args){ColognePhonetic coder=new ColognePhonetic();for (String arg : args) {  String code=coder.encode(arg);  System.out.println(\"'\" + arg + \"' = '\"+ code+ \"'\");}}", "fail": 0}, {"content": "public void testEdgeCases(){final String[][] data={{\"a\",\"0\"},{\"e\",\"0\"},{\"i\",\"0\"},{\"o\",\"0\"},{\"u\",\"0\"},{\"\\u00E4\",\"0\"},{\"\\u00F6\",\"0\"},{\"\\u00FC\",\"0\"},{\"\\u00DF\",\"8\"},{\"aa\",\"0\"},{\"ha\",\"0\"},{\"h\",\"\"},{\"aha\",\"0\"},{\"b\",\"1\"},{\"p\",\"1\"},{\"ph\",\"3\"},{\"f\",\"3\"},{\"v\",\"3\"},{\"w\",\"3\"},{\"g\",\"4\"},{\"k\",\"4\"},{\"q\",\"4\"},{\"x\",\"48\"},{\"ax\",\"048\"},{\"cx\",\"48\"},{\"l\",\"5\"},{\"cl\",\"45\"},{\"acl\",\"085\"},{\"mn\",\"6\"},{\"{mn}\",\"6\"},{\"r\",\"7\"}};this.checkEncodings(data);}", "fail": 1}, {"content": "public boolean hasTestCase(String re){for (String s : TESTSET) {  if (s.matches(re)) {    return true;  }}return false;}", "fail": 0}, {"content": "public void finishTests(){int errors=0;for (String m : MATCHES) {  if (!hasTestCase(m)) {    System.out.println(m + \" has no test case\");    errors++;  }}Assert.assertEquals(\"Not expecting any missing test cases\",0,errors);}", "fail": 0}, {"content": "public void checkEncoding(String expected, String source){TESTSET.add(source.toUpperCase(Locale.GERMAN).replace('\u00c4','A').replace('\u00d6','O').replace('\u00dc','U'));super.checkEncoding(expected,source);}", "fail": 0}, {"content": "public ColognePhonetic createStringEncoder(){return new ColognePhonetic();}", "fail": 0}, {"content": "public void testCanFail(){this.checkEncoding(\"/\",\"Fehler\");}", "fail": 0}, {"content": "public void testAabjoe(){this.checkEncoding(\"01\",\"Aabjoe\");}", "fail": 0}, {"content": "public void testAaclan(){this.checkEncoding(\"0856\",\"Aaclan\");}", "fail": 0}, {"content": "public void testAychlmajrForCodec122(){this.checkEncoding(\"04567\",\"Aychlmajr\");}", "fail": 0}, {"content": "public void testExamples(){final String[][] data={{\"m\\u00DCller\",\"657\"},{\"m\\u00FCller\",\"657\"},{\"schmidt\",\"862\"},{\"schneider\",\"8627\"},{\"fischer\",\"387\"},{\"weber\",\"317\"},{\"wagner\",\"3467\"},{\"becker\",\"147\"},{\"hoffmann\",\"0366\"},{\"sch\\u00C4fer\",\"837\"},{\"sch\\u00e4fer\",\"837\"},{\"Breschnew\",\"17863\"},{\"Wikipedia\",\"3412\"},{\"peter\",\"127\"},{\"pharma\",\"376\"},{\"m\\u00f6nchengladbach\",\"664645214\"},{\"deutsch\",\"28\"},{\"deutz\",\"28\"},{\"hamburg\",\"06174\"},{\"hannover\",\"0637\"},{\"christstollen\",\"478256\"},{\"Xanthippe\",\"48621\"},{\"Zacharias\",\"8478\"},{\"Holzbau\",\"0581\"},{\"matsch\",\"68\"},{\"matz\",\"68\"},{\"Arbeitsamt\",\"071862\"},{\"Eberhard\",\"01772\"},{\"Eberhardt\",\"01772\"},{\"Celsius\",\"8588\"},{\"Ace\",\"08\"},{\"heithabu\",\"021\"}};this.checkEncodings(data);}", "fail": 0}, {"content": "public void testHyphen(){final String[][] data={{\"bergisch-gladbach\",\"174845214\"},{\"M\\u00fcller-L\\u00fcdenscheidt\",\"65752682\"}};this.checkEncodings(data);}", "fail": 0}, {"content": "public void testIsEncodeEquals(){final String[][] data={{\"Muller\",\"M\\u00fcller\"},{\"Meyer\",\"Mayr\"},{\"house\",\"house\"},{\"House\",\"house\"},{\"Haus\",\"house\"},{\"ganz\",\"Gans\"},{\"ganz\",\"G\\u00e4nse\"},{\"Miyagi\",\"Miyako\"}};for (final String[] element : data) {  final boolean encodeEqual=this.getStringEncoder().isEncodeEqual(element[1],element[0]);  Assert.assertTrue(element[1] + \" != \" + element[0],encodeEqual);}}", "fail": 0}, {"content": "public void testVariationsMella(){final String data[]={\"mella\",\"milah\",\"moulla\",\"mellah\",\"muehle\",\"mule\"};this.checkEncodingVariations(\"65\",data);}", "fail": 0}, {"content": "public void testVariationsMeyer(){final String data[]={\"Meier\",\"Maier\",\"Mair\",\"Meyer\",\"Meyr\",\"Mejer\",\"Major\"};this.checkEncodingVariations(\"67\",data);}", "fail": 0}, {"content": "public void testSpecialCharsBetweenSameLetters(){final String data[]={\"Test test\",\"Testtest\",\"Test-test\",\"TesT#Test\",\"TesT?test\"};this.checkEncodingVariations(\"28282\",data);}", "fail": 0}, {"content": "public void main(String args){ColognePhonetic coder=new ColognePhonetic();for (String arg : args) {  String code=coder.encode(arg);  System.out.println(\"'\" + arg + \"' = '\"+ code+ \"'\");}}", "fail": 0}, {"content": "public boolean hasTestCase(String re){for (String s : TESTSET) {  if (s.matches(re)) {    return true;  }}return false;}", "fail": 0}, {"content": "public void finishTests(){int errors=0;for (String m : MATCHES) {  if (!hasTestCase(m)) {    System.out.println(m + \" has no test case\");    errors++;  }}Assert.assertEquals(\"Not expecting any missing test cases\",0,errors);}", "fail": 0}, {"content": "public void checkEncoding(String expected, String source){TESTSET.add(source.toUpperCase(Locale.GERMAN).replace('\u00c4','A').replace('\u00d6','O').replace('\u00dc','U'));super.checkEncoding(expected,source);}", "fail": 0}, {"content": "public ColognePhonetic createStringEncoder(){return new ColognePhonetic();}", "fail": 0}, {"content": "public void testCanFail(){this.checkEncoding(\"/\",\"Fehler\");}", "fail": 0}, {"content": "public void testAabjoe(){this.checkEncoding(\"01\",\"Aabjoe\");}", "fail": 0}, {"content": "public void testAaclan(){this.checkEncoding(\"0856\",\"Aaclan\");}", "fail": 0}, {"content": "public void testAychlmajrForCodec122(){this.checkEncoding(\"04567\",\"Aychlmajr\");}", "fail": 0}, {"content": "public void testEdgeCases(){final String[][] data={{\"a\",\"0\"},{\"e\",\"0\"},{\"i\",\"0\"},{\"o\",\"0\"},{\"u\",\"0\"},{\"\\u00E4\",\"0\"},{\"\\u00F6\",\"0\"},{\"\\u00FC\",\"0\"},{\"\\u00DF\",\"8\"},{\"aa\",\"0\"},{\"ha\",\"0\"},{\"h\",\"\"},{\"aha\",\"0\"},{\"b\",\"1\"},{\"p\",\"1\"},{\"ph\",\"3\"},{\"f\",\"3\"},{\"v\",\"3\"},{\"w\",\"3\"},{\"g\",\"4\"},{\"k\",\"4\"},{\"q\",\"4\"},{\"x\",\"48\"},{\"ax\",\"048\"},{\"cx\",\"48\"},{\"l\",\"5\"},{\"cl\",\"45\"},{\"acl\",\"085\"},{\"mn\",\"6\"},{\"{mn}\",\"6\"},{\"r\",\"7\"}};this.checkEncodings(data);}", "fail": 0}, {"content": "public void testExamples(){final String[][] data={{\"m\\u00DCller\",\"657\"},{\"m\\u00FCller\",\"657\"},{\"schmidt\",\"862\"},{\"schneider\",\"8627\"},{\"fischer\",\"387\"},{\"weber\",\"317\"},{\"wagner\",\"3467\"},{\"becker\",\"147\"},{\"hoffmann\",\"0366\"},{\"sch\\u00C4fer\",\"837\"},{\"sch\\u00e4fer\",\"837\"},{\"Breschnew\",\"17863\"},{\"Wikipedia\",\"3412\"},{\"peter\",\"127\"},{\"pharma\",\"376\"},{\"m\\u00f6nchengladbach\",\"664645214\"},{\"deutsch\",\"28\"},{\"deutz\",\"28\"},{\"hamburg\",\"06174\"},{\"hannover\",\"0637\"},{\"christstollen\",\"478256\"},{\"Xanthippe\",\"48621\"},{\"Zacharias\",\"8478\"},{\"Holzbau\",\"0581\"},{\"matsch\",\"68\"},{\"matz\",\"68\"},{\"Arbeitsamt\",\"071862\"},{\"Eberhard\",\"01772\"},{\"Eberhardt\",\"01772\"},{\"Celsius\",\"8588\"},{\"Ace\",\"08\"},{\"heithabu\",\"021\"}};this.checkEncodings(data);}", "fail": 0}, {"content": "public void testHyphen(){final String[][] data={{\"bergisch-gladbach\",\"174845214\"},{\"M\\u00fcller-L\\u00fcdenscheidt\",\"65752682\"}};this.checkEncodings(data);}", "fail": 0}, {"content": "public void testIsEncodeEquals(){final String[][] data={{\"Muller\",\"M\\u00fcller\"},{\"Meyer\",\"Mayr\"},{\"house\",\"house\"},{\"House\",\"house\"},{\"Haus\",\"house\"},{\"ganz\",\"Gans\"},{\"ganz\",\"G\\u00e4nse\"},{\"Miyagi\",\"Miyako\"}};for (final String[] element : data) {  final boolean encodeEqual=this.getStringEncoder().isEncodeEqual(element[1],element[0]);  Assert.assertTrue(element[1] + \" != \" + element[0],encodeEqual);}}", "fail": 0}, {"content": "public void testVariationsMella(){final String data[]={\"mella\",\"milah\",\"moulla\",\"mellah\",\"muehle\",\"mule\"};this.checkEncodingVariations(\"65\",data);}", "fail": 0}, {"content": "public void testVariationsMeyer(){final String data[]={\"Meier\",\"Maier\",\"Mair\",\"Meyer\",\"Meyr\",\"Mejer\",\"Major\"};this.checkEncodingVariations(\"67\",data);}", "fail": 0}, {"content": "public void testSpecialCharsBetweenSameLetters(){final String data[]={\"Test test\",\"Testtest\",\"Test-test\",\"TesT#Test\",\"TesT?test\"};this.checkEncodingVariations(\"28282\",data);}", "fail": 0}, {"content": "public void main(String args){ColognePhonetic coder=new ColognePhonetic();for (String arg : args) {  String code=coder.encode(arg);  System.out.println(\"'\" + arg + \"' = '\"+ code+ \"'\");}}", "fail": 0}, {"content": "public boolean hasTestCase(String re){for (String s : TESTSET) {  if (s.matches(re)) {    return true;  }}return false;}", "fail": 0}, {"content": "public void finishTests(){int errors=0;for (String m : MATCHES) {  if (!hasTestCase(m)) {    System.out.println(m + \" has no test case\");    errors++;  }}Assert.assertEquals(\"Not expecting any missing test cases\",0,errors);}", "fail": 0}, {"content": "public void checkEncoding(String expected, String source){TESTSET.add(source.toUpperCase(Locale.GERMAN).replace('\u00c4','A').replace('\u00d6','O').replace('\u00dc','U'));super.checkEncoding(expected,source);}", "fail": 0}, {"content": "public ColognePhonetic createStringEncoder(){return new ColognePhonetic();}", "fail": 0}, {"content": "public void testCanFail(){this.checkEncoding(\"/\",\"Fehler\");}", "fail": 0}, {"content": "public void testAabjoe(){this.checkEncoding(\"01\",\"Aabjoe\");}", "fail": 0}, {"content": "public void testAaclan(){this.checkEncoding(\"0856\",\"Aaclan\");}", "fail": 0}, {"content": "public void testAychlmajrForCodec122(){this.checkEncoding(\"04567\",\"Aychlmajr\");}", "fail": 0}, {"content": "public void testEdgeCases(){final String[][] data={{\"a\",\"0\"},{\"e\",\"0\"},{\"i\",\"0\"},{\"o\",\"0\"},{\"u\",\"0\"},{\"\\u00E4\",\"0\"},{\"\\u00F6\",\"0\"},{\"\\u00FC\",\"0\"},{\"\\u00DF\",\"8\"},{\"aa\",\"0\"},{\"ha\",\"0\"},{\"h\",\"\"},{\"aha\",\"0\"},{\"b\",\"1\"},{\"p\",\"1\"},{\"ph\",\"3\"},{\"f\",\"3\"},{\"v\",\"3\"},{\"w\",\"3\"},{\"g\",\"4\"},{\"k\",\"4\"},{\"q\",\"4\"},{\"x\",\"48\"},{\"ax\",\"048\"},{\"cx\",\"48\"},{\"l\",\"5\"},{\"cl\",\"45\"},{\"acl\",\"085\"},{\"mn\",\"6\"},{\"{mn}\",\"6\"},{\"r\",\"7\"}};this.checkEncodings(data);}", "fail": 0}, {"content": "public void testExamples(){final String[][] data={{\"m\\u00DCller\",\"657\"},{\"m\\u00FCller\",\"657\"},{\"schmidt\",\"862\"},{\"schneider\",\"8627\"},{\"fischer\",\"387\"},{\"weber\",\"317\"},{\"wagner\",\"3467\"},{\"becker\",\"147\"},{\"hoffmann\",\"0366\"},{\"sch\\u00C4fer\",\"837\"},{\"sch\\u00e4fer\",\"837\"},{\"Breschnew\",\"17863\"},{\"Wikipedia\",\"3412\"},{\"peter\",\"127\"},{\"pharma\",\"376\"},{\"m\\u00f6nchengladbach\",\"664645214\"},{\"deutsch\",\"28\"},{\"deutz\",\"28\"},{\"hamburg\",\"06174\"},{\"hannover\",\"0637\"},{\"christstollen\",\"478256\"},{\"Xanthippe\",\"48621\"},{\"Zacharias\",\"8478\"},{\"Holzbau\",\"0581\"},{\"matsch\",\"68\"},{\"matz\",\"68\"},{\"Arbeitsamt\",\"071862\"},{\"Eberhard\",\"01772\"},{\"Eberhardt\",\"01772\"},{\"Celsius\",\"8588\"},{\"Ace\",\"08\"},{\"heithabu\",\"021\"}};this.checkEncodings(data);}", "fail": 0}, {"content": "public void testHyphen(){final String[][] data={{\"bergisch-gladbach\",\"174845214\"},{\"M\\u00fcller-L\\u00fcdenscheidt\",\"65752682\"}};this.checkEncodings(data);}", "fail": 0}, {"content": "public void testIsEncodeEquals(){final String[][] data={{\"Muller\",\"M\\u00fcller\"},{\"Meyer\",\"Mayr\"},{\"house\",\"house\"},{\"House\",\"house\"},{\"Haus\",\"house\"},{\"ganz\",\"Gans\"},{\"ganz\",\"G\\u00e4nse\"},{\"Miyagi\",\"Miyako\"}};for (final String[] element : data) {  final boolean encodeEqual=this.getStringEncoder().isEncodeEqual(element[1],element[0]);  Assert.assertTrue(element[1] + \" != \" + element[0],encodeEqual);}}", "fail": 0}, {"content": "public void testVariationsMella(){final String data[]={\"mella\",\"milah\",\"moulla\",\"mellah\",\"muehle\",\"mule\"};this.checkEncodingVariations(\"65\",data);}", "fail": 0}, {"content": "public void testVariationsMeyer(){final String data[]={\"Meier\",\"Maier\",\"Mair\",\"Meyer\",\"Meyr\",\"Mejer\",\"Major\"};this.checkEncodingVariations(\"67\",data);}", "fail": 0}, {"content": "public void testSpecialCharsBetweenSameLetters(){final String data[]={\"Test test\",\"Testtest\",\"Test-test\",\"TesT#Test\",\"TesT?test\"};this.checkEncodingVariations(\"28282\",data);}", "fail": 0}, {"content": "public void main(String args){ColognePhonetic coder=new ColognePhonetic();for (String arg : args) {  String code=coder.encode(arg);  System.out.println(\"'\" + arg + \"' = '\"+ code+ \"'\");}}", "fail": 0}, {"content": "public boolean hasTestCase(String re){for (String s : TESTSET) {  if (s.matches(re)) {    return true;  }}return false;}", "fail": 0}, {"content": "public void finishTests(){int errors=0;for (String m : MATCHES) {  if (!hasTestCase(m)) {    System.out.println(m + \" has no test case\");    errors++;  }}Assert.assertEquals(\"Not expecting any missing test cases\",0,errors);}", "fail": 0}, {"content": "public void checkEncoding(String expected, String source){TESTSET.add(source.toUpperCase(Locale.GERMAN).replace('\u00c4','A').replace('\u00d6','O').replace('\u00dc','U'));super.checkEncoding(expected,source);}", "fail": 0}, {"content": "public ColognePhonetic createStringEncoder(){return new ColognePhonetic();}", "fail": 0}, {"content": "public void testCanFail(){this.checkEncoding(\"/\",\"Fehler\");}", "fail": 0}, {"content": "public void testAabjoe(){this.checkEncoding(\"01\",\"Aabjoe\");}", "fail": 0}, {"content": "public void testAaclan(){this.checkEncoding(\"0856\",\"Aaclan\");}", "fail": 0}, {"content": "public void testAychlmajrForCodec122(){this.checkEncoding(\"04567\",\"Aychlmajr\");}", "fail": 0}, {"content": "public void testEdgeCases(){final String[][] data={{\"a\",\"0\"},{\"e\",\"0\"},{\"i\",\"0\"},{\"o\",\"0\"},{\"u\",\"0\"},{\"\\u00E4\",\"0\"},{\"\\u00F6\",\"0\"},{\"\\u00FC\",\"0\"},{\"\\u00DF\",\"8\"},{\"aa\",\"0\"},{\"ha\",\"0\"},{\"h\",\"\"},{\"aha\",\"0\"},{\"b\",\"1\"},{\"p\",\"1\"},{\"ph\",\"3\"},{\"f\",\"3\"},{\"v\",\"3\"},{\"w\",\"3\"},{\"g\",\"4\"},{\"k\",\"4\"},{\"q\",\"4\"},{\"x\",\"48\"},{\"ax\",\"048\"},{\"cx\",\"48\"},{\"l\",\"5\"},{\"cl\",\"45\"},{\"acl\",\"085\"},{\"mn\",\"6\"},{\"{mn}\",\"6\"},{\"r\",\"7\"}};this.checkEncodings(data);}", "fail": 0}, {"content": "public void testExamples(){final String[][] data={{\"m\\u00DCller\",\"657\"},{\"m\\u00FCller\",\"657\"},{\"schmidt\",\"862\"},{\"schneider\",\"8627\"},{\"fischer\",\"387\"},{\"weber\",\"317\"},{\"wagner\",\"3467\"},{\"becker\",\"147\"},{\"hoffmann\",\"0366\"},{\"sch\\u00C4fer\",\"837\"},{\"sch\\u00e4fer\",\"837\"},{\"Breschnew\",\"17863\"},{\"Wikipedia\",\"3412\"},{\"peter\",\"127\"},{\"pharma\",\"376\"},{\"m\\u00f6nchengladbach\",\"664645214\"},{\"deutsch\",\"28\"},{\"deutz\",\"28\"},{\"hamburg\",\"06174\"},{\"hannover\",\"0637\"},{\"christstollen\",\"478256\"},{\"Xanthippe\",\"48621\"},{\"Zacharias\",\"8478\"},{\"Holzbau\",\"0581\"},{\"matsch\",\"68\"},{\"matz\",\"68\"},{\"Arbeitsamt\",\"071862\"},{\"Eberhard\",\"01772\"},{\"Eberhardt\",\"01772\"},{\"Celsius\",\"8588\"},{\"Ace\",\"08\"},{\"heithabu\",\"021\"}};this.checkEncodings(data);}", "fail": 0}, {"content": "public void testHyphen(){final String[][] data={{\"bergisch-gladbach\",\"174845214\"},{\"M\\u00fcller-L\\u00fcdenscheidt\",\"65752682\"}};this.checkEncodings(data);}", "fail": 0}, {"content": "public void testIsEncodeEquals(){final String[][] data={{\"Muller\",\"M\\u00fcller\"},{\"Meyer\",\"Mayr\"},{\"house\",\"house\"},{\"House\",\"house\"},{\"Haus\",\"house\"},{\"ganz\",\"Gans\"},{\"ganz\",\"G\\u00e4nse\"},{\"Miyagi\",\"Miyako\"}};for (final String[] element : data) {  final boolean encodeEqual=this.getStringEncoder().isEncodeEqual(element[1],element[0]);  Assert.assertTrue(element[1] + \" != \" + element[0],encodeEqual);}}", "fail": 0}, {"content": "public void testVariationsMella(){final String data[]={\"mella\",\"milah\",\"moulla\",\"mellah\",\"muehle\",\"mule\"};this.checkEncodingVariations(\"65\",data);}", "fail": 0}, {"content": "public void testVariationsMeyer(){final String data[]={\"Meier\",\"Maier\",\"Mair\",\"Meyer\",\"Meyr\",\"Mejer\",\"Major\"};this.checkEncodingVariations(\"67\",data);}", "fail": 0}, {"content": "public void testSpecialCharsBetweenSameLetters(){final String data[]={\"Test test\",\"Testtest\",\"Test-test\",\"TesT#Test\",\"TesT?test\"};this.checkEncodingVariations(\"28282\",data);}", "fail": 0}, {"content": "public void main(String args){ColognePhonetic coder=new ColognePhonetic();for (String arg : args) {  String code=coder.encode(arg);  System.out.println(\"'\" + arg + \"' = '\"+ code+ \"'\");}}", "fail": 0}, {"content": "public void testExamples(){final String[][] data={{\"m\\u00DCller\",\"657\"},{\"m\\u00FCller\",\"657\"},{\"schmidt\",\"862\"},{\"schneider\",\"8627\"},{\"fischer\",\"387\"},{\"weber\",\"317\"},{\"wagner\",\"3467\"},{\"becker\",\"147\"},{\"hoffmann\",\"0366\"},{\"sch\\u00C4fer\",\"837\"},{\"sch\\u00e4fer\",\"837\"},{\"Breschnew\",\"17863\"},{\"Wikipedia\",\"3412\"},{\"peter\",\"127\"},{\"pharma\",\"376\"},{\"m\\u00f6nchengladbach\",\"664645214\"},{\"deutsch\",\"28\"},{\"deutz\",\"28\"},{\"hamburg\",\"06174\"},{\"hannover\",\"0637\"},{\"christstollen\",\"478256\"},{\"Xanthippe\",\"48621\"},{\"Zacharias\",\"8478\"},{\"Holzbau\",\"0581\"},{\"matsch\",\"68\"},{\"matz\",\"68\"},{\"Arbeitsamt\",\"071862\"},{\"Eberhard\",\"01772\"},{\"Eberhardt\",\"01772\"},{\"Celsius\",\"8588\"},{\"Ace\",\"08\"},{\"heithabu\",\"021\"}};this.checkEncodings(data);}", "fail": 1}, {"content": "public boolean hasTestCase(String re){for (String s : TESTSET) {  if (s.matches(re)) {    return true;  }}return false;}", "fail": 0}, {"content": "public void finishTests(){int errors=0;for (String m : MATCHES) {  if (!hasTestCase(m)) {    System.out.println(m + \" has no test case\");    errors++;  }}Assert.assertEquals(\"Not expecting any missing test cases\",0,errors);}", "fail": 0}, {"content": "public void checkEncoding(String expected, String source){TESTSET.add(source.toUpperCase(Locale.GERMAN).replace('\u00c4','A').replace('\u00d6','O').replace('\u00dc','U'));super.checkEncoding(expected,source);}", "fail": 0}, {"content": "public ColognePhonetic createStringEncoder(){return new ColognePhonetic();}", "fail": 0}, {"content": "public void testCanFail(){this.checkEncoding(\"/\",\"Fehler\");}", "fail": 0}, {"content": "public void testAabjoe(){this.checkEncoding(\"01\",\"Aabjoe\");}", "fail": 0}, {"content": "public void testAaclan(){this.checkEncoding(\"0856\",\"Aaclan\");}", "fail": 0}, {"content": "public void testAychlmajrForCodec122(){this.checkEncoding(\"04567\",\"Aychlmajr\");}", "fail": 0}, {"content": "public void testEdgeCases(){final String[][] data={{\"a\",\"0\"},{\"e\",\"0\"},{\"i\",\"0\"},{\"o\",\"0\"},{\"u\",\"0\"},{\"\\u00E4\",\"0\"},{\"\\u00F6\",\"0\"},{\"\\u00FC\",\"0\"},{\"\\u00DF\",\"8\"},{\"aa\",\"0\"},{\"ha\",\"0\"},{\"h\",\"\"},{\"aha\",\"0\"},{\"b\",\"1\"},{\"p\",\"1\"},{\"ph\",\"3\"},{\"f\",\"3\"},{\"v\",\"3\"},{\"w\",\"3\"},{\"g\",\"4\"},{\"k\",\"4\"},{\"q\",\"4\"},{\"x\",\"48\"},{\"ax\",\"048\"},{\"cx\",\"48\"},{\"l\",\"5\"},{\"cl\",\"45\"},{\"acl\",\"085\"},{\"mn\",\"6\"},{\"{mn}\",\"6\"},{\"r\",\"7\"}};this.checkEncodings(data);}", "fail": 0}, {"content": "public void testHyphen(){final String[][] data={{\"bergisch-gladbach\",\"174845214\"},{\"M\\u00fcller-L\\u00fcdenscheidt\",\"65752682\"}};this.checkEncodings(data);}", "fail": 0}, {"content": "public void testIsEncodeEquals(){final String[][] data={{\"Muller\",\"M\\u00fcller\"},{\"Meyer\",\"Mayr\"},{\"house\",\"house\"},{\"House\",\"house\"},{\"Haus\",\"house\"},{\"ganz\",\"Gans\"},{\"ganz\",\"G\\u00e4nse\"},{\"Miyagi\",\"Miyako\"}};for (final String[] element : data) {  final boolean encodeEqual=this.getStringEncoder().isEncodeEqual(element[1],element[0]);  Assert.assertTrue(element[1] + \" != \" + element[0],encodeEqual);}}", "fail": 0}, {"content": "public void testVariationsMella(){final String data[]={\"mella\",\"milah\",\"moulla\",\"mellah\",\"muehle\",\"mule\"};this.checkEncodingVariations(\"65\",data);}", "fail": 0}, {"content": "public void testVariationsMeyer(){final String data[]={\"Meier\",\"Maier\",\"Mair\",\"Meyer\",\"Meyr\",\"Mejer\",\"Major\"};this.checkEncodingVariations(\"67\",data);}", "fail": 0}, {"content": "public void testSpecialCharsBetweenSameLetters(){final String data[]={\"Test test\",\"Testtest\",\"Test-test\",\"TesT#Test\",\"TesT?test\"};this.checkEncodingVariations(\"28282\",data);}", "fail": 0}, {"content": "public void main(String args){ColognePhonetic coder=new ColognePhonetic();for (String arg : args) {  String code=coder.encode(arg);  System.out.println(\"'\" + arg + \"' = '\"+ code+ \"'\");}}", "fail": 0}, {"content": "public void testHyphen(){final String[][] data={{\"bergisch-gladbach\",\"174845214\"},{\"M\\u00fcller-L\\u00fcdenscheidt\",\"65752682\"}};this.checkEncodings(data);}", "fail": 1}, {"content": "public boolean hasTestCase(String re){for (String s : TESTSET) {  if (s.matches(re)) {    return true;  }}return false;}", "fail": 0}, {"content": "public void finishTests(){int errors=0;for (String m : MATCHES) {  if (!hasTestCase(m)) {    System.out.println(m + \" has no test case\");    errors++;  }}Assert.assertEquals(\"Not expecting any missing test cases\",0,errors);}", "fail": 0}, {"content": "public void checkEncoding(String expected, String source){TESTSET.add(source.toUpperCase(Locale.GERMAN).replace('\u00c4','A').replace('\u00d6','O').replace('\u00dc','U'));super.checkEncoding(expected,source);}", "fail": 0}, {"content": "public ColognePhonetic createStringEncoder(){return new ColognePhonetic();}", "fail": 0}, {"content": "public void testCanFail(){this.checkEncoding(\"/\",\"Fehler\");}", "fail": 0}, {"content": "public void testAabjoe(){this.checkEncoding(\"01\",\"Aabjoe\");}", "fail": 0}, {"content": "public void testAaclan(){this.checkEncoding(\"0856\",\"Aaclan\");}", "fail": 0}, {"content": "public void testAychlmajrForCodec122(){this.checkEncoding(\"04567\",\"Aychlmajr\");}", "fail": 0}, {"content": "public void testEdgeCases(){final String[][] data={{\"a\",\"0\"},{\"e\",\"0\"},{\"i\",\"0\"},{\"o\",\"0\"},{\"u\",\"0\"},{\"\\u00E4\",\"0\"},{\"\\u00F6\",\"0\"},{\"\\u00FC\",\"0\"},{\"\\u00DF\",\"8\"},{\"aa\",\"0\"},{\"ha\",\"0\"},{\"h\",\"\"},{\"aha\",\"0\"},{\"b\",\"1\"},{\"p\",\"1\"},{\"ph\",\"3\"},{\"f\",\"3\"},{\"v\",\"3\"},{\"w\",\"3\"},{\"g\",\"4\"},{\"k\",\"4\"},{\"q\",\"4\"},{\"x\",\"48\"},{\"ax\",\"048\"},{\"cx\",\"48\"},{\"l\",\"5\"},{\"cl\",\"45\"},{\"acl\",\"085\"},{\"mn\",\"6\"},{\"{mn}\",\"6\"},{\"r\",\"7\"}};this.checkEncodings(data);}", "fail": 0}, {"content": "public void testExamples(){final String[][] data={{\"m\\u00DCller\",\"657\"},{\"m\\u00FCller\",\"657\"},{\"schmidt\",\"862\"},{\"schneider\",\"8627\"},{\"fischer\",\"387\"},{\"weber\",\"317\"},{\"wagner\",\"3467\"},{\"becker\",\"147\"},{\"hoffmann\",\"0366\"},{\"sch\\u00C4fer\",\"837\"},{\"sch\\u00e4fer\",\"837\"},{\"Breschnew\",\"17863\"},{\"Wikipedia\",\"3412\"},{\"peter\",\"127\"},{\"pharma\",\"376\"},{\"m\\u00f6nchengladbach\",\"664645214\"},{\"deutsch\",\"28\"},{\"deutz\",\"28\"},{\"hamburg\",\"06174\"},{\"hannover\",\"0637\"},{\"christstollen\",\"478256\"},{\"Xanthippe\",\"48621\"},{\"Zacharias\",\"8478\"},{\"Holzbau\",\"0581\"},{\"matsch\",\"68\"},{\"matz\",\"68\"},{\"Arbeitsamt\",\"071862\"},{\"Eberhard\",\"01772\"},{\"Eberhardt\",\"01772\"},{\"Celsius\",\"8588\"},{\"Ace\",\"08\"},{\"heithabu\",\"021\"}};this.checkEncodings(data);}", "fail": 0}, {"content": "public void testIsEncodeEquals(){final String[][] data={{\"Muller\",\"M\\u00fcller\"},{\"Meyer\",\"Mayr\"},{\"house\",\"house\"},{\"House\",\"house\"},{\"Haus\",\"house\"},{\"ganz\",\"Gans\"},{\"ganz\",\"G\\u00e4nse\"},{\"Miyagi\",\"Miyako\"}};for (final String[] element : data) {  final boolean encodeEqual=this.getStringEncoder().isEncodeEqual(element[1],element[0]);  Assert.assertTrue(element[1] + \" != \" + element[0],encodeEqual);}}", "fail": 0}, {"content": "public void testVariationsMella(){final String data[]={\"mella\",\"milah\",\"moulla\",\"mellah\",\"muehle\",\"mule\"};this.checkEncodingVariations(\"65\",data);}", "fail": 0}, {"content": "public void testVariationsMeyer(){final String data[]={\"Meier\",\"Maier\",\"Mair\",\"Meyer\",\"Meyr\",\"Mejer\",\"Major\"};this.checkEncodingVariations(\"67\",data);}", "fail": 0}, {"content": "public void testSpecialCharsBetweenSameLetters(){final String data[]={\"Test test\",\"Testtest\",\"Test-test\",\"TesT#Test\",\"TesT?test\"};this.checkEncodingVariations(\"28282\",data);}", "fail": 0}, {"content": "public void main(String args){ColognePhonetic coder=new ColognePhonetic();for (String arg : args) {  String code=coder.encode(arg);  System.out.println(\"'\" + arg + \"' = '\"+ code+ \"'\");}}", "fail": 0}, {"content": "public void testIsEncodeEquals(){final String[][] data={{\"Muller\",\"M\\u00fcller\"},{\"Meyer\",\"Mayr\"},{\"house\",\"house\"},{\"House\",\"house\"},{\"Haus\",\"house\"},{\"ganz\",\"Gans\"},{\"ganz\",\"G\\u00e4nse\"},{\"Miyagi\",\"Miyako\"}};for (final String[] element : data) {  final boolean encodeEqual=this.getStringEncoder().isEncodeEqual(element[1],element[0]);  Assert.assertTrue(element[1] + \" != \" + element[0],encodeEqual);}}", "fail": 1}, {"content": "public boolean hasTestCase(String re){for (String s : TESTSET) {  if (s.matches(re)) {    return true;  }}return false;}", "fail": 0}, {"content": "public void finishTests(){int errors=0;for (String m : MATCHES) {  if (!hasTestCase(m)) {    System.out.println(m + \" has no test case\");    errors++;  }}Assert.assertEquals(\"Not expecting any missing test cases\",0,errors);}", "fail": 0}, {"content": "public void checkEncoding(String expected, String source){TESTSET.add(source.toUpperCase(Locale.GERMAN).replace('\u00c4','A').replace('\u00d6','O').replace('\u00dc','U'));super.checkEncoding(expected,source);}", "fail": 0}, {"content": "public ColognePhonetic createStringEncoder(){return new ColognePhonetic();}", "fail": 0}, {"content": "public void testCanFail(){this.checkEncoding(\"/\",\"Fehler\");}", "fail": 0}, {"content": "public void testAabjoe(){this.checkEncoding(\"01\",\"Aabjoe\");}", "fail": 0}, {"content": "public void testAaclan(){this.checkEncoding(\"0856\",\"Aaclan\");}", "fail": 0}, {"content": "public void testAychlmajrForCodec122(){this.checkEncoding(\"04567\",\"Aychlmajr\");}", "fail": 0}, {"content": "public void testEdgeCases(){final String[][] data={{\"a\",\"0\"},{\"e\",\"0\"},{\"i\",\"0\"},{\"o\",\"0\"},{\"u\",\"0\"},{\"\\u00E4\",\"0\"},{\"\\u00F6\",\"0\"},{\"\\u00FC\",\"0\"},{\"\\u00DF\",\"8\"},{\"aa\",\"0\"},{\"ha\",\"0\"},{\"h\",\"\"},{\"aha\",\"0\"},{\"b\",\"1\"},{\"p\",\"1\"},{\"ph\",\"3\"},{\"f\",\"3\"},{\"v\",\"3\"},{\"w\",\"3\"},{\"g\",\"4\"},{\"k\",\"4\"},{\"q\",\"4\"},{\"x\",\"48\"},{\"ax\",\"048\"},{\"cx\",\"48\"},{\"l\",\"5\"},{\"cl\",\"45\"},{\"acl\",\"085\"},{\"mn\",\"6\"},{\"{mn}\",\"6\"},{\"r\",\"7\"}};this.checkEncodings(data);}", "fail": 0}, {"content": "public void testExamples(){final String[][] data={{\"m\\u00DCller\",\"657\"},{\"m\\u00FCller\",\"657\"},{\"schmidt\",\"862\"},{\"schneider\",\"8627\"},{\"fischer\",\"387\"},{\"weber\",\"317\"},{\"wagner\",\"3467\"},{\"becker\",\"147\"},{\"hoffmann\",\"0366\"},{\"sch\\u00C4fer\",\"837\"},{\"sch\\u00e4fer\",\"837\"},{\"Breschnew\",\"17863\"},{\"Wikipedia\",\"3412\"},{\"peter\",\"127\"},{\"pharma\",\"376\"},{\"m\\u00f6nchengladbach\",\"664645214\"},{\"deutsch\",\"28\"},{\"deutz\",\"28\"},{\"hamburg\",\"06174\"},{\"hannover\",\"0637\"},{\"christstollen\",\"478256\"},{\"Xanthippe\",\"48621\"},{\"Zacharias\",\"8478\"},{\"Holzbau\",\"0581\"},{\"matsch\",\"68\"},{\"matz\",\"68\"},{\"Arbeitsamt\",\"071862\"},{\"Eberhard\",\"01772\"},{\"Eberhardt\",\"01772\"},{\"Celsius\",\"8588\"},{\"Ace\",\"08\"},{\"heithabu\",\"021\"}};this.checkEncodings(data);}", "fail": 0}, {"content": "public void testHyphen(){final String[][] data={{\"bergisch-gladbach\",\"174845214\"},{\"M\\u00fcller-L\\u00fcdenscheidt\",\"65752682\"}};this.checkEncodings(data);}", "fail": 0}, {"content": "public void testVariationsMella(){final String data[]={\"mella\",\"milah\",\"moulla\",\"mellah\",\"muehle\",\"mule\"};this.checkEncodingVariations(\"65\",data);}", "fail": 0}, {"content": "public void testVariationsMeyer(){final String data[]={\"Meier\",\"Maier\",\"Mair\",\"Meyer\",\"Meyr\",\"Mejer\",\"Major\"};this.checkEncodingVariations(\"67\",data);}", "fail": 0}, {"content": "public void testSpecialCharsBetweenSameLetters(){final String data[]={\"Test test\",\"Testtest\",\"Test-test\",\"TesT#Test\",\"TesT?test\"};this.checkEncodingVariations(\"28282\",data);}", "fail": 0}, {"content": "public void main(String args){ColognePhonetic coder=new ColognePhonetic();for (String arg : args) {  String code=coder.encode(arg);  System.out.println(\"'\" + arg + \"' = '\"+ code+ \"'\");}}", "fail": 0}, {"content": "public boolean hasTestCase(String re){for (String s : TESTSET) {  if (s.matches(re)) {    return true;  }}return false;}", "fail": 0}, {"content": "public void finishTests(){int errors=0;for (String m : MATCHES) {  if (!hasTestCase(m)) {    System.out.println(m + \" has no test case\");    errors++;  }}Assert.assertEquals(\"Not expecting any missing test cases\",0,errors);}", "fail": 0}, {"content": "public void checkEncoding(String expected, String source){TESTSET.add(source.toUpperCase(Locale.GERMAN).replace('\u00c4','A').replace('\u00d6','O').replace('\u00dc','U'));super.checkEncoding(expected,source);}", "fail": 0}, {"content": "public ColognePhonetic createStringEncoder(){return new ColognePhonetic();}", "fail": 0}, {"content": "public void testCanFail(){this.checkEncoding(\"/\",\"Fehler\");}", "fail": 0}, {"content": "public void testAabjoe(){this.checkEncoding(\"01\",\"Aabjoe\");}", "fail": 0}, {"content": "public void testAaclan(){this.checkEncoding(\"0856\",\"Aaclan\");}", "fail": 0}, {"content": "public void testAychlmajrForCodec122(){this.checkEncoding(\"04567\",\"Aychlmajr\");}", "fail": 0}, {"content": "public void testEdgeCases(){final String[][] data={{\"a\",\"0\"},{\"e\",\"0\"},{\"i\",\"0\"},{\"o\",\"0\"},{\"u\",\"0\"},{\"\\u00E4\",\"0\"},{\"\\u00F6\",\"0\"},{\"\\u00FC\",\"0\"},{\"\\u00DF\",\"8\"},{\"aa\",\"0\"},{\"ha\",\"0\"},{\"h\",\"\"},{\"aha\",\"0\"},{\"b\",\"1\"},{\"p\",\"1\"},{\"ph\",\"3\"},{\"f\",\"3\"},{\"v\",\"3\"},{\"w\",\"3\"},{\"g\",\"4\"},{\"k\",\"4\"},{\"q\",\"4\"},{\"x\",\"48\"},{\"ax\",\"048\"},{\"cx\",\"48\"},{\"l\",\"5\"},{\"cl\",\"45\"},{\"acl\",\"085\"},{\"mn\",\"6\"},{\"{mn}\",\"6\"},{\"r\",\"7\"}};this.checkEncodings(data);}", "fail": 0}, {"content": "public void testExamples(){final String[][] data={{\"m\\u00DCller\",\"657\"},{\"m\\u00FCller\",\"657\"},{\"schmidt\",\"862\"},{\"schneider\",\"8627\"},{\"fischer\",\"387\"},{\"weber\",\"317\"},{\"wagner\",\"3467\"},{\"becker\",\"147\"},{\"hoffmann\",\"0366\"},{\"sch\\u00C4fer\",\"837\"},{\"sch\\u00e4fer\",\"837\"},{\"Breschnew\",\"17863\"},{\"Wikipedia\",\"3412\"},{\"peter\",\"127\"},{\"pharma\",\"376\"},{\"m\\u00f6nchengladbach\",\"664645214\"},{\"deutsch\",\"28\"},{\"deutz\",\"28\"},{\"hamburg\",\"06174\"},{\"hannover\",\"0637\"},{\"christstollen\",\"478256\"},{\"Xanthippe\",\"48621\"},{\"Zacharias\",\"8478\"},{\"Holzbau\",\"0581\"},{\"matsch\",\"68\"},{\"matz\",\"68\"},{\"Arbeitsamt\",\"071862\"},{\"Eberhard\",\"01772\"},{\"Eberhardt\",\"01772\"},{\"Celsius\",\"8588\"},{\"Ace\",\"08\"},{\"heithabu\",\"021\"}};this.checkEncodings(data);}", "fail": 0}, {"content": "public void testHyphen(){final String[][] data={{\"bergisch-gladbach\",\"174845214\"},{\"M\\u00fcller-L\\u00fcdenscheidt\",\"65752682\"}};this.checkEncodings(data);}", "fail": 0}, {"content": "public void testIsEncodeEquals(){final String[][] data={{\"Muller\",\"M\\u00fcller\"},{\"Meyer\",\"Mayr\"},{\"house\",\"house\"},{\"House\",\"house\"},{\"Haus\",\"house\"},{\"ganz\",\"Gans\"},{\"ganz\",\"G\\u00e4nse\"},{\"Miyagi\",\"Miyako\"}};for (final String[] element : data) {  final boolean encodeEqual=this.getStringEncoder().isEncodeEqual(element[1],element[0]);  Assert.assertTrue(element[1] + \" != \" + element[0],encodeEqual);}}", "fail": 0}, {"content": "public void testVariationsMella(){final String data[]={\"mella\",\"milah\",\"moulla\",\"mellah\",\"muehle\",\"mule\"};this.checkEncodingVariations(\"65\",data);}", "fail": 0}, {"content": "public void testVariationsMeyer(){final String data[]={\"Meier\",\"Maier\",\"Mair\",\"Meyer\",\"Meyr\",\"Mejer\",\"Major\"};this.checkEncodingVariations(\"67\",data);}", "fail": 0}, {"content": "public void testSpecialCharsBetweenSameLetters(){final String data[]={\"Test test\",\"Testtest\",\"Test-test\",\"TesT#Test\",\"TesT?test\"};this.checkEncodingVariations(\"28282\",data);}", "fail": 0}, {"content": "public void main(String args){ColognePhonetic coder=new ColognePhonetic();for (String arg : args) {  String code=coder.encode(arg);  System.out.println(\"'\" + arg + \"' = '\"+ code+ \"'\");}}", "fail": 0}, {"content": "public void testSpecialCharsBetweenSameLetters(){final String data[]={\"Test test\",\"Testtest\",\"Test-test\",\"TesT#Test\",\"TesT?test\"};this.checkEncodingVariations(\"28282\",data);}", "fail": 1}, {"content": "public boolean hasTestCase(String re){for (String s : TESTSET) {  if (s.matches(re)) {    return true;  }}return false;}", "fail": 0}, {"content": "public void finishTests(){int errors=0;for (String m : MATCHES) {  if (!hasTestCase(m)) {    System.out.println(m + \" has no test case\");    errors++;  }}Assert.assertEquals(\"Not expecting any missing test cases\",0,errors);}", "fail": 0}, {"content": "public void checkEncoding(String expected, String source){TESTSET.add(source.toUpperCase(Locale.GERMAN).replace('\u00c4','A').replace('\u00d6','O').replace('\u00dc','U'));super.checkEncoding(expected,source);}", "fail": 0}, {"content": "public ColognePhonetic createStringEncoder(){return new ColognePhonetic();}", "fail": 0}, {"content": "public void testCanFail(){this.checkEncoding(\"/\",\"Fehler\");}", "fail": 0}, {"content": "public void testAabjoe(){this.checkEncoding(\"01\",\"Aabjoe\");}", "fail": 0}, {"content": "public void testAaclan(){this.checkEncoding(\"0856\",\"Aaclan\");}", "fail": 0}, {"content": "public void testAychlmajrForCodec122(){this.checkEncoding(\"04567\",\"Aychlmajr\");}", "fail": 0}, {"content": "public void testEdgeCases(){final String[][] data={{\"a\",\"0\"},{\"e\",\"0\"},{\"i\",\"0\"},{\"o\",\"0\"},{\"u\",\"0\"},{\"\\u00E4\",\"0\"},{\"\\u00F6\",\"0\"},{\"\\u00FC\",\"0\"},{\"\\u00DF\",\"8\"},{\"aa\",\"0\"},{\"ha\",\"0\"},{\"h\",\"\"},{\"aha\",\"0\"},{\"b\",\"1\"},{\"p\",\"1\"},{\"ph\",\"3\"},{\"f\",\"3\"},{\"v\",\"3\"},{\"w\",\"3\"},{\"g\",\"4\"},{\"k\",\"4\"},{\"q\",\"4\"},{\"x\",\"48\"},{\"ax\",\"048\"},{\"cx\",\"48\"},{\"l\",\"5\"},{\"cl\",\"45\"},{\"acl\",\"085\"},{\"mn\",\"6\"},{\"{mn}\",\"6\"},{\"r\",\"7\"}};this.checkEncodings(data);}", "fail": 0}, {"content": "public void testExamples(){final String[][] data={{\"m\\u00DCller\",\"657\"},{\"m\\u00FCller\",\"657\"},{\"schmidt\",\"862\"},{\"schneider\",\"8627\"},{\"fischer\",\"387\"},{\"weber\",\"317\"},{\"wagner\",\"3467\"},{\"becker\",\"147\"},{\"hoffmann\",\"0366\"},{\"sch\\u00C4fer\",\"837\"},{\"sch\\u00e4fer\",\"837\"},{\"Breschnew\",\"17863\"},{\"Wikipedia\",\"3412\"},{\"peter\",\"127\"},{\"pharma\",\"376\"},{\"m\\u00f6nchengladbach\",\"664645214\"},{\"deutsch\",\"28\"},{\"deutz\",\"28\"},{\"hamburg\",\"06174\"},{\"hannover\",\"0637\"},{\"christstollen\",\"478256\"},{\"Xanthippe\",\"48621\"},{\"Zacharias\",\"8478\"},{\"Holzbau\",\"0581\"},{\"matsch\",\"68\"},{\"matz\",\"68\"},{\"Arbeitsamt\",\"071862\"},{\"Eberhard\",\"01772\"},{\"Eberhardt\",\"01772\"},{\"Celsius\",\"8588\"},{\"Ace\",\"08\"},{\"heithabu\",\"021\"}};this.checkEncodings(data);}", "fail": 0}, {"content": "public void testHyphen(){final String[][] data={{\"bergisch-gladbach\",\"174845214\"},{\"M\\u00fcller-L\\u00fcdenscheidt\",\"65752682\"}};this.checkEncodings(data);}", "fail": 0}, {"content": "public void testIsEncodeEquals(){final String[][] data={{\"Muller\",\"M\\u00fcller\"},{\"Meyer\",\"Mayr\"},{\"house\",\"house\"},{\"House\",\"house\"},{\"Haus\",\"house\"},{\"ganz\",\"Gans\"},{\"ganz\",\"G\\u00e4nse\"},{\"Miyagi\",\"Miyako\"}};for (final String[] element : data) {  final boolean encodeEqual=this.getStringEncoder().isEncodeEqual(element[1],element[0]);  Assert.assertTrue(element[1] + \" != \" + element[0],encodeEqual);}}", "fail": 0}, {"content": "public void testVariationsMella(){final String data[]={\"mella\",\"milah\",\"moulla\",\"mellah\",\"muehle\",\"mule\"};this.checkEncodingVariations(\"65\",data);}", "fail": 0}, {"content": "public void testVariationsMeyer(){final String data[]={\"Meier\",\"Maier\",\"Mair\",\"Meyer\",\"Meyr\",\"Mejer\",\"Major\"};this.checkEncodingVariations(\"67\",data);}", "fail": 0}, {"content": "public void main(String args){ColognePhonetic coder=new ColognePhonetic();for (String arg : args) {  String code=coder.encode(arg);  System.out.println(\"'\" + arg + \"' = '\"+ code+ \"'\");}}", "fail": 0}, {"content": "public void testVariationsMella(){final String data[]={\"mella\",\"milah\",\"moulla\",\"mellah\",\"muehle\",\"mule\"};this.checkEncodingVariations(\"65\",data);}", "fail": 1}, {"content": "public boolean hasTestCase(String re){for (String s : TESTSET) {  if (s.matches(re)) {    return true;  }}return false;}", "fail": 0}, {"content": "public void finishTests(){int errors=0;for (String m : MATCHES) {  if (!hasTestCase(m)) {    System.out.println(m + \" has no test case\");    errors++;  }}Assert.assertEquals(\"Not expecting any missing test cases\",0,errors);}", "fail": 0}, {"content": "public void checkEncoding(String expected, String source){TESTSET.add(source.toUpperCase(Locale.GERMAN).replace('\u00c4','A').replace('\u00d6','O').replace('\u00dc','U'));super.checkEncoding(expected,source);}", "fail": 0}, {"content": "public ColognePhonetic createStringEncoder(){return new ColognePhonetic();}", "fail": 0}, {"content": "public void testCanFail(){this.checkEncoding(\"/\",\"Fehler\");}", "fail": 0}, {"content": "public void testAabjoe(){this.checkEncoding(\"01\",\"Aabjoe\");}", "fail": 0}, {"content": "public void testAaclan(){this.checkEncoding(\"0856\",\"Aaclan\");}", "fail": 0}, {"content": "public void testAychlmajrForCodec122(){this.checkEncoding(\"04567\",\"Aychlmajr\");}", "fail": 0}, {"content": "public void testEdgeCases(){final String[][] data={{\"a\",\"0\"},{\"e\",\"0\"},{\"i\",\"0\"},{\"o\",\"0\"},{\"u\",\"0\"},{\"\\u00E4\",\"0\"},{\"\\u00F6\",\"0\"},{\"\\u00FC\",\"0\"},{\"\\u00DF\",\"8\"},{\"aa\",\"0\"},{\"ha\",\"0\"},{\"h\",\"\"},{\"aha\",\"0\"},{\"b\",\"1\"},{\"p\",\"1\"},{\"ph\",\"3\"},{\"f\",\"3\"},{\"v\",\"3\"},{\"w\",\"3\"},{\"g\",\"4\"},{\"k\",\"4\"},{\"q\",\"4\"},{\"x\",\"48\"},{\"ax\",\"048\"},{\"cx\",\"48\"},{\"l\",\"5\"},{\"cl\",\"45\"},{\"acl\",\"085\"},{\"mn\",\"6\"},{\"{mn}\",\"6\"},{\"r\",\"7\"}};this.checkEncodings(data);}", "fail": 0}, {"content": "public void testExamples(){final String[][] data={{\"m\\u00DCller\",\"657\"},{\"m\\u00FCller\",\"657\"},{\"schmidt\",\"862\"},{\"schneider\",\"8627\"},{\"fischer\",\"387\"},{\"weber\",\"317\"},{\"wagner\",\"3467\"},{\"becker\",\"147\"},{\"hoffmann\",\"0366\"},{\"sch\\u00C4fer\",\"837\"},{\"sch\\u00e4fer\",\"837\"},{\"Breschnew\",\"17863\"},{\"Wikipedia\",\"3412\"},{\"peter\",\"127\"},{\"pharma\",\"376\"},{\"m\\u00f6nchengladbach\",\"664645214\"},{\"deutsch\",\"28\"},{\"deutz\",\"28\"},{\"hamburg\",\"06174\"},{\"hannover\",\"0637\"},{\"christstollen\",\"478256\"},{\"Xanthippe\",\"48621\"},{\"Zacharias\",\"8478\"},{\"Holzbau\",\"0581\"},{\"matsch\",\"68\"},{\"matz\",\"68\"},{\"Arbeitsamt\",\"071862\"},{\"Eberhard\",\"01772\"},{\"Eberhardt\",\"01772\"},{\"Celsius\",\"8588\"},{\"Ace\",\"08\"},{\"heithabu\",\"021\"}};this.checkEncodings(data);}", "fail": 0}, {"content": "public void testHyphen(){final String[][] data={{\"bergisch-gladbach\",\"174845214\"},{\"M\\u00fcller-L\\u00fcdenscheidt\",\"65752682\"}};this.checkEncodings(data);}", "fail": 0}, {"content": "public void testIsEncodeEquals(){final String[][] data={{\"Muller\",\"M\\u00fcller\"},{\"Meyer\",\"Mayr\"},{\"house\",\"house\"},{\"House\",\"house\"},{\"Haus\",\"house\"},{\"ganz\",\"Gans\"},{\"ganz\",\"G\\u00e4nse\"},{\"Miyagi\",\"Miyako\"}};for (final String[] element : data) {  final boolean encodeEqual=this.getStringEncoder().isEncodeEqual(element[1],element[0]);  Assert.assertTrue(element[1] + \" != \" + element[0],encodeEqual);}}", "fail": 0}, {"content": "public void testVariationsMeyer(){final String data[]={\"Meier\",\"Maier\",\"Mair\",\"Meyer\",\"Meyr\",\"Mejer\",\"Major\"};this.checkEncodingVariations(\"67\",data);}", "fail": 0}, {"content": "public void testSpecialCharsBetweenSameLetters(){final String data[]={\"Test test\",\"Testtest\",\"Test-test\",\"TesT#Test\",\"TesT?test\"};this.checkEncodingVariations(\"28282\",data);}", "fail": 0}, {"content": "public void main(String args){ColognePhonetic coder=new ColognePhonetic();for (String arg : args) {  String code=coder.encode(arg);  System.out.println(\"'\" + arg + \"' = '\"+ code+ \"'\");}}", "fail": 0}, {"content": "public void testVariationsMeyer(){final String data[]={\"Meier\",\"Maier\",\"Mair\",\"Meyer\",\"Meyr\",\"Mejer\",\"Major\"};this.checkEncodingVariations(\"67\",data);}", "fail": 1}, {"content": "public boolean hasTestCase(String re){for (String s : TESTSET) {  if (s.matches(re)) {    return true;  }}return false;}", "fail": 0}, {"content": "public void finishTests(){int errors=0;for (String m : MATCHES) {  if (!hasTestCase(m)) {    System.out.println(m + \" has no test case\");    errors++;  }}Assert.assertEquals(\"Not expecting any missing test cases\",0,errors);}", "fail": 0}, {"content": "public void checkEncoding(String expected, String source){TESTSET.add(source.toUpperCase(Locale.GERMAN).replace('\u00c4','A').replace('\u00d6','O').replace('\u00dc','U'));super.checkEncoding(expected,source);}", "fail": 0}, {"content": "public ColognePhonetic createStringEncoder(){return new ColognePhonetic();}", "fail": 0}, {"content": "public void testCanFail(){this.checkEncoding(\"/\",\"Fehler\");}", "fail": 0}, {"content": "public void testAabjoe(){this.checkEncoding(\"01\",\"Aabjoe\");}", "fail": 0}, {"content": "public void testAaclan(){this.checkEncoding(\"0856\",\"Aaclan\");}", "fail": 0}, {"content": "public void testAychlmajrForCodec122(){this.checkEncoding(\"04567\",\"Aychlmajr\");}", "fail": 0}, {"content": "public void testEdgeCases(){final String[][] data={{\"a\",\"0\"},{\"e\",\"0\"},{\"i\",\"0\"},{\"o\",\"0\"},{\"u\",\"0\"},{\"\\u00E4\",\"0\"},{\"\\u00F6\",\"0\"},{\"\\u00FC\",\"0\"},{\"\\u00DF\",\"8\"},{\"aa\",\"0\"},{\"ha\",\"0\"},{\"h\",\"\"},{\"aha\",\"0\"},{\"b\",\"1\"},{\"p\",\"1\"},{\"ph\",\"3\"},{\"f\",\"3\"},{\"v\",\"3\"},{\"w\",\"3\"},{\"g\",\"4\"},{\"k\",\"4\"},{\"q\",\"4\"},{\"x\",\"48\"},{\"ax\",\"048\"},{\"cx\",\"48\"},{\"l\",\"5\"},{\"cl\",\"45\"},{\"acl\",\"085\"},{\"mn\",\"6\"},{\"{mn}\",\"6\"},{\"r\",\"7\"}};this.checkEncodings(data);}", "fail": 0}, {"content": "public void testExamples(){final String[][] data={{\"m\\u00DCller\",\"657\"},{\"m\\u00FCller\",\"657\"},{\"schmidt\",\"862\"},{\"schneider\",\"8627\"},{\"fischer\",\"387\"},{\"weber\",\"317\"},{\"wagner\",\"3467\"},{\"becker\",\"147\"},{\"hoffmann\",\"0366\"},{\"sch\\u00C4fer\",\"837\"},{\"sch\\u00e4fer\",\"837\"},{\"Breschnew\",\"17863\"},{\"Wikipedia\",\"3412\"},{\"peter\",\"127\"},{\"pharma\",\"376\"},{\"m\\u00f6nchengladbach\",\"664645214\"},{\"deutsch\",\"28\"},{\"deutz\",\"28\"},{\"hamburg\",\"06174\"},{\"hannover\",\"0637\"},{\"christstollen\",\"478256\"},{\"Xanthippe\",\"48621\"},{\"Zacharias\",\"8478\"},{\"Holzbau\",\"0581\"},{\"matsch\",\"68\"},{\"matz\",\"68\"},{\"Arbeitsamt\",\"071862\"},{\"Eberhard\",\"01772\"},{\"Eberhardt\",\"01772\"},{\"Celsius\",\"8588\"},{\"Ace\",\"08\"},{\"heithabu\",\"021\"}};this.checkEncodings(data);}", "fail": 0}, {"content": "public void testHyphen(){final String[][] data={{\"bergisch-gladbach\",\"174845214\"},{\"M\\u00fcller-L\\u00fcdenscheidt\",\"65752682\"}};this.checkEncodings(data);}", "fail": 0}, {"content": "public void testIsEncodeEquals(){final String[][] data={{\"Muller\",\"M\\u00fcller\"},{\"Meyer\",\"Mayr\"},{\"house\",\"house\"},{\"House\",\"house\"},{\"Haus\",\"house\"},{\"ganz\",\"Gans\"},{\"ganz\",\"G\\u00e4nse\"},{\"Miyagi\",\"Miyako\"}};for (final String[] element : data) {  final boolean encodeEqual=this.getStringEncoder().isEncodeEqual(element[1],element[0]);  Assert.assertTrue(element[1] + \" != \" + element[0],encodeEqual);}}", "fail": 0}, {"content": "public void testVariationsMella(){final String data[]={\"mella\",\"milah\",\"moulla\",\"mellah\",\"muehle\",\"mule\"};this.checkEncodingVariations(\"65\",data);}", "fail": 0}, {"content": "public void testSpecialCharsBetweenSameLetters(){final String data[]={\"Test test\",\"Testtest\",\"Test-test\",\"TesT#Test\",\"TesT?test\"};this.checkEncodingVariations(\"28282\",data);}", "fail": 0}, {"content": "public void main(String args){ColognePhonetic coder=new ColognePhonetic();for (String arg : args) {  String code=coder.encode(arg);  System.out.println(\"'\" + arg + \"' = '\"+ code+ \"'\");}}", "fail": 0}]