[{"diff0": ["class JsonPointerGeneratorFilteringTest {public void testSimplePropertyWithPath(){_assert(SIMPLE_INPUT,\"/c\",true,\"{'c':{'d':{'a':true}}}\");_assert(SIMPLE_INPUT,\"/c/d\",true,\"{'c':{'d':{'a':true}}}\");_assert(SIMPLE_INPUT,\"/c/d/a\",true,\"{'c':{'d':{'a':true}}}\");_assert(SIMPLE_INPUT,\"/c/d/a\",true,\"{'c':{'d':{'a':true}}}\");_assert(SIMPLE_INPUT,\"/a\",true,\"{'a':1}\");_assert(SIMPLE_INPUT,\"/d\",true,\"{'d':null}\");_assert(SIMPLE_INPUT,\"/x\",true,\"\");}}\n", "class JsonPointerGeneratorFilteringTest {public void testSimplePropertyWithoutPath(){_assert(SIMPLE_INPUT,\"/c\",false,\"{'d':{'a':true}}\");_assert(SIMPLE_INPUT,\"/c/d\",false,\"{'a':true}\");_assert(SIMPLE_INPUT,\"/c/d/a\",false,\"true\");_assert(SIMPLE_INPUT,\"/a\",false,\"1\");_assert(SIMPLE_INPUT,\"/d\",false,\"null\");_assert(SIMPLE_INPUT,\"/x\",false,\"\");}}\n", "class JsonPointerGeneratorFilteringTest {public void testArrayElementWithPath(){_assert(SIMPLE_INPUT,\"/b\",true,\"{'b':[1,2,3]}\");_assert(SIMPLE_INPUT,\"/b/1\",true,\"{'b':[2]}\");_assert(SIMPLE_INPUT,\"/b/2\",true,\"{'b':[3]}\");_assert(SIMPLE_INPUT,\"/b/8\",true,\"\");}}\n", "class JsonPointerGeneratorFilteringTest {public void testArrayNestedWithPath(){_assert(\"{'a':[true,{'b':3,'d':2},false]}\",\"/a/1/b\",true,\"{'a':[{'b':3}]}\");_assert(\"[true,[1]]\",\"/0\",true,\"[true]\");_assert(\"[true,[1]]\",\"/1\",true,\"[[1]]\");_assert(\"[true,[1,2,[true],3],0]\",\"/0\",true,\"[true]\");_assert(\"[true,[1,2,[true],3],0]\",\"/1\",true,\"[[1,2,[true],3]]\");_assert(\"[true,[1,2,[true],3],0]\",\"/1/2\",true,\"[[[true]]]\");_assert(\"[true,[1,2,[true],3],0]\",\"/1/2/0\",true,\"[[[true]]]\");_assert(\"[true,[1,2,[true],3],0]\",\"/1/3/0\",true,\"\");}}\n", "class JsonPointerGeneratorFilteringTest {public void testArrayNestedWithoutPath(){_assert(\"{'a':[true,{'b':3,'d':2},false]}\",\"/a/1/b\",false,\"3\");_assert(\"[true,[1,2,[true],3],0]\",\"/0\",false,\"true\");_assert(\"[true,[1,2,[true],3],0]\",\"/1\",false,\"[1,2,[true],3]\");_assert(\"[true,[1,2,[true],3],0]\",\"/1/2\",false,\"[true]\");_assert(\"[true,[1,2,[true],3],0]\",\"/1/2/0\",false,\"true\");_assert(\"[true,[1,2,[true],3],0]\",\"/1/3/0\",false,\"\");}}\n", "class JsonPointerGeneratorFilteringTest {public void testArrayElementWithoutPath(){_assert(SIMPLE_INPUT,\"/b\",false,\"[1,2,3]\");_assert(SIMPLE_INPUT,\"/b/1\",false,\"2\");_assert(SIMPLE_INPUT,\"/b/2\",false,\"3\");_assert(SIMPLE_INPUT,\"/b/8\",false,\"\");_assert(SIMPLE_INPUT,\"/x\",false,\"\");}}\n", "class JsonPointerGeneratorFilteringTest {public void _assert(String input, String pathExpr, boolean includeParent, String exp){StringWriter w=new StringWriter();JsonGenerator g0=JSON_F.createGenerator(w);FilteringGeneratorDelegate g=new FilteringGeneratorDelegate(g0,new JsonPointerBasedFilter(pathExpr),includeParent,false);try {  writeJsonDoc(JSON_F,input,g);} catch (Exception e) {  g0.flush();  System.err.println(\"With input '\" + input + \"', output at point of failure: <\"+ w+ \">\");  throw e;}assertEquals(aposToQuotes(exp),w.toString());}}\n", "class JsonPointerGeneratorFilteringTest {public void testArrayFiltering582WithoutObject(){_testArrayFiltering582(0);}}\n", "class JsonPointerGeneratorFilteringTest {public void testArrayFiltering582WithoutSize(){_testArrayFiltering582(1);}}\n", "class JsonPointerGeneratorFilteringTest {public void testArrayFiltering582WithSize(){_testArrayFiltering582(2);}}\n", "class JsonPointerGeneratorFilteringTest {public void _testArrayFiltering582(int mode){StringWriter output=new StringWriter();JsonGenerator jg=JSON_F.createGenerator(output);FilteringGeneratorDelegate gen=new FilteringGeneratorDelegate(jg,new JsonPointerBasedFilter(\"/noMatch\"),true,true);final String[] stuff=new String[]{\"foo\",\"bar\"};switch (mode) {case 0:  gen.writeStartArray();break;case 1:gen.writeStartArray(stuff);break;default :gen.writeStartArray(stuff,stuff.length);}gen.writeString(stuff[0]);gen.writeString(stuff[1]);gen.writeEndArray();gen.close();jg.close();assertEquals(\"\",output.toString());}}\n"]}, {"content": "public void testMangledFloatsBytes(){_testMangledNumbersFloat(MODE_INPUT_STREAM);_testMangledNumbersFloat(MODE_INPUT_STREAM_THROTTLED);_testMangledNumbersFloat(MODE_DATA_INPUT);}", "fail": 1}, {"content": "public void testInvalidKeywordsBytes(){_testInvalidKeywords(MODE_INPUT_STREAM);_testInvalidKeywords(MODE_INPUT_STREAM_THROTTLED);_testInvalidKeywords(MODE_DATA_INPUT);}", "fail": 0}, {"content": "public void testInvalidKeywordsChars(){_testInvalidKeywords(MODE_READER);}", "fail": 0}, {"content": "public void testMangledIntsBytes(){_testMangledNumbersInt(MODE_INPUT_STREAM);_testMangledNumbersInt(MODE_INPUT_STREAM_THROTTLED);}", "fail": 0}, {"content": "public void testMangledNumbersChars(){_testMangledNumbersInt(MODE_READER);_testMangledNumbersFloat(MODE_READER);}", "fail": 0}, {"content": "public void _testInvalidKeywords(int mode){doTestInvalidKeyword1(mode,\"nul\");doTestInvalidKeyword1(mode,\"Null\");doTestInvalidKeyword1(mode,\"nulla\");doTestInvalidKeyword1(mode,\"fal\");doTestInvalidKeyword1(mode,\"False\");doTestInvalidKeyword1(mode,\"fals0\");doTestInvalidKeyword1(mode,\"falsett0\");doTestInvalidKeyword1(mode,\"tr\");doTestInvalidKeyword1(mode,\"truE\");doTestInvalidKeyword1(mode,\"treu\");doTestInvalidKeyword1(mode,\"trueenough\");doTestInvalidKeyword1(mode,\"C\");}", "fail": 0}, {"content": "public void doTestInvalidKeyword1(int mode, String value){String doc=\"{ \\\"key1\\\" : \" + value + \" }\";JsonParser p=createParser(mode,doc);assertToken(JsonToken.START_OBJECT,p.nextToken());try {  assertToken(JsonToken.FIELD_NAME,p.nextToken());  p.nextToken();  fail(\"Expected an exception for malformed value keyword\");} catch (JsonParseException jex) {  verifyException(jex,\"Unrecognized token\");  verifyException(jex,value);} finally {  p.close();}doc=value + \" \";p=createParser(mode,doc);try {  p.nextToken();  fail(\"Expected an exception for malformed value keyword\");} catch (JsonParseException jex) {  verifyException(jex,\"Unrecognized token\");  verifyException(jex,value);} finally {  p.close();}}", "fail": 0}, {"content": "public void _testMangledNumbersInt(int mode){JsonParser p=createParser(mode,\"123true\");try {  JsonToken t=p.nextToken();  fail(\"Should have gotten an exception; instead got token: \" + t);} catch (JsonParseException e) {  verifyException(e,\"expected space\");}p.close();}", "fail": 0}, {"content": "public void _testMangledNumbersFloat(int mode){JsonParser p=createParser(mode,\"1.5false\");try {  JsonToken t=p.nextToken();  fail(\"Should have gotten an exception; instead got token: \" + t);} catch (JsonParseException e) {  verifyException(e,\"expected space\");}p.close();}", "fail": 0}, {"content": "public void testMangledIntsBytes(){_testMangledNumbersInt(MODE_INPUT_STREAM);_testMangledNumbersInt(MODE_INPUT_STREAM_THROTTLED);}", "fail": 1}, {"content": "public void testInvalidKeywordsBytes(){_testInvalidKeywords(MODE_INPUT_STREAM);_testInvalidKeywords(MODE_INPUT_STREAM_THROTTLED);_testInvalidKeywords(MODE_DATA_INPUT);}", "fail": 0}, {"content": "public void testInvalidKeywordsChars(){_testInvalidKeywords(MODE_READER);}", "fail": 0}, {"content": "public void testMangledFloatsBytes(){_testMangledNumbersFloat(MODE_INPUT_STREAM);_testMangledNumbersFloat(MODE_INPUT_STREAM_THROTTLED);_testMangledNumbersFloat(MODE_DATA_INPUT);}", "fail": 0}, {"content": "public void testMangledNumbersChars(){_testMangledNumbersInt(MODE_READER);_testMangledNumbersFloat(MODE_READER);}", "fail": 0}, {"content": "public void _testInvalidKeywords(int mode){doTestInvalidKeyword1(mode,\"nul\");doTestInvalidKeyword1(mode,\"Null\");doTestInvalidKeyword1(mode,\"nulla\");doTestInvalidKeyword1(mode,\"fal\");doTestInvalidKeyword1(mode,\"False\");doTestInvalidKeyword1(mode,\"fals0\");doTestInvalidKeyword1(mode,\"falsett0\");doTestInvalidKeyword1(mode,\"tr\");doTestInvalidKeyword1(mode,\"truE\");doTestInvalidKeyword1(mode,\"treu\");doTestInvalidKeyword1(mode,\"trueenough\");doTestInvalidKeyword1(mode,\"C\");}", "fail": 0}, {"content": "public void doTestInvalidKeyword1(int mode, String value){String doc=\"{ \\\"key1\\\" : \" + value + \" }\";JsonParser p=createParser(mode,doc);assertToken(JsonToken.START_OBJECT,p.nextToken());try {  assertToken(JsonToken.FIELD_NAME,p.nextToken());  p.nextToken();  fail(\"Expected an exception for malformed value keyword\");} catch (JsonParseException jex) {  verifyException(jex,\"Unrecognized token\");  verifyException(jex,value);} finally {  p.close();}doc=value + \" \";p=createParser(mode,doc);try {  p.nextToken();  fail(\"Expected an exception for malformed value keyword\");} catch (JsonParseException jex) {  verifyException(jex,\"Unrecognized token\");  verifyException(jex,value);} finally {  p.close();}}", "fail": 0}, {"content": "public void _testMangledNumbersInt(int mode){JsonParser p=createParser(mode,\"123true\");try {  JsonToken t=p.nextToken();  fail(\"Should have gotten an exception; instead got token: \" + t);} catch (JsonParseException e) {  verifyException(e,\"expected space\");}p.close();}", "fail": 0}, {"content": "public void _testMangledNumbersFloat(int mode){JsonParser p=createParser(mode,\"1.5false\");try {  JsonToken t=p.nextToken();  fail(\"Should have gotten an exception; instead got token: \" + t);} catch (JsonParseException e) {  verifyException(e,\"expected space\");}p.close();}", "fail": 0}]