[{"diff0": ["class VersionTest {public void testCompareToOne(){Version version=Version.unknownVersion();Version versionTwo=new Version(0,(-263),(-1820),\"\",\"\",\"\");assertEquals(263,version.compareTo(versionTwo));}}\n", "class VersionTest {public void testCompareToReturningZero(){Version version=Version.unknownVersion();Version versionTwo=new Version(0,0,0,\"\",\"\",\"\");assertEquals(0,version.compareTo(versionTwo));}}\n", "class VersionTest {public void testCreatesVersionTaking6ArgumentsAndCallsCompareTo(){Version version=new Version(0,0,0,null,null,\"\");Version versionTwo=new Version(0,0,0,\"\",\"\",\"//0.0.0\");assertTrue(version.compareTo(versionTwo) < 0);}}\n", "class VersionTest {public void testCompareToTwo(){Version version=Version.unknownVersion();Version versionTwo=new Version((-1),0,0,\"0.0.0\",\"\",\"\");assertTrue(version.compareTo(versionTwo) > 0);}}\n", "class VersionTest {public void testCompareToAndCreatesVersionTaking6ArgumentsAndUnknownVersion(){Version version=Version.unknownVersion();Version versionTwo=new Version(0,0,0,\"//0.0.0\",\"//0.0.0\",\"\");assertTrue(version.compareTo(versionTwo) < 0);}}\n"]}, {"content": "public void testMangledFloatsBytes(){_testMangledNumbersFloat(MODE_INPUT_STREAM);_testMangledNumbersFloat(MODE_INPUT_STREAM_THROTTLED);_testMangledNumbersFloat(MODE_DATA_INPUT);}", "fail": 1}, {"content": "public void testInvalidKeywordsBytes(){_testInvalidKeywords(MODE_INPUT_STREAM);_testInvalidKeywords(MODE_INPUT_STREAM_THROTTLED);_testInvalidKeywords(MODE_DATA_INPUT);}", "fail": 0}, {"content": "public void testInvalidKeywordsChars(){_testInvalidKeywords(MODE_READER);}", "fail": 0}, {"content": "public void testMangledIntsBytes(){_testMangledNumbersInt(MODE_INPUT_STREAM);_testMangledNumbersInt(MODE_INPUT_STREAM_THROTTLED);}", "fail": 0}, {"content": "public void testMangledNumbersChars(){_testMangledNumbersInt(MODE_READER);_testMangledNumbersFloat(MODE_READER);}", "fail": 0}, {"content": "public void _testInvalidKeywords(int mode){doTestInvalidKeyword1(mode,\"nul\");doTestInvalidKeyword1(mode,\"Null\");doTestInvalidKeyword1(mode,\"nulla\");doTestInvalidKeyword1(mode,\"fal\");doTestInvalidKeyword1(mode,\"False\");doTestInvalidKeyword1(mode,\"fals0\");doTestInvalidKeyword1(mode,\"falsett0\");doTestInvalidKeyword1(mode,\"tr\");doTestInvalidKeyword1(mode,\"truE\");doTestInvalidKeyword1(mode,\"treu\");doTestInvalidKeyword1(mode,\"trueenough\");doTestInvalidKeyword1(mode,\"C\");}", "fail": 0}, {"content": "public void doTestInvalidKeyword1(int mode, String value){String doc=\"{ \\\"key1\\\" : \" + value + \" }\";JsonParser p=createParser(mode,doc);assertToken(JsonToken.START_OBJECT,p.nextToken());try {  assertToken(JsonToken.FIELD_NAME,p.nextToken());  p.nextToken();  fail(\"Expected an exception for malformed value keyword\");} catch (JsonParseException jex) {  verifyException(jex,\"Unrecognized token\");  verifyException(jex,value);} finally {  p.close();}doc=value + \" \";p=createParser(mode,doc);try {  p.nextToken();  fail(\"Expected an exception for malformed value keyword\");} catch (JsonParseException jex) {  verifyException(jex,\"Unrecognized token\");  verifyException(jex,value);} finally {  p.close();}}", "fail": 0}, {"content": "public void _testMangledNumbersInt(int mode){JsonParser p=createParser(mode,\"123true\");try {  JsonToken t=p.nextToken();  fail(\"Should have gotten an exception; instead got token: \" + t);} catch (JsonParseException e) {  verifyException(e,\"expected space\");}p.close();}", "fail": 0}, {"content": "public void _testMangledNumbersFloat(int mode){JsonParser p=createParser(mode,\"1.5false\");try {  JsonToken t=p.nextToken();  fail(\"Should have gotten an exception; instead got token: \" + t);} catch (JsonParseException e) {  verifyException(e,\"expected space\");}p.close();}", "fail": 0}, {"content": "public void testMangledIntsBytes(){_testMangledNumbersInt(MODE_INPUT_STREAM);_testMangledNumbersInt(MODE_INPUT_STREAM_THROTTLED);}", "fail": 1}, {"content": "public void testInvalidKeywordsBytes(){_testInvalidKeywords(MODE_INPUT_STREAM);_testInvalidKeywords(MODE_INPUT_STREAM_THROTTLED);_testInvalidKeywords(MODE_DATA_INPUT);}", "fail": 0}, {"content": "public void testInvalidKeywordsChars(){_testInvalidKeywords(MODE_READER);}", "fail": 0}, {"content": "public void testMangledFloatsBytes(){_testMangledNumbersFloat(MODE_INPUT_STREAM);_testMangledNumbersFloat(MODE_INPUT_STREAM_THROTTLED);_testMangledNumbersFloat(MODE_DATA_INPUT);}", "fail": 0}, {"content": "public void testMangledNumbersChars(){_testMangledNumbersInt(MODE_READER);_testMangledNumbersFloat(MODE_READER);}", "fail": 0}, {"content": "public void _testInvalidKeywords(int mode){doTestInvalidKeyword1(mode,\"nul\");doTestInvalidKeyword1(mode,\"Null\");doTestInvalidKeyword1(mode,\"nulla\");doTestInvalidKeyword1(mode,\"fal\");doTestInvalidKeyword1(mode,\"False\");doTestInvalidKeyword1(mode,\"fals0\");doTestInvalidKeyword1(mode,\"falsett0\");doTestInvalidKeyword1(mode,\"tr\");doTestInvalidKeyword1(mode,\"truE\");doTestInvalidKeyword1(mode,\"treu\");doTestInvalidKeyword1(mode,\"trueenough\");doTestInvalidKeyword1(mode,\"C\");}", "fail": 0}, {"content": "public void doTestInvalidKeyword1(int mode, String value){String doc=\"{ \\\"key1\\\" : \" + value + \" }\";JsonParser p=createParser(mode,doc);assertToken(JsonToken.START_OBJECT,p.nextToken());try {  assertToken(JsonToken.FIELD_NAME,p.nextToken());  p.nextToken();  fail(\"Expected an exception for malformed value keyword\");} catch (JsonParseException jex) {  verifyException(jex,\"Unrecognized token\");  verifyException(jex,value);} finally {  p.close();}doc=value + \" \";p=createParser(mode,doc);try {  p.nextToken();  fail(\"Expected an exception for malformed value keyword\");} catch (JsonParseException jex) {  verifyException(jex,\"Unrecognized token\");  verifyException(jex,value);} finally {  p.close();}}", "fail": 0}, {"content": "public void _testMangledNumbersInt(int mode){JsonParser p=createParser(mode,\"123true\");try {  JsonToken t=p.nextToken();  fail(\"Should have gotten an exception; instead got token: \" + t);} catch (JsonParseException e) {  verifyException(e,\"expected space\");}p.close();}", "fail": 0}, {"content": "public void _testMangledNumbersFloat(int mode){JsonParser p=createParser(mode,\"1.5false\");try {  JsonToken t=p.nextToken();  fail(\"Should have gotten an exception; instead got token: \" + t);} catch (JsonParseException e) {  verifyException(e,\"expected space\");}p.close();}", "fail": 0}]