[{"diff0": ["class CustomQuoteCharTest {public void testBasicAposWithCharBased(){StringWriter w;JsonGenerator g;w=new StringWriter();g=createGenerator(JSON_F,w);_writeObject(g,\"question\",\"answer\");g.close();assertEquals(\"{'question':'answer'}\",w.toString());w=new StringWriter();g=createGenerator(JSON_F,w);_writeArray(g,\"hello world\");g.close();assertEquals(\"['hello world']\",w.toString());}}\n", "class CustomQuoteCharTest {public void testBasicAposWithByteBased(){ByteArrayOutputStream out;JsonGenerator g;out=new ByteArrayOutputStream();g=createGenerator(JSON_F,out);_writeObject(g,\"question\",\"answer\");g.close();assertEquals(\"{'question':'answer'}\",out.toString(\"UTF-8\"));out=new ByteArrayOutputStream();g=createGenerator(JSON_F,out);_writeArray(g,\"hello world\");g.close();assertEquals(\"['hello world']\",out.toString(\"UTF-8\"));}}\n", "class CustomQuoteCharTest {public void testAposQuotingWithCharBased(){StringWriter w;JsonGenerator g;w=new StringWriter();g=createGenerator(JSON_F,w);_writeObject(g,\"key\",\"It's \\\"fun\\\"\");g.close();assertEquals(\"{'key':'It\\\\'s' \\\"fun\\\"}\",w.toString());w=new StringWriter();g=createGenerator(JSON_F,w);_writeArray(g,\"It's a sin\");g.close();assertEquals(\"['It\\\\'s a sin']\",w.toString());}}\n", "class CustomQuoteCharTest {public void testAposQuotingWithByteBased(){ByteArrayOutputStream out;JsonGenerator g;out=new ByteArrayOutputStream();g=createGenerator(JSON_F,out);_writeObject(g,\"key\",\"It's \\\"fun\\\"\");g.close();assertEquals(\"{'key':'It\\\\'s' \\\"fun\\\"}\",out.toString(\"UTF-8\"));out=new ByteArrayOutputStream();g=createGenerator(JSON_F,out);_writeArray(g,\"It's a sin\");g.close();assertEquals(\"['It\\\\'s a sin']\",out.toString(\"UTF-8\"));}}\n", "class CustomQuoteCharTest {public void _writeObject(JsonGenerator g, String key, String value){g.writeStartObject();g.writeStringField(key,value);g.writeEndObject();}}\n", "class CustomQuoteCharTest {public void _writeArray(JsonGenerator g, String value){g.writeStartArray();g.writeString(value);g.writeEndArray();}}\n"]}, {"content": "public void testAposQuotingWithByteBased(){ByteArrayOutputStream out;JsonGenerator g;out=new ByteArrayOutputStream();g=createGenerator(JSON_F,out);_writeObject(g,\"key\",\"It's \\\"fun\\\"\");g.close();assertEquals(\"{'key':'It\\\\'s' \\\"fun\\\"}\",out.toString(\"UTF-8\"));out=new ByteArrayOutputStream();g=createGenerator(JSON_F,out);_writeArray(g,\"It's a sin\");g.close();assertEquals(\"['It\\\\'s a sin']\",out.toString(\"UTF-8\"));}", "fail": 1}, {"content": "public void testBasicAposWithCharBased(){StringWriter w;JsonGenerator g;w=new StringWriter();g=createGenerator(JSON_F,w);_writeObject(g,\"question\",\"answer\");g.close();assertEquals(\"{'question':'answer'}\",w.toString());w=new StringWriter();g=createGenerator(JSON_F,w);_writeArray(g,\"hello world\");g.close();assertEquals(\"['hello world']\",w.toString());}", "fail": 0}, {"content": "public void testBasicAposWithByteBased(){ByteArrayOutputStream out;JsonGenerator g;out=new ByteArrayOutputStream();g=createGenerator(JSON_F,out);_writeObject(g,\"question\",\"answer\");g.close();assertEquals(\"{'question':'answer'}\",out.toString(\"UTF-8\"));out=new ByteArrayOutputStream();g=createGenerator(JSON_F,out);_writeArray(g,\"hello world\");g.close();assertEquals(\"['hello world']\",out.toString(\"UTF-8\"));}", "fail": 0}, {"content": "public void testAposQuotingWithCharBased(){StringWriter w;JsonGenerator g;w=new StringWriter();g=createGenerator(JSON_F,w);_writeObject(g,\"key\",\"It's \\\"fun\\\"\");g.close();assertEquals(\"{'key':'It\\\\'s' \\\"fun\\\"}\",w.toString());w=new StringWriter();g=createGenerator(JSON_F,w);_writeArray(g,\"It's a sin\");g.close();assertEquals(\"['It\\\\'s a sin']\",w.toString());}", "fail": 0}, {"content": "public void _writeObject(JsonGenerator g, String key, String value){g.writeStartObject();g.writeStringField(key,value);g.writeEndObject();}", "fail": 0}, {"content": "public void _writeArray(JsonGenerator g, String value){g.writeStartArray();g.writeString(value);g.writeEndArray();}", "fail": 0}, {"content": "public void testAposQuotingWithCharBased(){StringWriter w;JsonGenerator g;w=new StringWriter();g=createGenerator(JSON_F,w);_writeObject(g,\"key\",\"It's \\\"fun\\\"\");g.close();assertEquals(\"{'key':'It\\\\'s' \\\"fun\\\"}\",w.toString());w=new StringWriter();g=createGenerator(JSON_F,w);_writeArray(g,\"It's a sin\");g.close();assertEquals(\"['It\\\\'s a sin']\",w.toString());}", "fail": 1}, {"content": "public void testBasicAposWithCharBased(){StringWriter w;JsonGenerator g;w=new StringWriter();g=createGenerator(JSON_F,w);_writeObject(g,\"question\",\"answer\");g.close();assertEquals(\"{'question':'answer'}\",w.toString());w=new StringWriter();g=createGenerator(JSON_F,w);_writeArray(g,\"hello world\");g.close();assertEquals(\"['hello world']\",w.toString());}", "fail": 0}, {"content": "public void testBasicAposWithByteBased(){ByteArrayOutputStream out;JsonGenerator g;out=new ByteArrayOutputStream();g=createGenerator(JSON_F,out);_writeObject(g,\"question\",\"answer\");g.close();assertEquals(\"{'question':'answer'}\",out.toString(\"UTF-8\"));out=new ByteArrayOutputStream();g=createGenerator(JSON_F,out);_writeArray(g,\"hello world\");g.close();assertEquals(\"['hello world']\",out.toString(\"UTF-8\"));}", "fail": 0}, {"content": "public void testAposQuotingWithByteBased(){ByteArrayOutputStream out;JsonGenerator g;out=new ByteArrayOutputStream();g=createGenerator(JSON_F,out);_writeObject(g,\"key\",\"It's \\\"fun\\\"\");g.close();assertEquals(\"{'key':'It\\\\'s' \\\"fun\\\"}\",out.toString(\"UTF-8\"));out=new ByteArrayOutputStream();g=createGenerator(JSON_F,out);_writeArray(g,\"It's a sin\");g.close();assertEquals(\"['It\\\\'s a sin']\",out.toString(\"UTF-8\"));}", "fail": 0}, {"content": "public void _writeObject(JsonGenerator g, String key, String value){g.writeStartObject();g.writeStringField(key,value);g.writeEndObject();}", "fail": 0}, {"content": "public void _writeArray(JsonGenerator g, String value){g.writeStartArray();g.writeString(value);g.writeEndArray();}", "fail": 0}, {"content": "public void testMangledFloatsBytes(){_testMangledNumbersFloat(MODE_INPUT_STREAM);_testMangledNumbersFloat(MODE_INPUT_STREAM_THROTTLED);_testMangledNumbersFloat(MODE_DATA_INPUT);}", "fail": 1}, {"content": "public void testInvalidKeywordsBytes(){_testInvalidKeywords(MODE_INPUT_STREAM);_testInvalidKeywords(MODE_INPUT_STREAM_THROTTLED);_testInvalidKeywords(MODE_DATA_INPUT);}", "fail": 0}, {"content": "public void testInvalidKeywordsChars(){_testInvalidKeywords(MODE_READER);}", "fail": 0}, {"content": "public void testMangledIntsBytes(){_testMangledNumbersInt(MODE_INPUT_STREAM);_testMangledNumbersInt(MODE_INPUT_STREAM_THROTTLED);}", "fail": 0}, {"content": "public void testMangledNumbersChars(){_testMangledNumbersInt(MODE_READER);_testMangledNumbersFloat(MODE_READER);}", "fail": 0}, {"content": "public void _testInvalidKeywords(int mode){doTestInvalidKeyword1(mode,\"nul\");doTestInvalidKeyword1(mode,\"Null\");doTestInvalidKeyword1(mode,\"nulla\");doTestInvalidKeyword1(mode,\"fal\");doTestInvalidKeyword1(mode,\"False\");doTestInvalidKeyword1(mode,\"fals0\");doTestInvalidKeyword1(mode,\"falsett0\");doTestInvalidKeyword1(mode,\"tr\");doTestInvalidKeyword1(mode,\"truE\");doTestInvalidKeyword1(mode,\"treu\");doTestInvalidKeyword1(mode,\"trueenough\");doTestInvalidKeyword1(mode,\"C\");}", "fail": 0}, {"content": "public void doTestInvalidKeyword1(int mode, String value){String doc=\"{ \\\"key1\\\" : \" + value + \" }\";JsonParser p=createParser(mode,doc);assertToken(JsonToken.START_OBJECT,p.nextToken());try {  assertToken(JsonToken.FIELD_NAME,p.nextToken());  p.nextToken();  fail(\"Expected an exception for malformed value keyword\");} catch (JsonParseException jex) {  verifyException(jex,\"Unrecognized token\");  verifyException(jex,value);} finally {  p.close();}doc=value + \" \";p=createParser(mode,doc);try {  p.nextToken();  fail(\"Expected an exception for malformed value keyword\");} catch (JsonParseException jex) {  verifyException(jex,\"Unrecognized token\");  verifyException(jex,value);} finally {  p.close();}}", "fail": 0}, {"content": "public void _testMangledNumbersInt(int mode){JsonParser p=createParser(mode,\"123true\");try {  JsonToken t=p.nextToken();  fail(\"Should have gotten an exception; instead got token: \" + t);} catch (JsonParseException e) {  verifyException(e,\"expected space\");}p.close();}", "fail": 0}, {"content": "public void _testMangledNumbersFloat(int mode){JsonParser p=createParser(mode,\"1.5false\");try {  JsonToken t=p.nextToken();  fail(\"Should have gotten an exception; instead got token: \" + t);} catch (JsonParseException e) {  verifyException(e,\"expected space\");}p.close();}", "fail": 0}, {"content": "public void testMangledIntsBytes(){_testMangledNumbersInt(MODE_INPUT_STREAM);_testMangledNumbersInt(MODE_INPUT_STREAM_THROTTLED);}", "fail": 1}, {"content": "public void testInvalidKeywordsBytes(){_testInvalidKeywords(MODE_INPUT_STREAM);_testInvalidKeywords(MODE_INPUT_STREAM_THROTTLED);_testInvalidKeywords(MODE_DATA_INPUT);}", "fail": 0}, {"content": "public void testInvalidKeywordsChars(){_testInvalidKeywords(MODE_READER);}", "fail": 0}, {"content": "public void testMangledFloatsBytes(){_testMangledNumbersFloat(MODE_INPUT_STREAM);_testMangledNumbersFloat(MODE_INPUT_STREAM_THROTTLED);_testMangledNumbersFloat(MODE_DATA_INPUT);}", "fail": 0}, {"content": "public void testMangledNumbersChars(){_testMangledNumbersInt(MODE_READER);_testMangledNumbersFloat(MODE_READER);}", "fail": 0}, {"content": "public void _testInvalidKeywords(int mode){doTestInvalidKeyword1(mode,\"nul\");doTestInvalidKeyword1(mode,\"Null\");doTestInvalidKeyword1(mode,\"nulla\");doTestInvalidKeyword1(mode,\"fal\");doTestInvalidKeyword1(mode,\"False\");doTestInvalidKeyword1(mode,\"fals0\");doTestInvalidKeyword1(mode,\"falsett0\");doTestInvalidKeyword1(mode,\"tr\");doTestInvalidKeyword1(mode,\"truE\");doTestInvalidKeyword1(mode,\"treu\");doTestInvalidKeyword1(mode,\"trueenough\");doTestInvalidKeyword1(mode,\"C\");}", "fail": 0}, {"content": "public void doTestInvalidKeyword1(int mode, String value){String doc=\"{ \\\"key1\\\" : \" + value + \" }\";JsonParser p=createParser(mode,doc);assertToken(JsonToken.START_OBJECT,p.nextToken());try {  assertToken(JsonToken.FIELD_NAME,p.nextToken());  p.nextToken();  fail(\"Expected an exception for malformed value keyword\");} catch (JsonParseException jex) {  verifyException(jex,\"Unrecognized token\");  verifyException(jex,value);} finally {  p.close();}doc=value + \" \";p=createParser(mode,doc);try {  p.nextToken();  fail(\"Expected an exception for malformed value keyword\");} catch (JsonParseException jex) {  verifyException(jex,\"Unrecognized token\");  verifyException(jex,value);} finally {  p.close();}}", "fail": 0}, {"content": "public void _testMangledNumbersInt(int mode){JsonParser p=createParser(mode,\"123true\");try {  JsonToken t=p.nextToken();  fail(\"Should have gotten an exception; instead got token: \" + t);} catch (JsonParseException e) {  verifyException(e,\"expected space\");}p.close();}", "fail": 0}, {"content": "public void _testMangledNumbersFloat(int mode){JsonParser p=createParser(mode,\"1.5false\");try {  JsonToken t=p.nextToken();  fail(\"Should have gotten an exception; instead got token: \" + t);} catch (JsonParseException e) {  verifyException(e,\"expected space\");}p.close();}", "fail": 0}]