[{"diff0": ["class AsyncPointerFromContext562Test {public void testViaNonBlockingParser(){JsonParser p=JSON_F.createNonBlockingByteArrayParser();final String SIMPLE=aposToQuotes(\"{'a':123,'array':[1,2,[3],5,{'obInArray':4}],\" + \"'ob':{'first':[false,true],'second':{'sub':37}},'b':true}\");byte[] SIMPLE_BYTES=SIMPLE.getBytes(\"UTF-8\");((NonBlockingJsonParser)p).feedInput(SIMPLE_BYTES,0,SIMPLE_BYTES.length);assertSame(JsonPointer.empty(),p.getParsingContext().pathAsPointer());assertToken(JsonToken.START_OBJECT,p.nextToken());assertSame(JsonPointer.empty(),p.getParsingContext().pathAsPointer());assertToken(JsonToken.FIELD_NAME,p.nextToken());assertEquals(\"/a\",p.getParsingContext().pathAsPointer().toString());assertToken(JsonToken.VALUE_NUMBER_INT,p.nextToken());assertEquals(\"/a\",p.getParsingContext().pathAsPointer().toString());assertToken(JsonToken.FIELD_NAME,p.nextToken());assertEquals(\"/array\",p.getParsingContext().pathAsPointer().toString());assertToken(JsonToken.START_ARRAY,p.nextToken());assertEquals(\"/array\",p.getParsingContext().pathAsPointer().toString());assertToken(JsonToken.VALUE_NUMBER_INT,p.nextToken());assertEquals(\"/array/0\",p.getParsingContext().pathAsPointer().toString());assertToken(JsonToken.VALUE_NUMBER_INT,p.nextToken());assertEquals(\"/array/1\",p.getParsingContext().pathAsPointer().toString());assertToken(JsonToken.START_ARRAY,p.nextToken());assertEquals(\"/array/2\",p.getParsingContext().pathAsPointer().toString());assertToken(JsonToken.VALUE_NUMBER_INT,p.nextToken());assertEquals(\"/array/2/0\",p.getParsingContext().pathAsPointer().toString());assertToken(JsonToken.END_ARRAY,p.nextToken());assertEquals(\"/array/2\",p.getParsingContext().pathAsPointer().toString());assertToken(JsonToken.VALUE_NUMBER_INT,p.nextToken());assertEquals(\"/array/3\",p.getParsingContext().pathAsPointer().toString());assertToken(JsonToken.START_OBJECT,p.nextToken());assertEquals(\"/array/4\",p.getParsingContext().pathAsPointer().toString());assertToken(JsonToken.FIELD_NAME,p.nextToken());assertEquals(\"/array/4/obInArray\",p.getParsingContext().pathAsPointer().toString());assertToken(JsonToken.VALUE_NUMBER_INT,p.nextToken());assertEquals(\"/array/4/obInArray\",p.getParsingContext().pathAsPointer().toString());assertToken(JsonToken.END_OBJECT,p.nextToken());assertEquals(\"/array/4\",p.getParsingContext().pathAsPointer().toString());assertToken(JsonToken.END_ARRAY,p.nextToken());assertEquals(\"/array\",p.getParsingContext().pathAsPointer().toString());assertToken(JsonToken.FIELD_NAME,p.nextToken());assertEquals(\"/ob\",p.getParsingContext().pathAsPointer().toString());assertToken(JsonToken.START_OBJECT,p.nextToken());assertEquals(\"/ob\",p.getParsingContext().pathAsPointer().toString());assertToken(JsonToken.FIELD_NAME,p.nextToken());assertEquals(\"/ob/first\",p.getParsingContext().pathAsPointer().toString());assertToken(JsonToken.START_ARRAY,p.nextToken());assertEquals(\"/ob/first\",p.getParsingContext().pathAsPointer().toString());assertToken(JsonToken.VALUE_FALSE,p.nextToken());assertEquals(\"/ob/first/0\",p.getParsingContext().pathAsPointer().toString());assertToken(JsonToken.VALUE_TRUE,p.nextToken());assertEquals(\"/ob/first/1\",p.getParsingContext().pathAsPointer().toString());assertToken(JsonToken.END_ARRAY,p.nextToken());assertEquals(\"/ob/first\",p.getParsingContext().pathAsPointer().toString());assertToken(JsonToken.FIELD_NAME,p.nextToken());assertEquals(\"/ob/second\",p.getParsingContext().pathAsPointer().toString());assertToken(JsonToken.START_OBJECT,p.nextToken());assertEquals(\"/ob/second\",p.getParsingContext().pathAsPointer().toString());assertToken(JsonToken.FIELD_NAME,p.nextToken());assertEquals(\"/ob/second/sub\",p.getParsingContext().pathAsPointer().toString());assertToken(JsonToken.VALUE_NUMBER_INT,p.nextToken());assertEquals(\"/ob/second/sub\",p.getParsingContext().pathAsPointer().toString());assertToken(JsonToken.END_OBJECT,p.nextToken());assertEquals(\"/ob/second\",p.getParsingContext().pathAsPointer().toString());assertToken(JsonToken.END_OBJECT,p.nextToken());assertEquals(\"/ob\",p.getParsingContext().pathAsPointer().toString());assertToken(JsonToken.FIELD_NAME,p.nextToken());assertEquals(\"/b\",p.getParsingContext().pathAsPointer().toString());assertToken(JsonToken.VALUE_TRUE,p.nextToken());assertEquals(\"/b\",p.getParsingContext().pathAsPointer().toString());assertToken(JsonToken.END_OBJECT,p.nextToken());assertSame(JsonPointer.empty(),p.getParsingContext().pathAsPointer());assertNull(p.nextToken());p.close();}}\n"]}, {"content": "public void testMangledFloatsBytes(){_testMangledNumbersFloat(MODE_INPUT_STREAM);_testMangledNumbersFloat(MODE_INPUT_STREAM_THROTTLED);_testMangledNumbersFloat(MODE_DATA_INPUT);}", "fail": 1}, {"content": "public void testInvalidKeywordsBytes(){_testInvalidKeywords(MODE_INPUT_STREAM);_testInvalidKeywords(MODE_INPUT_STREAM_THROTTLED);_testInvalidKeywords(MODE_DATA_INPUT);}", "fail": 0}, {"content": "public void testInvalidKeywordsChars(){_testInvalidKeywords(MODE_READER);}", "fail": 0}, {"content": "public void testMangledIntsBytes(){_testMangledNumbersInt(MODE_INPUT_STREAM);_testMangledNumbersInt(MODE_INPUT_STREAM_THROTTLED);}", "fail": 0}, {"content": "public void testMangledNumbersChars(){_testMangledNumbersInt(MODE_READER);_testMangledNumbersFloat(MODE_READER);}", "fail": 0}, {"content": "public void _testInvalidKeywords(int mode){doTestInvalidKeyword1(mode,\"nul\");doTestInvalidKeyword1(mode,\"Null\");doTestInvalidKeyword1(mode,\"nulla\");doTestInvalidKeyword1(mode,\"fal\");doTestInvalidKeyword1(mode,\"False\");doTestInvalidKeyword1(mode,\"fals0\");doTestInvalidKeyword1(mode,\"falsett0\");doTestInvalidKeyword1(mode,\"tr\");doTestInvalidKeyword1(mode,\"truE\");doTestInvalidKeyword1(mode,\"treu\");doTestInvalidKeyword1(mode,\"trueenough\");doTestInvalidKeyword1(mode,\"C\");}", "fail": 0}, {"content": "public void doTestInvalidKeyword1(int mode, String value){String doc=\"{ \\\"key1\\\" : \" + value + \" }\";JsonParser p=createParser(mode,doc);assertToken(JsonToken.START_OBJECT,p.nextToken());try {  assertToken(JsonToken.FIELD_NAME,p.nextToken());  p.nextToken();  fail(\"Expected an exception for malformed value keyword\");} catch (JsonParseException jex) {  verifyException(jex,\"Unrecognized token\");  verifyException(jex,value);} finally {  p.close();}doc=value + \" \";p=createParser(mode,doc);try {  p.nextToken();  fail(\"Expected an exception for malformed value keyword\");} catch (JsonParseException jex) {  verifyException(jex,\"Unrecognized token\");  verifyException(jex,value);} finally {  p.close();}}", "fail": 0}, {"content": "public void _testMangledNumbersInt(int mode){JsonParser p=createParser(mode,\"123true\");try {  JsonToken t=p.nextToken();  fail(\"Should have gotten an exception; instead got token: \" + t);} catch (JsonParseException e) {  verifyException(e,\"expected space\");}p.close();}", "fail": 0}, {"content": "public void _testMangledNumbersFloat(int mode){JsonParser p=createParser(mode,\"1.5false\");try {  JsonToken t=p.nextToken();  fail(\"Should have gotten an exception; instead got token: \" + t);} catch (JsonParseException e) {  verifyException(e,\"expected space\");}p.close();}", "fail": 0}, {"content": "public void testMangledIntsBytes(){_testMangledNumbersInt(MODE_INPUT_STREAM);_testMangledNumbersInt(MODE_INPUT_STREAM_THROTTLED);}", "fail": 1}, {"content": "public void testInvalidKeywordsBytes(){_testInvalidKeywords(MODE_INPUT_STREAM);_testInvalidKeywords(MODE_INPUT_STREAM_THROTTLED);_testInvalidKeywords(MODE_DATA_INPUT);}", "fail": 0}, {"content": "public void testInvalidKeywordsChars(){_testInvalidKeywords(MODE_READER);}", "fail": 0}, {"content": "public void testMangledFloatsBytes(){_testMangledNumbersFloat(MODE_INPUT_STREAM);_testMangledNumbersFloat(MODE_INPUT_STREAM_THROTTLED);_testMangledNumbersFloat(MODE_DATA_INPUT);}", "fail": 0}, {"content": "public void testMangledNumbersChars(){_testMangledNumbersInt(MODE_READER);_testMangledNumbersFloat(MODE_READER);}", "fail": 0}, {"content": "public void _testInvalidKeywords(int mode){doTestInvalidKeyword1(mode,\"nul\");doTestInvalidKeyword1(mode,\"Null\");doTestInvalidKeyword1(mode,\"nulla\");doTestInvalidKeyword1(mode,\"fal\");doTestInvalidKeyword1(mode,\"False\");doTestInvalidKeyword1(mode,\"fals0\");doTestInvalidKeyword1(mode,\"falsett0\");doTestInvalidKeyword1(mode,\"tr\");doTestInvalidKeyword1(mode,\"truE\");doTestInvalidKeyword1(mode,\"treu\");doTestInvalidKeyword1(mode,\"trueenough\");doTestInvalidKeyword1(mode,\"C\");}", "fail": 0}, {"content": "public void doTestInvalidKeyword1(int mode, String value){String doc=\"{ \\\"key1\\\" : \" + value + \" }\";JsonParser p=createParser(mode,doc);assertToken(JsonToken.START_OBJECT,p.nextToken());try {  assertToken(JsonToken.FIELD_NAME,p.nextToken());  p.nextToken();  fail(\"Expected an exception for malformed value keyword\");} catch (JsonParseException jex) {  verifyException(jex,\"Unrecognized token\");  verifyException(jex,value);} finally {  p.close();}doc=value + \" \";p=createParser(mode,doc);try {  p.nextToken();  fail(\"Expected an exception for malformed value keyword\");} catch (JsonParseException jex) {  verifyException(jex,\"Unrecognized token\");  verifyException(jex,value);} finally {  p.close();}}", "fail": 0}, {"content": "public void _testMangledNumbersInt(int mode){JsonParser p=createParser(mode,\"123true\");try {  JsonToken t=p.nextToken();  fail(\"Should have gotten an exception; instead got token: \" + t);} catch (JsonParseException e) {  verifyException(e,\"expected space\");}p.close();}", "fail": 0}, {"content": "public void _testMangledNumbersFloat(int mode){JsonParser p=createParser(mode,\"1.5false\");try {  JsonToken t=p.nextToken();  fail(\"Should have gotten an exception; instead got token: \" + t);} catch (JsonParseException e) {  verifyException(e,\"expected space\");}p.close();}", "fail": 0}]