[{"diff0": ["class JsonParserTest {public void testConfig(){JsonParser p=createParserUsingReader(\"[ ]\");p.enable(JsonParser.Feature.AUTO_CLOSE_SOURCE);assertTrue(p.isEnabled(JsonParser.Feature.AUTO_CLOSE_SOURCE));p.disable(JsonParser.Feature.AUTO_CLOSE_SOURCE);assertFalse(p.isEnabled(JsonParser.Feature.AUTO_CLOSE_SOURCE));p.configure(JsonParser.Feature.AUTO_CLOSE_SOURCE,true);assertTrue(p.isEnabled(JsonParser.Feature.AUTO_CLOSE_SOURCE));p.configure(JsonParser.Feature.AUTO_CLOSE_SOURCE,false);assertFalse(p.isEnabled(JsonParser.Feature.AUTO_CLOSE_SOURCE));p.close();}}\n", "class JsonParserTest {public void testInterningWithStreams(){_testIntern(true,true,\"a\");_testIntern(true,false,\"b\");}}\n", "class JsonParserTest {public void testInterningWithReaders(){_testIntern(false,true,\"c\");_testIntern(false,false,\"d\");}}\n", "class JsonParserTest {public void _testIntern(boolean useStream, boolean enableIntern, String expName){JsonFactory f=new JsonFactory();f.configure(JsonFactory.Feature.INTERN_FIELD_NAMES,enableIntern);assertEquals(enableIntern,f.isEnabled(JsonFactory.Feature.INTERN_FIELD_NAMES));final String JSON=\"{ \\\"\" + expName + \"\\\" : 1}\";JsonParser p=useStream ? createParserUsingStream(f,JSON,\"UTF-8\") : createParserUsingReader(f,JSON);assertToken(JsonToken.START_OBJECT,p.nextToken());assertToken(JsonToken.FIELD_NAME,p.nextToken());String actName=p.getCurrentName();assertEquals(expName,actName);if (enableIntern) {  assertSame(expName,actName);} else {  assertNotSame(expName,actName);}p.close();}}\n", "class JsonParserTest {public void testSpecExampleSkipping(){_doTestSpec(false);}}\n", "class JsonParserTest {public void testSpecExampleFully(){_doTestSpec(true);}}\n", "class JsonParserTest {public void testKeywords(){final String DOC=\"{\\n\" + \"\\\"key1\\\" : null,\\n\" + \"\\\"key2\\\" : true,\\n\"+ \"\\\"key3\\\" : false,\\n\"+ \"\\\"key4\\\" : [ false, null, true ]\\n\"+ \"}\";JsonParser p=createParserUsingStream(JSON_FACTORY,DOC,\"UTF-8\");_testKeywords(p,true);p.close();p=createParserUsingReader(JSON_FACTORY,DOC);_testKeywords(p,true);p.close();p=createParserForDataInput(JSON_FACTORY,new MockDataInput(DOC));_testKeywords(p,false);p.close();}}\n", "class JsonParserTest {public void _testKeywords(JsonParser p, boolean checkColumn){JsonStreamContext ctxt=p.getParsingContext();assertEquals(\"/\",ctxt.toString());assertTrue(ctxt.inRoot());assertFalse(ctxt.inArray());assertFalse(ctxt.inObject());assertEquals(0,ctxt.getEntryCount());assertEquals(0,ctxt.getCurrentIndex());assertFalse(p.hasCurrentToken());assertNull(p.getText());assertNull(p.getTextCharacters());assertEquals(0,p.getTextLength());assertEquals(0,p.getTextOffset());assertToken(JsonToken.START_OBJECT,p.nextToken());assertEquals(\"/\",ctxt.toString());assertTrue(p.hasCurrentToken());JsonLocation loc=p.getTokenLocation();assertNotNull(loc);assertEquals(1,loc.getLineNr());if (checkColumn) {  assertEquals(1,loc.getColumnNr());}ctxt=p.getParsingContext();assertFalse(ctxt.inRoot());assertFalse(ctxt.inArray());assertTrue(ctxt.inObject());assertEquals(0,ctxt.getEntryCount());assertEquals(0,ctxt.getCurrentIndex());assertToken(JsonToken.FIELD_NAME,p.nextToken());verifyFieldName(p,\"key1\");assertEquals(\"{\\\"key1\\\"}\",ctxt.toString());assertEquals(2,p.getTokenLocation().getLineNr());ctxt=p.getParsingContext();assertFalse(ctxt.inRoot());assertFalse(ctxt.inArray());assertTrue(ctxt.inObject());assertEquals(1,ctxt.getEntryCount());assertEquals(0,ctxt.getCurrentIndex());assertEquals(\"key1\",ctxt.getCurrentName());assertToken(JsonToken.VALUE_NULL,p.nextToken());assertEquals(\"key1\",ctxt.getCurrentName());ctxt=p.getParsingContext();assertEquals(1,ctxt.getEntryCount());assertEquals(0,ctxt.getCurrentIndex());assertToken(JsonToken.FIELD_NAME,p.nextToken());verifyFieldName(p,\"key2\");ctxt=p.getParsingContext();assertEquals(2,ctxt.getEntryCount());assertEquals(1,ctxt.getCurrentIndex());assertEquals(\"key2\",ctxt.getCurrentName());assertToken(JsonToken.VALUE_TRUE,p.nextToken());assertEquals(\"key2\",ctxt.getCurrentName());assertToken(JsonToken.FIELD_NAME,p.nextToken());verifyFieldName(p,\"key3\");assertToken(JsonToken.VALUE_FALSE,p.nextToken());assertToken(JsonToken.FIELD_NAME,p.nextToken());verifyFieldName(p,\"key4\");assertToken(JsonToken.START_ARRAY,p.nextToken());ctxt=p.getParsingContext();assertTrue(ctxt.inArray());assertNull(ctxt.getCurrentName());assertEquals(\"key4\",ctxt.getParent().getCurrentName());assertToken(JsonToken.VALUE_FALSE,p.nextToken());assertEquals(\"[0]\",ctxt.toString());assertToken(JsonToken.VALUE_NULL,p.nextToken());assertToken(JsonToken.VALUE_TRUE,p.nextToken());assertToken(JsonToken.END_ARRAY,p.nextToken());ctxt=p.getParsingContext();assertTrue(ctxt.inObject());assertToken(JsonToken.END_OBJECT,p.nextToken());ctxt=p.getParsingContext();assertTrue(ctxt.inRoot());assertNull(ctxt.getCurrentName());}}\n", "class JsonParserTest {public void testSkipping(){_testSkipping(MODE_INPUT_STREAM);_testSkipping(MODE_INPUT_STREAM_THROTTLED);_testSkipping(MODE_READER);_testSkipping(MODE_DATA_INPUT);}}\n", "class JsonParserTest {public void _testSkipping(int mode){boolean isInputData=(mode == MODE_DATA_INPUT);String DOC=\"[ 1, 3, [ true, null ], 3, { \\\"a\\\":\\\"b\\\" }, [ [ ] ], { } ]\";;JsonParser p=createParser(mode,DOC);assertToken(JsonToken.START_ARRAY,p.nextToken());p.skipChildren();assertEquals(JsonToken.END_ARRAY,p.currentToken());if (!isInputData) {  JsonToken t=p.nextToken();  if (t != null) {    fail(\"Expected null at end of doc, got \" + t);  }}p.close();p=createParser(mode,DOC);assertToken(JsonToken.START_ARRAY,p.nextToken());assertToken(JsonToken.VALUE_NUMBER_INT,p.nextToken());p.skipChildren();assertToken(JsonToken.VALUE_NUMBER_INT,p.currentToken());assertEquals(1,p.getIntValue());assertToken(JsonToken.VALUE_NUMBER_INT,p.nextToken());assertToken(JsonToken.START_ARRAY,p.nextToken());p.skipChildren();assertToken(JsonToken.END_ARRAY,p.currentToken());assertToken(JsonToken.VALUE_NUMBER_INT,p.nextToken());assertToken(JsonToken.START_OBJECT,p.nextToken());p.skipChildren();assertToken(JsonToken.END_OBJECT,p.currentToken());assertToken(JsonToken.START_ARRAY,p.nextToken());p.skipChildren();assertToken(JsonToken.END_ARRAY,p.currentToken());assertToken(JsonToken.START_OBJECT,p.nextToken());p.skipChildren();assertToken(JsonToken.END_OBJECT,p.currentToken());assertToken(JsonToken.END_ARRAY,p.nextToken());p.close();}}\n", "class JsonParserTest {public void testNameEscaping(){_testNameEscaping(MODE_INPUT_STREAM);_testNameEscaping(MODE_READER);_testNameEscaping(MODE_DATA_INPUT);}}\n", "class JsonParserTest {public void _testNameEscaping(int mode){final Map<String,String> NAME_MAP=new LinkedHashMap<String,String>();NAME_MAP.put(\"\",\"\");NAME_MAP.put(\"\\\\\\\"funny\\\\\\\"\",\"\\\"funny\\\"\");NAME_MAP.put(\"\\\\\\\\\",\"\\\\\");NAME_MAP.put(\"\\\\r\",\"\\r\");NAME_MAP.put(\"\\\\n\",\"\\n\");NAME_MAP.put(\"\\\\t\",\"\\t\");NAME_MAP.put(\"\\\\r\\\\n\",\"\\r\\n\");NAME_MAP.put(\"\\\\\\\"\\\\\\\"\",\"\\\"\\\"\");NAME_MAP.put(\"Line\\\\nfeed\",\"Line\\nfeed\");NAME_MAP.put(\"Yet even longer \\\\\\\"name\\\\\\\"!\",\"Yet even longer \\\"name\\\"!\");int entry=0;for (Map.Entry<String,String> en : NAME_MAP.entrySet()) {  ++entry;  String input=en.getKey();  String expResult=en.getValue();  final String DOC=\"{ \\\"\" + input + \"\\\":null}\";  JsonParser p=createParser(mode,DOC);  assertToken(JsonToken.START_OBJECT,p.nextToken());  assertToken(JsonToken.FIELD_NAME,p.nextToken());  String act=p.getCurrentName();  assertEquals(act,getAndVerifyText(p));  if (!expResult.equals(act)) {    String msg=\"Failed for name #\" + entry + \"/\"+ NAME_MAP.size();    if (expResult.length() != act.length()) {      fail(msg + \": exp length \" + expResult.length()+ \", actual \"+ act.length());    }    assertEquals(msg,expResult,act);  }  assertToken(JsonToken.VALUE_NULL,p.nextToken());  assertToken(JsonToken.END_OBJECT,p.nextToken());  p.close();}}}\n", "class JsonParserTest {public void testLongText(){_testLongText(310);_testLongText(7700);_testLongText(49000);_testLongText(96000);}}\n", "class JsonParserTest {public void _testLongText(int LEN){StringBuilder sb=new StringBuilder(LEN + 100);Random r=new Random(LEN);while (sb.length() < LEN) {  sb.append(r.nextInt());  sb.append(\" xyz foo\");  if (r.nextBoolean()) {    sb.append(\" and \\\"bar\\\"\");  } else   if (r.nextBoolean()) {    sb.append(\" [whatever].... \");  } else {    sb.append(\" UTF-8-fu: try this {\\u00E2/\\u0BF8/\\uA123!} (look funny?)\");  }  if (r.nextBoolean()) {    if (r.nextBoolean()) {      sb.append('\\n');    } else     if (r.nextBoolean()) {      sb.append('\\r');    } else {      sb.append(\"\\r\\n\");    }  }}final String VALUE=sb.toString();StringWriter sw=new StringWriter(LEN + (LEN >> 2));JsonGenerator g=JSON_FACTORY.createGenerator(sw);g.writeStartObject();g.writeFieldName(\"doc\");g.writeString(VALUE);g.writeEndObject();g.close();final String DOC=sw.toString();for (int type=0; type < 4; ++type) {  JsonParser p;switch (type) {case MODE_INPUT_STREAM:case MODE_READER:case MODE_DATA_INPUT:    p=createParser(type,DOC);  break;default :p=JSON_FACTORY.createParser(encodeInUTF32BE(DOC));}assertToken(JsonToken.START_OBJECT,p.nextToken());assertToken(JsonToken.FIELD_NAME,p.nextToken());assertEquals(\"doc\",p.getCurrentName());assertToken(JsonToken.VALUE_STRING,p.nextToken());String act=getAndVerifyText(p);if (act.length() != VALUE.length()) {fail(\"Expected length \" + VALUE.length() + \", got \"+ act.length()+ \" (mode = \"+ type+ \")\");}if (!act.equals(VALUE)) {fail(\"Long text differs\");}assertEquals(\"doc\",p.getCurrentName());assertToken(JsonToken.END_OBJECT,p.nextToken());if (type != MODE_DATA_INPUT) {assertNull(p.nextToken());}p.close();}}}\n", "class JsonParserTest {public void testBytesAsSource(){String JSON=\"[ 1, 2, 3, 4 ]\";byte[] b=JSON.getBytes(\"UTF-8\");int offset=50;int len=b.length;byte[] src=new byte[offset + len + offset];System.arraycopy(b,0,src,offset,len);JsonParser p=JSON_FACTORY.createParser(src,offset,len);assertToken(JsonToken.START_ARRAY,p.nextToken());assertToken(JsonToken.VALUE_NUMBER_INT,p.nextToken());assertEquals(1,p.getIntValue());assertToken(JsonToken.VALUE_NUMBER_INT,p.nextToken());assertEquals(2,p.getIntValue());assertToken(JsonToken.VALUE_NUMBER_INT,p.nextToken());assertEquals(3,p.getIntValue());assertToken(JsonToken.VALUE_NUMBER_INT,p.nextToken());assertEquals(4,p.getIntValue());assertToken(JsonToken.END_ARRAY,p.nextToken());assertNull(p.nextToken());p.close();}}\n", "class JsonParserTest {public void testUtf8BOMHandling(){ByteArrayOutputStream bytes=new ByteArrayOutputStream();bytes.write(0xEF);bytes.write(0xBB);bytes.write(0xBF);bytes.write(\"[ 1 ]\".getBytes(\"UTF-8\"));byte[] input=bytes.toByteArray();JsonParser p=JSON_FACTORY.createParser(input);assertEquals(JsonToken.START_ARRAY,p.nextToken());JsonLocation loc=p.getTokenLocation();assertEquals(0,loc.getByteOffset());assertEquals(-1,loc.getCharOffset());assertEquals(JsonToken.VALUE_NUMBER_INT,p.nextToken());assertEquals(JsonToken.END_ARRAY,p.nextToken());p.close();p=JSON_FACTORY.createParser(new MockDataInput(input));assertEquals(JsonToken.START_ARRAY,p.nextToken());loc=p.getTokenLocation();assertNotNull(loc);assertEquals(JsonToken.VALUE_NUMBER_INT,p.nextToken());assertEquals(JsonToken.END_ARRAY,p.nextToken());p.close();}}\n", "class JsonParserTest {public void testSpacesInURL(){File f=File.createTempFile(\"pre fix&stuff\",\".txt\");BufferedWriter w=new BufferedWriter(new OutputStreamWriter(new FileOutputStream(f),\"UTF-8\"));w.write(\"{ }\");w.close();URL url=f.toURI().toURL();JsonParser p=JSON_FACTORY.createParser(url);assertToken(JsonToken.START_OBJECT,p.nextToken());assertToken(JsonToken.END_OBJECT,p.nextToken());p.close();}}\n", "class JsonParserTest {public void testHandlingOfInvalidSpaceByteStream(){_testHandlingOfInvalidSpace(MODE_INPUT_STREAM);_testHandlingOfInvalidSpaceFromResource(true);}}\n", "class JsonParserTest {public void testHandlingOfInvalidSpaceChars(){_testHandlingOfInvalidSpace(MODE_READER);_testHandlingOfInvalidSpaceFromResource(false);}}\n", "class JsonParserTest {public void testHandlingOfInvalidSpaceDataInput(){_testHandlingOfInvalidSpace(MODE_DATA_INPUT);}}\n", "class JsonParserTest {public void _testHandlingOfInvalidSpace(int mode){final String JSON=\"{ \\u00A0 \\\"a\\\":1}\";JsonParser p=createParser(mode,JSON);assertToken(JsonToken.START_OBJECT,p.nextToken());try {  p.nextToken();  fail(\"Should have failed\");} catch (JsonParseException e) {  verifyException(e,\"unexpected character\");  verifyException(e,\"code 160\");}p.close();}}\n", "class JsonParserTest {public void _testHandlingOfInvalidSpaceFromResource(boolean useStream){InputStream in=getClass().getResourceAsStream(\"/test_0xA0.json\");JsonParser p=useStream ? JSON_FACTORY.createParser(in) : JSON_FACTORY.createParser(new InputStreamReader(in,\"UTF-8\"));assertToken(JsonToken.START_OBJECT,p.nextToken());try {  assertToken(JsonToken.FIELD_NAME,p.nextToken());  assertEquals(\"request\",p.getCurrentName());  assertToken(JsonToken.START_OBJECT,p.nextToken());  assertToken(JsonToken.FIELD_NAME,p.nextToken());  assertEquals(\"mac\",p.getCurrentName());  assertToken(JsonToken.VALUE_STRING,p.nextToken());  assertNotNull(p.getText());  assertToken(JsonToken.FIELD_NAME,p.nextToken());  assertEquals(\"data\",p.getCurrentName());  assertToken(JsonToken.START_OBJECT,p.nextToken());  while (p.nextToken() != null) {  }  fail(\"Should have failed\");} catch (JsonParseException e) {  verifyException(e,\"unexpected character\");  verifyException(e,\"code 160\");}p.close();}}\n", "class JsonParserTest {public void testGetValueAsTextBytes(){_testGetValueAsText(MODE_INPUT_STREAM,false);_testGetValueAsText(MODE_INPUT_STREAM,true);}}\n", "class JsonParserTest {public void testGetValueAsTextDataInput(){_testGetValueAsText(MODE_DATA_INPUT,false);_testGetValueAsText(MODE_DATA_INPUT,true);}}\n", "class JsonParserTest {public void testGetValueAsTextChars(){_testGetValueAsText(MODE_READER,false);_testGetValueAsText(MODE_READER,true);}}\n", "class JsonParserTest {public void _testGetValueAsText(int mode, boolean delegate){String JSON=\"{\\\"a\\\":1,\\\"b\\\":true,\\\"c\\\":null,\\\"d\\\":\\\"foo\\\"}\";JsonParser p=createParser(mode,JSON);if (delegate) {  p=new JsonParserDelegate(p);}assertToken(JsonToken.START_OBJECT,p.nextToken());assertNull(p.getValueAsString());assertEquals(\"foobar\",p.getValueAsString(\"foobar\"));assertToken(JsonToken.FIELD_NAME,p.nextToken());assertEquals(\"a\",p.getText());assertEquals(\"a\",p.getValueAsString());assertEquals(\"a\",p.getValueAsString(\"default\"));assertToken(JsonToken.VALUE_NUMBER_INT,p.nextToken());assertEquals(\"1\",p.getValueAsString());assertToken(JsonToken.FIELD_NAME,p.nextToken());assertEquals(\"b\",p.getValueAsString());assertToken(JsonToken.VALUE_TRUE,p.nextToken());assertEquals(\"true\",p.getValueAsString());assertEquals(\"true\",p.getValueAsString(\"foobar\"));assertToken(JsonToken.FIELD_NAME,p.nextToken());assertEquals(\"c\",p.getValueAsString());assertToken(JsonToken.VALUE_NULL,p.nextToken());assertNull(p.getValueAsString());assertToken(JsonToken.FIELD_NAME,p.nextToken());assertEquals(\"d\",p.getValueAsString());assertToken(JsonToken.VALUE_STRING,p.nextToken());assertEquals(\"foo\",p.getValueAsString(\"default\"));assertEquals(\"foo\",p.getValueAsString());assertToken(JsonToken.END_OBJECT,p.nextToken());assertNull(p.getValueAsString());if (mode != MODE_DATA_INPUT) {  assertNull(p.nextToken());}p.close();}}\n", "class JsonParserTest {public void testGetTextViaWriter(){for (int mode : ALL_MODES) {  _testGetTextViaWriter(mode);}}}\n", "class JsonParserTest {public void _testGetTextViaWriter(int mode){final String INPUT_TEXT=\"this is a sample text for json parsing using readText() method\";final String JSON=\"{\\\"a\\\":\\\"\" + INPUT_TEXT + \"\\\",\\\"b\\\":true,\\\"c\\\":null,\\\"d\\\":\\\"foo\\\"}\";JsonParser parser=createParser(mode,JSON);assertToken(JsonToken.START_OBJECT,parser.nextToken());assertToken(JsonToken.FIELD_NAME,parser.nextToken());assertEquals(\"a\",parser.getCurrentName());assertToken(JsonToken.VALUE_STRING,parser.nextToken());Writer writer=new StringWriter();int len=parser.getText(writer);String resultString=writer.toString();assertEquals(len,resultString.length());assertEquals(INPUT_TEXT,resultString);parser.close();}}\n", "class JsonParserTest {public void testLongerReadText(){for (int mode : ALL_MODES) {  _testLongerReadText(mode);}}}\n", "class JsonParserTest {public void _testLongerReadText(int mode){StringBuilder builder=new StringBuilder();for (int i=0; i < 1000; i++) {  builder.append(\"Sample Text\" + i);}String longText=builder.toString();final String JSON=\"{\\\"a\\\":\\\"\" + longText + \"\\\",\\\"b\\\":true,\\\"c\\\":null,\\\"d\\\":\\\"foo\\\"}\";JsonParser parser=createParser(MODE_READER,JSON);assertToken(JsonToken.START_OBJECT,parser.nextToken());assertToken(JsonToken.FIELD_NAME,parser.nextToken());assertEquals(\"a\",parser.getCurrentName());assertToken(JsonToken.VALUE_STRING,parser.nextToken());Writer writer=new StringWriter();int len=parser.getText(writer);String resultString=writer.toString();assertEquals(len,resultString.length());assertEquals(longText,resultString);parser.close();}}\n", "class JsonParserTest {public void _doTestSpec(boolean verify){JsonParser p;p=createParserUsingReader(JSON_FACTORY,SAMPLE_DOC_JSON_SPEC);verifyJsonSpecSampleDoc(p,verify);p.close();p=createParserUsingStream(JSON_FACTORY,SAMPLE_DOC_JSON_SPEC,\"UTF-8\");verifyJsonSpecSampleDoc(p,verify);p.close();p=createParserUsingStream(JSON_FACTORY,SAMPLE_DOC_JSON_SPEC,\"UTF-16BE\");verifyJsonSpecSampleDoc(p,verify);p.close();p=createParserUsingStream(JSON_FACTORY,SAMPLE_DOC_JSON_SPEC,\"UTF-16LE\");verifyJsonSpecSampleDoc(p,verify);p.close();p=createParserUsingStream(JSON_FACTORY,SAMPLE_DOC_JSON_SPEC,\"UTF-32\");verifyJsonSpecSampleDoc(p,verify);p.close();p=createParserForDataInput(JSON_FACTORY,new MockDataInput(SAMPLE_DOC_JSON_SPEC));verifyJsonSpecSampleDoc(p,verify);p.close();}}\n", "class LocationOffsets533Test {public void testOffsetWithoutInputOffset(){JsonLocation loc;JsonParser p;byte[] b=\"   { }  \".getBytes(\"UTF-8\");p=JSON_F.createParser(b);assertToken(JsonToken.START_OBJECT,p.nextToken());loc=p.getTokenLocation();assertEquals(3L,loc.getByteOffset());assertEquals(-1L,loc.getCharOffset());assertEquals(1,loc.getLineNr());assertEquals(4,loc.getColumnNr());loc=p.getCurrentLocation();assertEquals(4L,loc.getByteOffset());assertEquals(-1L,loc.getCharOffset());assertEquals(1,loc.getLineNr());assertEquals(5,loc.getColumnNr());p.close();}}\n", "class LocationOffsets533Test {public void testUtf8Bom(){JsonLocation loc;JsonParser p;byte[] b=withUtf8Bom(\"{ }\".getBytes());p=JSON_F.createParser(b);assertToken(JsonToken.START_OBJECT,p.nextToken());loc=p.getTokenLocation();assertEquals(3L,loc.getByteOffset());assertEquals(-1L,loc.getCharOffset());assertEquals(1,loc.getLineNr());assertEquals(4,loc.getColumnNr());loc=p.getCurrentLocation();assertEquals(4L,loc.getByteOffset());assertEquals(-1L,loc.getCharOffset());assertEquals(1,loc.getLineNr());assertEquals(5,loc.getColumnNr());p.close();}}\n", "class LocationOffsets533Test {public void testUtf8BomWithPadding(){JsonLocation loc;JsonParser p;byte[] b=withUtf8Bom(\"   { }\".getBytes());p=JSON_F.createParser(b);assertToken(JsonToken.START_OBJECT,p.nextToken());loc=p.getTokenLocation();assertEquals(6L,loc.getByteOffset());assertEquals(-1L,loc.getCharOffset());assertEquals(1,loc.getLineNr());assertEquals(7,loc.getColumnNr());loc=p.getCurrentLocation();assertEquals(7L,loc.getByteOffset());assertEquals(-1L,loc.getCharOffset());assertEquals(1,loc.getLineNr());assertEquals(8,loc.getColumnNr());p.close();}}\n", "class LocationOffsets533Test {public void testUtf8BomWithInputOffset(){JsonLocation loc;JsonParser p;byte[] b=withUtf8Bom(\"   { }\".getBytes());p=JSON_F.createParser(b);assertToken(JsonToken.START_OBJECT,p.nextToken());loc=p.getTokenLocation();assertEquals(6L,loc.getByteOffset());assertEquals(-1L,loc.getCharOffset());assertEquals(1,loc.getLineNr());assertEquals(7,loc.getColumnNr());loc=p.getCurrentLocation();assertEquals(7L,loc.getByteOffset());assertEquals(-1L,loc.getCharOffset());assertEquals(1,loc.getLineNr());assertEquals(8,loc.getColumnNr());p.close();}}\n", "class LocationOffsets533Test {public byte[] withUtf8Bom(byte bytes){byte[] arr=new byte[bytes.length + 3];arr[0]=(byte)0xEF;arr[1]=(byte)0xBB;arr[2]=(byte)0xBF;System.arraycopy(bytes,0,arr,3,bytes.length);return arr;}}\n"]}, {"content": "public void testMangledFloatsBytes(){_testMangledNumbersFloat(MODE_INPUT_STREAM);_testMangledNumbersFloat(MODE_INPUT_STREAM_THROTTLED);_testMangledNumbersFloat(MODE_DATA_INPUT);}", "fail": 1}, {"content": "public void testInvalidKeywordsBytes(){_testInvalidKeywords(MODE_INPUT_STREAM);_testInvalidKeywords(MODE_INPUT_STREAM_THROTTLED);_testInvalidKeywords(MODE_DATA_INPUT);}", "fail": 0}, {"content": "public void testInvalidKeywordsChars(){_testInvalidKeywords(MODE_READER);}", "fail": 0}, {"content": "public void testMangledIntsBytes(){_testMangledNumbersInt(MODE_INPUT_STREAM);_testMangledNumbersInt(MODE_INPUT_STREAM_THROTTLED);}", "fail": 0}, {"content": "public void testMangledNumbersChars(){_testMangledNumbersInt(MODE_READER);_testMangledNumbersFloat(MODE_READER);}", "fail": 0}, {"content": "public void _testInvalidKeywords(int mode){doTestInvalidKeyword1(mode,\"nul\");doTestInvalidKeyword1(mode,\"Null\");doTestInvalidKeyword1(mode,\"nulla\");doTestInvalidKeyword1(mode,\"fal\");doTestInvalidKeyword1(mode,\"False\");doTestInvalidKeyword1(mode,\"fals0\");doTestInvalidKeyword1(mode,\"falsett0\");doTestInvalidKeyword1(mode,\"tr\");doTestInvalidKeyword1(mode,\"truE\");doTestInvalidKeyword1(mode,\"treu\");doTestInvalidKeyword1(mode,\"trueenough\");doTestInvalidKeyword1(mode,\"C\");}", "fail": 0}, {"content": "public void doTestInvalidKeyword1(int mode, String value){String doc=\"{ \\\"key1\\\" : \" + value + \" }\";JsonParser p=createParser(mode,doc);assertToken(JsonToken.START_OBJECT,p.nextToken());try {  assertToken(JsonToken.FIELD_NAME,p.nextToken());  p.nextToken();  fail(\"Expected an exception for malformed value keyword\");} catch (JsonParseException jex) {  verifyException(jex,\"Unrecognized token\");  verifyException(jex,value);} finally {  p.close();}doc=value + \" \";p=createParser(mode,doc);try {  p.nextToken();  fail(\"Expected an exception for malformed value keyword\");} catch (JsonParseException jex) {  verifyException(jex,\"Unrecognized token\");  verifyException(jex,value);} finally {  p.close();}}", "fail": 0}, {"content": "public void _testMangledNumbersInt(int mode){JsonParser p=createParser(mode,\"123true\");try {  JsonToken t=p.nextToken();  fail(\"Should have gotten an exception; instead got token: \" + t);} catch (JsonParseException e) {  verifyException(e,\"expected space\");}p.close();}", "fail": 0}, {"content": "public void _testMangledNumbersFloat(int mode){JsonParser p=createParser(mode,\"1.5false\");try {  JsonToken t=p.nextToken();  fail(\"Should have gotten an exception; instead got token: \" + t);} catch (JsonParseException e) {  verifyException(e,\"expected space\");}p.close();}", "fail": 0}, {"content": "public void testMangledIntsBytes(){_testMangledNumbersInt(MODE_INPUT_STREAM);_testMangledNumbersInt(MODE_INPUT_STREAM_THROTTLED);}", "fail": 1}, {"content": "public void testInvalidKeywordsBytes(){_testInvalidKeywords(MODE_INPUT_STREAM);_testInvalidKeywords(MODE_INPUT_STREAM_THROTTLED);_testInvalidKeywords(MODE_DATA_INPUT);}", "fail": 0}, {"content": "public void testInvalidKeywordsChars(){_testInvalidKeywords(MODE_READER);}", "fail": 0}, {"content": "public void testMangledFloatsBytes(){_testMangledNumbersFloat(MODE_INPUT_STREAM);_testMangledNumbersFloat(MODE_INPUT_STREAM_THROTTLED);_testMangledNumbersFloat(MODE_DATA_INPUT);}", "fail": 0}, {"content": "public void testMangledNumbersChars(){_testMangledNumbersInt(MODE_READER);_testMangledNumbersFloat(MODE_READER);}", "fail": 0}, {"content": "public void _testInvalidKeywords(int mode){doTestInvalidKeyword1(mode,\"nul\");doTestInvalidKeyword1(mode,\"Null\");doTestInvalidKeyword1(mode,\"nulla\");doTestInvalidKeyword1(mode,\"fal\");doTestInvalidKeyword1(mode,\"False\");doTestInvalidKeyword1(mode,\"fals0\");doTestInvalidKeyword1(mode,\"falsett0\");doTestInvalidKeyword1(mode,\"tr\");doTestInvalidKeyword1(mode,\"truE\");doTestInvalidKeyword1(mode,\"treu\");doTestInvalidKeyword1(mode,\"trueenough\");doTestInvalidKeyword1(mode,\"C\");}", "fail": 0}, {"content": "public void doTestInvalidKeyword1(int mode, String value){String doc=\"{ \\\"key1\\\" : \" + value + \" }\";JsonParser p=createParser(mode,doc);assertToken(JsonToken.START_OBJECT,p.nextToken());try {  assertToken(JsonToken.FIELD_NAME,p.nextToken());  p.nextToken();  fail(\"Expected an exception for malformed value keyword\");} catch (JsonParseException jex) {  verifyException(jex,\"Unrecognized token\");  verifyException(jex,value);} finally {  p.close();}doc=value + \" \";p=createParser(mode,doc);try {  p.nextToken();  fail(\"Expected an exception for malformed value keyword\");} catch (JsonParseException jex) {  verifyException(jex,\"Unrecognized token\");  verifyException(jex,value);} finally {  p.close();}}", "fail": 0}, {"content": "public void _testMangledNumbersInt(int mode){JsonParser p=createParser(mode,\"123true\");try {  JsonToken t=p.nextToken();  fail(\"Should have gotten an exception; instead got token: \" + t);} catch (JsonParseException e) {  verifyException(e,\"expected space\");}p.close();}", "fail": 0}, {"content": "public void _testMangledNumbersFloat(int mode){JsonParser p=createParser(mode,\"1.5false\");try {  JsonToken t=p.nextToken();  fail(\"Should have gotten an exception; instead got token: \" + t);} catch (JsonParseException e) {  verifyException(e,\"expected space\");}p.close();}", "fail": 0}]