[{"diff0": ["class CSVParser {public CSVParser parse(final File file, final CSVFormat format){Assertions.notNull(file,\"file\");Assertions.notNull(format,\"format\");return new CSVParser(new FileReader(file),format);}}\n", "class CSVParser {public CSVParser parse(final String string, final CSVFormat format){Assertions.notNull(string,\"string\");Assertions.notNull(format,\"format\");return new CSVParser(new StringReader(string),format);}}\n", "class CSVParser {public CSVParser parse(final URL url, final Charset charset, final CSVFormat format){Assertions.notNull(url,\"url\");Assertions.notNull(format,\"format\");return new CSVParser(new InputStreamReader(url.openStream(),charset == null ? Charset.forName(\"UTF-8\") : charset),format);}}\n", "class CSVParser {public CSVParser(final Reader reader, final CSVFormat format){Assertions.notNull(reader,\"reader\");Assertions.notNull(format,\"format\");format.validate();this.format=format;this.lexer=new Lexer(format,new ExtendedBufferedReader(reader));this.headerMap=this.initializeHeader();}}\n", "class CSVParser {public void addRecordValue(){final String input=this.reusableToken.content.toString();final String nullString=this.format.getNullString();if (nullString == null) {  this.record.add(input);} else {  this.record.add(input.equalsIgnoreCase(nullString) ? null : input);}}}\n", "class CSVParser {public void close(){if (this.lexer != null) {  this.lexer.close();}}}\n", "class CSVParser {public long getCurrentLineNumber(){return this.lexer.getCurrentLineNumber();}}\n", "class CSVParser {public Map<String,Integer> getHeaderMap(){return this.headerMap == null ? null : new LinkedHashMap<String,Integer>(this.headerMap);}}\n", "class CSVParser {public long getRecordNumber(){return this.recordNumber;}}\n", "class CSVParser {public List<CSVRecord> getRecords(){final List<CSVRecord> records=new ArrayList<CSVRecord>();CSVRecord rec;while ((rec=this.nextRecord()) != null) {  records.add(rec);}return records;}}\n", "class CSVParser {public Map<String,Integer> initializeHeader(){Map<String,Integer> hdrMap=null;final String[] formatHeader=this.format.getHeader();if (formatHeader != null) {  hdrMap=new LinkedHashMap<String,Integer>();  String[] header=null;  if (formatHeader.length == 0) {    final CSVRecord nextRecord=this.nextRecord();    if (nextRecord != null) {      header=nextRecord.values();    }  } else {    if (this.format.getSkipHeaderRecord()) {      this.nextRecord();    }    header=formatHeader;  }  if (header != null) {    for (int i=0; i < header.length; i++) {      hdrMap.put(header[i],Integer.valueOf(i));    }  }}return hdrMap;}}\n", "class CSVParser {public boolean isClosed(){return this.lexer.isClosed();}}\n", "class CSVParser {public Iterator<CSVRecord> iterator(){return new Iterator<CSVRecord>(){  private CSVRecord current;  private CSVRecord getNextRecord(){    try {      return CSVParser.this.nextRecord();    } catch (    final IOException e) {      throw new RuntimeException(e);    }  }  public boolean hasNext(){    if (CSVParser.this.isClosed()) {      return false;    }    if (this.current == null) {      this.current=this.getNextRecord();    }    return this.current != null;  }  public CSVRecord next(){    if (CSVParser.this.isClosed()) {      throw new NoSuchElementException(\"CSVParser has been closed\");    }    CSVRecord next=this.current;    this.current=null;    if (next == null) {      next=this.getNextRecord();      if (next == null) {        throw new NoSuchElementException(\"No more CSV records available\");      }    }    return next;  }  public void remove(){    throw new UnsupportedOperationException();  }};}}\n", "class CSVParser {public CSVRecord nextRecord(){CSVRecord result=null;this.record.clear();StringBuilder sb=null;do {  this.reusableToken.reset();  this.lexer.nextToken(this.reusableToken);switch (this.reusableToken.type) {case TOKEN:    this.addRecordValue();  break;case EORECORD:this.addRecordValue();break;case EOF:if (this.reusableToken.isReady) {this.addRecordValue();}break;case INVALID:throw new IOException(\"(line \" + this.getCurrentLineNumber() + \") invalid parse sequence\");case COMMENT:if (sb == null) {sb=new StringBuilder();} else {sb.append(Constants.LF);}sb.append(this.reusableToken.content);this.reusableToken.type=TOKEN;break;}} while (this.reusableToken.type == TOKEN);if (!this.record.isEmpty()) {  this.recordNumber++;  final String comment=sb == null ? null : sb.toString();  result=new CSVRecord(this.record.toArray(new String[this.record.size()]),this.headerMap,comment,this.recordNumber);}return result;}}\n"]}, {"content": "public void testParserUrlNullCharsetFormat(){CSVParser.parse(new URL(\"http://commons.apache.org\"),null,CSVFormat.DEFAULT);}", "fail": 1}, {"content": "public void testBackslashEscaping(){final String code=\"one,two,three\\n\" + \"'',''\\n\" + \"/',/'\\n\"+ \"'/'','/''\\n\"+ \"'''',''''\\n\"+ \"/,,/,\\n\"+ \"//,//\\n\"+ \"'//','//'\\n\"+ \"   8   ,   \\\"quoted \\\"\\\" /\\\" // string\\\"   \\n\"+ \"9,   /\\n   \\n\"+ \"\";final String[][] res={{\"one\",\"two\",\"three\"},{\"\",\"\"},{\"'\",\"'\"},{\"'\",\"'\"},{\"'\",\"'\"},{\",\",\",\"},{\"/\",\"/\"},{\"/\",\"/\"},{\"   8   \",\"   \\\"quoted \\\"\\\" /\\\" / string\\\"   \"},{\"9\",\"   \\n   \"}};final CSVFormat format=CSVFormat.newFormat(',').withQuoteChar('\\'').withRecordSeparator(CRLF).withEscape('/').withIgnoreEmptyLines(true);final CSVParser parser=CSVParser.parse(code,format);final List<CSVRecord> records=parser.getRecords();assertTrue(records.size() > 0);Utils.compare(\"Records do not match expected result\",res,records);}", "fail": 0}, {"content": "public void testBackslashEscaping2(){final String code=\"\" + \" , , \\n\" + \" \\t ,  , \\n\"+ \" // , /, , /,\\n\"+ \"\";final String[][] res={{\" \",\" \",\" \"},{\" \\t \",\"  \",\" \"},{\" / \",\" , \",\" ,\"}};final CSVFormat format=CSVFormat.newFormat(',').withRecordSeparator(CRLF).withEscape('/').withIgnoreEmptyLines(true);final CSVParser parser=CSVParser.parse(code,format);final List<CSVRecord> records=parser.getRecords();assertTrue(records.size() > 0);Utils.compare(\"\",res,records);}", "fail": 0}, {"content": "public void testBackslashEscapingOld(){final String code=\"one,two,three\\n\" + \"on\\\\\\\"e,two\\n\" + \"on\\\"e,two\\n\"+ \"one,\\\"tw\\\\\\\"o\\\"\\n\"+ \"one,\\\"t\\\\,wo\\\"\\n\"+ \"one,two,\\\"th,ree\\\"\\n\"+ \"\\\"a\\\\\\\\\\\"\\n\"+ \"a\\\\,b\\n\"+ \"\\\"a\\\\\\\\,b\\\"\";final String[][] res={{\"one\",\"two\",\"three\"},{\"on\\\\\\\"e\",\"two\"},{\"on\\\"e\",\"two\"},{\"one\",\"tw\\\"o\"},{\"one\",\"t\\\\,wo\"},{\"one\",\"two\",\"th,ree\"},{\"a\\\\\\\\\"},{\"a\\\\\",\"b\"},{\"a\\\\\\\\,b\"}};final CSVParser parser=CSVParser.parse(code,CSVFormat.DEFAULT);final List<CSVRecord> records=parser.getRecords();assertEquals(res.length,records.size());assertTrue(records.size() > 0);for (int i=0; i < res.length; i++) {  assertArrayEquals(res[i],records.get(i).values());}}", "fail": 0}, {"content": "public void testCarriageReturnEndings(){final String code=\"foo\\rbaar,\\rhello,world\\r,kanu\";final CSVParser parser=CSVParser.parse(code,CSVFormat.DEFAULT);final List<CSVRecord> records=parser.getRecords();assertEquals(4,records.size());}", "fail": 0}, {"content": "public void testCarriageReturnLineFeedEndings(){final String code=\"foo\\r\\nbaar,\\r\\nhello,world\\r\\n,kanu\";final CSVParser parser=CSVParser.parse(code,CSVFormat.DEFAULT);final List<CSVRecord> records=parser.getRecords();assertEquals(4,records.size());}", "fail": 0}, {"content": "public void testClose(){final Reader in=new StringReader(\"# comment\\na,b,c\\n1,2,3\\nx,y,z\");final CSVParser parser=CSVFormat.DEFAULT.withCommentStart('#').withHeader().parse(in);final Iterator<CSVRecord> records=parser.iterator();assertTrue(records.hasNext());parser.close();assertFalse(records.hasNext());records.next();}", "fail": 0}, {"content": "public void testCSV57(){final CSVParser parser=CSVParser.parse(\"\",CSVFormat.DEFAULT);final List<CSVRecord> list=parser.getRecords();assertNotNull(list);assertEquals(0,list.size());}", "fail": 0}, {"content": "public void testDefaultFormat(){final String code=\"\" + \"a,b#\\n\" + \"\\\"\\n\\\",\\\" \\\",#\\n\"+ \"#,\\\"\\\"\\n\"+ \"# Final comment\\n\";final String[][] res={{\"a\",\"b#\"},{\"\\n\",\" \",\"#\"},{\"#\",\"\"},{\"# Final comment\"}};CSVFormat format=CSVFormat.DEFAULT;assertFalse(format.isCommentingEnabled());CSVParser parser=CSVParser.parse(code,format);List<CSVRecord> records=parser.getRecords();assertTrue(records.size() > 0);Utils.compare(\"Failed to parse without comments\",res,records);final String[][] res_comments={{\"a\",\"b#\"},{\"\\n\",\" \",\"#\"}};format=CSVFormat.DEFAULT.withCommentStart('#');parser=CSVParser.parse(code,format);records=parser.getRecords();Utils.compare(\"Failed to parse with comments\",res_comments,records);}", "fail": 0}, {"content": "public void testEmptyFile(){final CSVParser parser=CSVParser.parse(\"\",CSVFormat.DEFAULT);assertNull(parser.nextRecord());}", "fail": 0}, {"content": "public void testEmptyLineBehaviourCSV(){final String[] codes={\"hello,\\r\\n\\r\\n\\r\\n\",\"hello,\\n\\n\\n\",\"hello,\\\"\\\"\\r\\n\\r\\n\\r\\n\",\"hello,\\\"\\\"\\n\\n\\n\"};final String[][] res={{\"hello\",\"\"}};for (final String code : codes) {  final CSVParser parser=CSVParser.parse(code,CSVFormat.DEFAULT);  final List<CSVRecord> records=parser.getRecords();  assertEquals(res.length,records.size());  assertTrue(records.size() > 0);  for (int i=0; i < res.length; i++) {    assertArrayEquals(res[i],records.get(i).values());  }}}", "fail": 0}, {"content": "public void testEmptyLineBehaviourExcel(){final String[] codes={\"hello,\\r\\n\\r\\n\\r\\n\",\"hello,\\n\\n\\n\",\"hello,\\\"\\\"\\r\\n\\r\\n\\r\\n\",\"hello,\\\"\\\"\\n\\n\\n\"};final String[][] res={{\"hello\",\"\"},{\"\"},{\"\"}};for (final String code : codes) {  final CSVParser parser=CSVParser.parse(code,CSVFormat.EXCEL);  final List<CSVRecord> records=parser.getRecords();  assertEquals(res.length,records.size());  assertTrue(records.size() > 0);  for (int i=0; i < res.length; i++) {    assertArrayEquals(res[i],records.get(i).values());  }}}", "fail": 0}, {"content": "public void testEndOfFileBehaviorCSV(){final String[] codes={\"hello,\\r\\n\\r\\nworld,\\r\\n\",\"hello,\\r\\n\\r\\nworld,\",\"hello,\\r\\n\\r\\nworld,\\\"\\\"\\r\\n\",\"hello,\\r\\n\\r\\nworld,\\\"\\\"\",\"hello,\\r\\n\\r\\nworld,\\n\",\"hello,\\r\\n\\r\\nworld,\",\"hello,\\r\\n\\r\\nworld,\\\"\\\"\\n\",\"hello,\\r\\n\\r\\nworld,\\\"\\\"\"};final String[][] res={{\"hello\",\"\"},{\"world\",\"\"}};for (final String code : codes) {  final CSVParser parser=CSVParser.parse(code,CSVFormat.DEFAULT);  final List<CSVRecord> records=parser.getRecords();  assertEquals(res.length,records.size());  assertTrue(records.size() > 0);  for (int i=0; i < res.length; i++) {    assertArrayEquals(res[i],records.get(i).values());  }}}", "fail": 0}, {"content": "public void testEndOfFileBehaviourExcel(){final String[] codes={\"hello,\\r\\n\\r\\nworld,\\r\\n\",\"hello,\\r\\n\\r\\nworld,\",\"hello,\\r\\n\\r\\nworld,\\\"\\\"\\r\\n\",\"hello,\\r\\n\\r\\nworld,\\\"\\\"\",\"hello,\\r\\n\\r\\nworld,\\n\",\"hello,\\r\\n\\r\\nworld,\",\"hello,\\r\\n\\r\\nworld,\\\"\\\"\\n\",\"hello,\\r\\n\\r\\nworld,\\\"\\\"\"};final String[][] res={{\"hello\",\"\"},{\"\"},{\"world\",\"\"}};for (final String code : codes) {  final CSVParser parser=CSVParser.parse(code,CSVFormat.EXCEL);  final List<CSVRecord> records=parser.getRecords();  assertEquals(res.length,records.size());  assertTrue(records.size() > 0);  for (int i=0; i < res.length; i++) {    assertArrayEquals(res[i],records.get(i).values());  }}}", "fail": 0}, {"content": "public void testExcelFormat1(){final String code=\"value1,value2,value3,value4\\r\\na,b,c,d\\r\\n  x,,,\" + \"\\r\\n\\r\\n\\\"\\\"\\\"hello\\\"\\\"\\\",\\\"  \\\"\\\"world\\\"\\\"\\\",\\\"abc\\ndef\\\",\\r\\n\";final String[][] res={{\"value1\",\"value2\",\"value3\",\"value4\"},{\"a\",\"b\",\"c\",\"d\"},{\"  x\",\"\",\"\",\"\"},{\"\"},{\"\\\"hello\\\"\",\"  \\\"world\\\"\",\"abc\\ndef\",\"\"}};final CSVParser parser=CSVParser.parse(code,CSVFormat.EXCEL);final List<CSVRecord> records=parser.getRecords();assertEquals(res.length,records.size());assertTrue(records.size() > 0);for (int i=0; i < res.length; i++) {  assertArrayEquals(res[i],records.get(i).values());}}", "fail": 0}, {"content": "public void testExcelFormat2(){final String code=\"foo,baar\\r\\n\\r\\nhello,\\r\\n\\r\\nworld,\\r\\n\";final String[][] res={{\"foo\",\"baar\"},{\"\"},{\"hello\",\"\"},{\"\"},{\"world\",\"\"}};final CSVParser parser=CSVParser.parse(code,CSVFormat.EXCEL);final List<CSVRecord> records=parser.getRecords();assertEquals(res.length,records.size());assertTrue(records.size() > 0);for (int i=0; i < res.length; i++) {  assertArrayEquals(res[i],records.get(i).values());}}", "fail": 0}, {"content": "public void testForEach(){final List<CSVRecord> records=new ArrayList<CSVRecord>();final Reader in=new StringReader(\"a,b,c\\n1,2,3\\nx,y,z\");for (final CSVRecord record : CSVFormat.DEFAULT.parse(in)) {  records.add(record);}assertEquals(3,records.size());assertArrayEquals(new String[]{\"a\",\"b\",\"c\"},records.get(0).values());assertArrayEquals(new String[]{\"1\",\"2\",\"3\"},records.get(1).values());assertArrayEquals(new String[]{\"x\",\"y\",\"z\"},records.get(2).values());}", "fail": 0}, {"content": "public void testGetHeaderMap(){final CSVParser parser=CSVParser.parse(\"a,b,c\\n1,2,3\\nx,y,z\",CSVFormat.DEFAULT.withHeader(\"A\",\"B\",\"C\"));final Map<String,Integer> headerMap=parser.getHeaderMap();final Iterator<String> columnNames=headerMap.keySet().iterator();Assert.assertEquals(\"A\",columnNames.next());Assert.assertEquals(\"B\",columnNames.next());Assert.assertEquals(\"C\",columnNames.next());final Iterator<CSVRecord> records=parser.iterator();for (int i=0; i < 3; i++) {  assertTrue(records.hasNext());  final CSVRecord record=records.next();  assertEquals(record.get(0),record.get(\"A\"));  assertEquals(record.get(1),record.get(\"B\"));  assertEquals(record.get(2),record.get(\"C\"));}assertFalse(records.hasNext());}", "fail": 0}, {"content": "public void testGetLine(){final CSVParser parser=CSVParser.parse(CSVINPUT,CSVFormat.DEFAULT.withIgnoreSurroundingSpaces(true));for (final String[] re : RESULT) {  assertArrayEquals(re,parser.nextRecord().values());}assertNull(parser.nextRecord());}", "fail": 0}, {"content": "public void testGetLineNumberWithCR(){this.validateLineNumbers(String.valueOf(CR));}", "fail": 0}, {"content": "public void testGetLineNumberWithCRLF(){this.validateLineNumbers(CRLF);}", "fail": 0}, {"content": "public void testGetLineNumberWithLF(){this.validateLineNumbers(String.valueOf(LF));}", "fail": 0}, {"content": "public void testGetRecordNumberWithCR(){this.validateRecordNumbers(String.valueOf(CR));}", "fail": 0}, {"content": "public void testGetRecordNumberWithCRLF(){this.validateRecordNumbers(CRLF);}", "fail": 0}, {"content": "public void testGetRecordNumberWithLF(){this.validateRecordNumbers(String.valueOf(LF));}", "fail": 0}, {"content": "public void testGetRecords(){final CSVParser parser=CSVParser.parse(CSVINPUT,CSVFormat.DEFAULT.withIgnoreSurroundingSpaces(true));final List<CSVRecord> records=parser.getRecords();assertEquals(RESULT.length,records.size());assertTrue(records.size() > 0);for (int i=0; i < RESULT.length; i++) {  assertArrayEquals(RESULT[i],records.get(i).values());}}", "fail": 0}, {"content": "public void testGetRecordWithMultiLineValues(){final CSVParser parser=CSVParser.parse(\"\\\"a\\r\\n1\\\",\\\"a\\r\\n2\\\"\" + CRLF + \"\\\"b\\r\\n1\\\",\\\"b\\r\\n2\\\"\"+ CRLF+ \"\\\"c\\r\\n1\\\",\\\"c\\r\\n2\\\"\",CSVFormat.DEFAULT.withRecordSeparator(CRLF));CSVRecord record;assertEquals(0,parser.getRecordNumber());assertEquals(0,parser.getCurrentLineNumber());assertNotNull(record=parser.nextRecord());assertEquals(3,parser.getCurrentLineNumber());assertEquals(1,record.getRecordNumber());assertEquals(1,parser.getRecordNumber());assertNotNull(record=parser.nextRecord());assertEquals(6,parser.getCurrentLineNumber());assertEquals(2,record.getRecordNumber());assertEquals(2,parser.getRecordNumber());assertNotNull(record=parser.nextRecord());assertEquals(8,parser.getCurrentLineNumber());assertEquals(3,record.getRecordNumber());assertEquals(3,parser.getRecordNumber());assertNull(record=parser.nextRecord());assertEquals(8,parser.getCurrentLineNumber());assertEquals(3,parser.getRecordNumber());}", "fail": 0}, {"content": "public void testHeader(){final Reader in=new StringReader(\"a,b,c\\n1,2,3\\nx,y,z\");final Iterator<CSVRecord> records=CSVFormat.DEFAULT.withHeader().parse(in).iterator();for (int i=0; i < 2; i++) {  assertTrue(records.hasNext());  final CSVRecord record=records.next();  assertEquals(record.get(0),record.get(\"a\"));  assertEquals(record.get(1),record.get(\"b\"));  assertEquals(record.get(2),record.get(\"c\"));}assertFalse(records.hasNext());}", "fail": 0}, {"content": "public void testHeaderComment(){final Reader in=new StringReader(\"# comment\\na,b,c\\n1,2,3\\nx,y,z\");final Iterator<CSVRecord> records=CSVFormat.DEFAULT.withCommentStart('#').withHeader().parse(in).iterator();for (int i=0; i < 2; i++) {  assertTrue(records.hasNext());  final CSVRecord record=records.next();  assertEquals(record.get(0),record.get(\"a\"));  assertEquals(record.get(1),record.get(\"b\"));  assertEquals(record.get(2),record.get(\"c\"));}assertFalse(records.hasNext());}", "fail": 0}, {"content": "public void testIgnoreEmptyLines(){final String code=\"\\nfoo,baar\\n\\r\\n,\\n\\n,world\\r\\n\\n\";final CSVParser parser=CSVParser.parse(code,CSVFormat.DEFAULT);final List<CSVRecord> records=parser.getRecords();assertEquals(3,records.size());}", "fail": 0}, {"content": "public void testInvalidFormat(){final CSVFormat invalidFormat=CSVFormat.DEFAULT.withDelimiter(CR);new CSVParser(null,invalidFormat).close();}", "fail": 0}, {"content": "public void testIterator(){final Reader in=new StringReader(\"a,b,c\\n1,2,3\\nx,y,z\");final Iterator<CSVRecord> iterator=CSVFormat.DEFAULT.parse(in).iterator();assertTrue(iterator.hasNext());try {  iterator.remove();  fail(\"expected UnsupportedOperationException\");} catch (final UnsupportedOperationException expected) {}assertArrayEquals(new String[]{\"a\",\"b\",\"c\"},iterator.next().values());assertArrayEquals(new String[]{\"1\",\"2\",\"3\"},iterator.next().values());assertTrue(iterator.hasNext());assertTrue(iterator.hasNext());assertTrue(iterator.hasNext());assertArrayEquals(new String[]{\"x\",\"y\",\"z\"},iterator.next().values());assertFalse(iterator.hasNext());try {  iterator.next();  fail(\"NoSuchElementException expected\");} catch (final NoSuchElementException e) {}}", "fail": 0}, {"content": "public void testLineFeedEndings(){final String code=\"foo\\nbaar,\\nhello,world\\n,kanu\";final CSVParser parser=CSVParser.parse(code,CSVFormat.DEFAULT);final List<CSVRecord> records=parser.getRecords();assertEquals(4,records.size());}", "fail": 0}, {"content": "public void testMappedButNotSetAsOutlook2007ContactExport(){final Reader in=new StringReader(\"a,b,c\\n1,2\\nx,y,z\");final Iterator<CSVRecord> records=CSVFormat.DEFAULT.withHeader(\"A\",\"B\",\"C\").withSkipHeaderRecord(true).parse(in).iterator();CSVRecord record;record=records.next();assertTrue(record.isMapped(\"A\"));assertTrue(record.isMapped(\"B\"));assertTrue(record.isMapped(\"C\"));assertTrue(record.isSet(\"A\"));assertTrue(record.isSet(\"B\"));assertFalse(record.isSet(\"C\"));assertEquals(\"1\",record.get(\"A\"));assertEquals(\"2\",record.get(\"B\"));assertFalse(record.isConsistent());record=records.next();assertTrue(record.isMapped(\"A\"));assertTrue(record.isMapped(\"B\"));assertTrue(record.isMapped(\"C\"));assertTrue(record.isSet(\"A\"));assertTrue(record.isSet(\"B\"));assertTrue(record.isSet(\"C\"));assertEquals(\"x\",record.get(\"A\"));assertEquals(\"y\",record.get(\"B\"));assertEquals(\"z\",record.get(\"C\"));assertTrue(record.isConsistent());assertFalse(records.hasNext());}", "fail": 0}, {"content": "public void testMultipleIterators(){final CSVParser parser=CSVParser.parse(\"a,b,c\" + CR + \"d,e,f\",CSVFormat.DEFAULT);final Iterator<CSVRecord> itr1=parser.iterator();final Iterator<CSVRecord> itr2=parser.iterator();final CSVRecord first=itr1.next();assertEquals(\"a\",first.get(0));assertEquals(\"b\",first.get(1));assertEquals(\"c\",first.get(2));final CSVRecord second=itr2.next();assertEquals(\"d\",second.get(0));assertEquals(\"e\",second.get(1));assertEquals(\"f\",second.get(2));}", "fail": 0}, {"content": "public void testNewCSVParserNullReaderFormat(){new CSVParser(null,CSVFormat.DEFAULT);}", "fail": 0}, {"content": "public void testNewCSVParserReaderNullFormat(){new CSVParser(new StringReader(\"\"),null);}", "fail": 0}, {"content": "public void testNoHeaderMap(){final CSVParser parser=CSVParser.parse(\"a,b,c\\n1,2,3\\nx,y,z\",CSVFormat.DEFAULT);Assert.assertNull(parser.getHeaderMap());}", "fail": 0}, {"content": "public void testParseFileNullFormat(){CSVParser.parse(new File(\"\"),null);}", "fail": 0}, {"content": "public void testParseNullFileFormat(){CSVParser.parse((File)null,CSVFormat.DEFAULT);}", "fail": 0}, {"content": "public void testParseNullStringFormat(){CSVParser.parse((String)null,CSVFormat.DEFAULT);}", "fail": 0}, {"content": "public void testParseNullUrlCharsetFormat(){CSVParser.parse(null,Charset.defaultCharset(),CSVFormat.DEFAULT);}", "fail": 0}, {"content": "public void testParseStringNullFormat(){CSVParser.parse(\"csv data\",null);}", "fail": 0}, {"content": "public void testParseUrlCharsetNullFormat(){CSVParser.parse(new URL(\"http://commons.apache.org\"),Charset.defaultCharset(),null);}", "fail": 0}, {"content": "public void testProvidedHeader(){final Reader in=new StringReader(\"a,b,c\\n1,2,3\\nx,y,z\");final Iterator<CSVRecord> records=CSVFormat.DEFAULT.withHeader(\"A\",\"B\",\"C\").parse(in).iterator();for (int i=0; i < 3; i++) {  assertTrue(records.hasNext());  final CSVRecord record=records.next();  assertTrue(record.isMapped(\"A\"));  assertTrue(record.isMapped(\"B\"));  assertTrue(record.isMapped(\"C\"));  assertFalse(record.isMapped(\"NOT MAPPED\"));  assertEquals(record.get(0),record.get(\"A\"));  assertEquals(record.get(1),record.get(\"B\"));  assertEquals(record.get(2),record.get(\"C\"));}assertFalse(records.hasNext());}", "fail": 0}, {"content": "public void testProvidedHeaderAuto(){final Reader in=new StringReader(\"a,b,c\\n1,2,3\\nx,y,z\");final Iterator<CSVRecord> records=CSVFormat.DEFAULT.withHeader().parse(in).iterator();for (int i=0; i < 2; i++) {  assertTrue(records.hasNext());  final CSVRecord record=records.next();  assertTrue(record.isMapped(\"a\"));  assertTrue(record.isMapped(\"b\"));  assertTrue(record.isMapped(\"c\"));  assertFalse(record.isMapped(\"NOT MAPPED\"));  assertEquals(record.get(0),record.get(\"a\"));  assertEquals(record.get(1),record.get(\"b\"));  assertEquals(record.get(2),record.get(\"c\"));}assertFalse(records.hasNext());}", "fail": 0}, {"content": "public void testRoundtrip(){final StringWriter out=new StringWriter();final CSVPrinter printer=new CSVPrinter(out,CSVFormat.DEFAULT);final String input=\"a,b,c\\r\\n1,2,3\\r\\nx,y,z\\r\\n\";for (final CSVRecord record : CSVParser.parse(input,CSVFormat.DEFAULT)) {  printer.printRecord(record);}assertEquals(input,out.toString());printer.close();}", "fail": 0}, {"content": "public void testSkipAutoHeader(){final Reader in=new StringReader(\"a,b,c\\n1,2,3\\nx,y,z\");final Iterator<CSVRecord> records=CSVFormat.DEFAULT.withHeader().parse(in).iterator();final CSVRecord record=records.next();assertEquals(\"1\",record.get(\"a\"));assertEquals(\"2\",record.get(\"b\"));assertEquals(\"3\",record.get(\"c\"));}", "fail": 0}, {"content": "public void testSkipSetHeader(){final Reader in=new StringReader(\"a,b,c\\n1,2,3\\nx,y,z\");final Iterator<CSVRecord> records=CSVFormat.DEFAULT.withHeader(\"a\",\"b\",\"c\").withSkipHeaderRecord(true).parse(in).iterator();final CSVRecord record=records.next();assertEquals(\"1\",record.get(\"a\"));assertEquals(\"2\",record.get(\"b\"));assertEquals(\"3\",record.get(\"c\"));}", "fail": 0}, {"content": "public void validateLineNumbers(final String lineSeparator){final CSVParser parser=CSVParser.parse(\"a\" + lineSeparator + \"b\"+ lineSeparator+ \"c\",CSVFormat.DEFAULT.withRecordSeparator(lineSeparator));assertEquals(0,parser.getCurrentLineNumber());assertNotNull(parser.nextRecord());assertEquals(1,parser.getCurrentLineNumber());assertNotNull(parser.nextRecord());assertEquals(2,parser.getCurrentLineNumber());assertNotNull(parser.nextRecord());assertEquals(2,parser.getCurrentLineNumber());assertNull(parser.nextRecord());assertEquals(2,parser.getCurrentLineNumber());}", "fail": 0}, {"content": "public void validateRecordNumbers(final String lineSeparator){final CSVParser parser=CSVParser.parse(\"a\" + lineSeparator + \"b\"+ lineSeparator+ \"c\",CSVFormat.DEFAULT.withRecordSeparator(lineSeparator));CSVRecord record;assertEquals(0,parser.getRecordNumber());assertNotNull(record=parser.nextRecord());assertEquals(1,record.getRecordNumber());assertEquals(1,parser.getRecordNumber());assertNotNull(record=parser.nextRecord());assertEquals(2,record.getRecordNumber());assertEquals(2,parser.getRecordNumber());assertNotNull(record=parser.nextRecord());assertEquals(3,record.getRecordNumber());assertEquals(3,parser.getRecordNumber());assertNull(record=parser.nextRecord());assertEquals(3,parser.getRecordNumber());}", "fail": 0}]